$MeshFormat
2.2 0 8
$EndMeshFormat
$Nodes
2601
1 0 0 0
2 1 0 0
3 1 1 0
4 0 1 0
5 0 0.09 0.6
6 1 -0.0290960610177153 0.7487497215678703
7 1.080536162915086 0.9709039389822847 0.5249042825061472
8 0.08053616291508579 1.09 0.6
9 0.06249999999987291 0 0
10 0.1249999999997731 0 0
11 0.1874999999995934 0 0
12 0.2499999999994109 0 0
13 0.3124999999992285 0 0
14 0.3749999999990461 0 0
15 0.4374999999988636 0 0
16 0.4999999999986921 0 0
17 0.562499999998846 0 0
18 0.6249999999990109 0 0
19 0.6874999999991758 0 0
20 0.7499999999993406 0 0
21 0.8124999999995055 0 0
22 0.8749999999996703 0 0
23 0.9374999999998351 0 0
24 1 0.06249999999987291 0
25 1 0.1249999999997731 0
26 1 0.1874999999995934 0
27 1 0.2499999999994109 0
28 1 0.3124999999992285 0
29 1 0.3749999999990461 0
30 1 0.4374999999988636 0
31 1 0.4999999999986921 0
32 1 0.562499999998846 0
33 1 0.6249999999990109 0
34 1 0.6874999999991758 0
35 1 0.7499999999993406 0
36 1 0.8124999999995055 0
37 1 0.8749999999996703 0
38 1 0.9374999999998351 0
39 0.9374999999997398 1 0
40 0.8749999999995012 1 0
41 0.8124999999999132 1 0
42 0.7500000000003471 1 0
43 0.6875000000007805 1 0
44 0.625000000001214 1 0
45 0.5625000000016476 1 0
46 0.5000000000020595 1 0
47 0.437500000001821 1 0
48 0.3750000000015609 1 0
49 0.3125000000013007 1 0
50 0.2500000000010405 1 0
51 0.1875000000007804 1 0
52 0.1250000000005203 1 0
53 0.06250000000026013 1 0
54 0 0.9374999999997398 0
55 0 0.8749999999995012 0
56 0 0.8124999999999132 0
57 0 0.7500000000003471 0
58 0 0.6875000000007805 0
59 0 0.625000000001214 0
60 0 0.5625000000016476 0
61 0 0.5000000000020595 0
62 0 0.437500000001821 0
63 0 0.3750000000015609 0
64 0 0.3125000000013007 0
65 0 0.2500000000010405 0
66 0 0.1875000000007804 0
67 0 0.1250000000005203 0
68 0 0.06250000000026013 0
69 0.06249999999987291 0.08936617503981523 0.6159075303491678
70 0.1249999999997731 0.08747362758326321 0.6316356484723095
71 0.1874999999995934 0.08434901415959981 0.6470069656345141
72 0.2499999999994109 0.08003634494613121 0.6618481172613769
73 0.3124999999992285 0.07459636388491313 0.675991718221969
74 0.3749999999990461 0.06810569310437947 0.6892782506730579
75 0.4374999999988636 0.0606557536967311 0.7015578631725291
76 0.4999999999986921 0.05235147805193144 0.7126920607708237
77 0.562499999998846 0.04330983188504226 0.7225552670188246
78 0.6249999999990109 0.03365816677436486 0.7310362402749379
79 0.6874999999991758 0.02353242641444626 0.7380393283381341
80 0.7499999999993406 0.01307523184929819 0.7434855472560989
81 0.8124999999995055 0.002433872655119758 0.747313472141493
82 0.8749999999996703 -0.008241767633252871 0.7494799299492427
83 0.9374999999998351 -0.01880132263180224 0.7499604864014072
84 1.015471586954653 0.03340393898215761 0.7474703365802851
85 1.03062401822556 0.09590393898205782 0.7436541894025398
86 1.045144721833044 0.1584039389818781 0.737366924815127
87 1.058734157393711 0.2209039389816956 0.7287166953825168
88 1.071111995190197 0.2834039389815132 0.717852301029288
89 1.08202289895371 0.3459039389813308 0.7049606294065665
90 1.091241793069111 0.4084039389811484 0.6902634410792136
91 1.098578505548004 0.4709039389809768 0.6740135548344822
92 1.103881690992255 0.5334039389811307 0.656490498731793
93 1.107041952622974 0.5959039389812956 0.6379957017040417
94 1.107994098972433 0.6584039389814604 0.6188473084229195
95 1.106718488686447 0.7209039389816253 0.5993747066229678
96 1.10324143569611 0.7834039389817902 0.5799128610241168
97 1.097634666400777 0.8459039389819549 0.5607965513197688
98 1.090013840059797 0.9084039389821198 0.5423546133476818
99 1.018036162914826 0.9811986773682138 0.5242930325963493
100 0.955536162914587 0.991758232366776 0.524535639649267
101 0.893036162914999 1.00243387265505 0.5256293674342777
102 0.8305361629154329 1.013075231849128 0.5275618804013419
103 0.7680361629158663 1.023532426414181 0.5303113828068314
104 0.7055361629162998 1.033658166774015 0.5338468645356486
105 0.6430361629167334 1.043309831884622 0.5381284508471431
106 0.5805361629171453 1.052351478051463 0.543107852100233
107 0.5180361629169068 1.060655753696357 0.5487289083855831
108 0.4555361629166467 1.068105693104098 0.5549282229219569
109 0.3930361629163865 1.074596363884715 0.5616358770735589
110 0.3305361629161263 1.080036344946004 0.5687762189235676
111 0.2680361629158662 1.084349014159529 0.5762687165102111
112 0.2055361629156061 1.087473627583233 0.5840288661021701
113 0.1430361629153459 1.089366175039807 0.5919691452693691
114 0.09001384005980964 1.02749999999974 0.6
115 0.09763466640079492 0.9649999999995011 0.6
116 0.10324143569608 0.9024999999999131 0.6
117 0.1067184886864088 0.840000000000347 0.6
118 0.1079940989724287 0.7775000000007805 0.6
119 0.1070419526230463 0.715000000001214 0.6
120 0.1038816909924457 0.6525000000016475 0.6
121 0.09857850554834524 0.5900000000020594 0.6
122 0.09124179306950443 0.527500000001821 0.6
123 0.08202289895411669 0.4650000000015608 0.6
124 0.07111199519058446 0.4025000000013007 0.6
125 0.05873415739405029 0.3400000000010405 0.6
126 0.04514472183331177 0.2775000000007803 0.6
127 0.03062401822573803 0.2150000000005202 0.6
128 0.01547158695474817 0.1525000000002601 0.6
129 0 0.01125 0.075
130 0 0.0225 0.15
131 0 0.03375 0.225
132 0 0.045 0.3
133 0 0.05624999999999999 0.375
134 0 0.06749999999999999 0.45
135 0 0.07875 0.525
136 1 -0.003637007627214413 0.09359371519598379
137 1 -0.007274015254428825 0.1871874303919676
138 1 -0.01091102288164324 0.2807811455879514
139 1 -0.01454803050885765 0.3743748607839352
140 1 -0.01818503813607206 0.4679685759799189
141 1 -0.02182204576328647 0.5615622911759027
142 1 -0.02545905339050089 0.6551560063718865
143 1.010067020364386 0.9963629923727856 0.0656130353132684
144 1.020134040728771 0.9927259847455712 0.1312260706265368
145 1.030201061093157 0.9890889771183567 0.1968391059398052
146 1.040268081457543 0.9854519694911423 0.2624521412530736
147 1.050335101821929 0.9818149618639279 0.328065176566342
148 1.060402122186314 0.9781779542367135 0.3936782118796104
149 1.0704691425507 0.9745409466094991 0.4592912471928788
150 0.01006702036438572 1.01125 0.075
151 0.02013404072877145 1.0225 0.15
152 0.03020106109315717 1.03375 0.225
153 0.0402680814575429 1.045 0.3
154 0.05033510182192863 1.05625 0.375
155 0.06040212218631434 1.0675 0.45
156 0.07046914255070008 1.07875 0.525
157 0.06249999999989712 0.06250000000023592 0
158 0.06249999999992131 0.1250000000004736 0
159 0.06249999999994552 0.1875000000007062 0
160 0.06249999999996972 0.2500000000009386 0
161 0.06249999999999392 0.3125000000011712 0
162 0.06250000000001812 0.3750000000014037 0
163 0.06250000000004233 0.4375000000016362 0
164 0.06250000000006653 0.5000000000018491 0
165 0.06250000000009073 0.5625000000014725 0
166 0.06250000000011494 0.6250000000010764 0
167 0.06250000000013914 0.6875000000006801 0
168 0.06250000000016331 0.750000000000284 0
169 0.06250000000018752 0.8124999999998876 0
170 0.06250000000021172 0.8749999999995119 0
171 0.06250000000023592 0.9374999999997459 0
172 0.1249999999998198 0.06250000000021172 0
173 0.1249999999998665 0.1250000000004269 0
174 0.1249999999999132 0.187500000000632 0
175 0.1249999999999599 0.2500000000008368 0
176 0.1250000000000066 0.3125000000010417 0
177 0.1250000000000533 0.3750000000012464 0
178 0.1250000000001 0.4375000000014513 0
179 0.1250000000001467 0.5000000000016386 0
180 0.1250000000001934 0.5625000000012973 0
181 0.1250000000002401 0.6250000000009387 0
182 0.1250000000002867 0.6875000000005799 0
183 0.1250000000003335 0.750000000000221 0
184 0.1250000000003802 0.8124999999998621 0
185 0.1250000000004269 0.8749999999995223 0
186 0.1250000000004736 0.9374999999997516 0
187 0.1874999999996675 0.06250000000018752 0
188 0.1874999999997418 0.1250000000003801 0
189 0.187499999999816 0.1875000000005579 0
190 0.1874999999998901 0.250000000000735 0
191 0.1874999999999643 0.3125000000009122 0
192 0.1875000000000385 0.3750000000010893 0
193 0.1875000000001127 0.4375000000012665 0
194 0.1875000000001869 0.5000000000014281 0
195 0.1875000000002611 0.5625000000011223 0
196 0.1875000000003352 0.625000000000801 0
197 0.1875000000004095 0.6875000000004798 0
198 0.1875000000004837 0.7500000000001584 0
199 0.1875000000005578 0.8124999999998368 0
200 0.187500000000632 0.8749999999995329 0
201 0.1875000000007062 0.9374999999997577 0
202 0.2499999999995128 0.06250000000016331 0
203 0.2499999999996147 0.1250000000003335 0
204 0.2499999999997164 0.1875000000004836 0
205 0.2499999999998184 0.2500000000006332 0
206 0.2499999999999202 0.3125000000007827 0
207 0.250000000000022 0.3750000000009321 0
208 0.2500000000001238 0.4375000000010816 0
209 0.2500000000002258 0.5000000000012177 0
210 0.2500000000003276 0.5625000000009472 0
211 0.2500000000004294 0.6250000000006634 0
212 0.2500000000005313 0.6875000000003794 0
213 0.2500000000006331 0.7500000000000955 0
214 0.2500000000007349 0.8124999999998113 0
215 0.2500000000008367 0.8749999999995436 0
216 0.2500000000009386 0.9374999999997636 0
217 0.312499999999358 0.06250000000013914 0
218 0.3124999999994875 0.1250000000002867 0
219 0.3124999999996171 0.1875000000004095 0
220 0.3124999999997466 0.2500000000005312 0
221 0.3124999999998761 0.3125000000006531 0
222 0.3125000000000056 0.375000000000775 0
223 0.3125000000001351 0.4375000000008968 0
224 0.3125000000002647 0.5000000000010071 0
225 0.3125000000003941 0.5625000000007719 0
226 0.3125000000005236 0.6250000000005257 0
227 0.3125000000006531 0.687500000000279 0
228 0.3125000000007827 0.7500000000000325 0
229 0.3125000000009122 0.8124999999997857 0
230 0.3125000000010416 0.8749999999995541 0
231 0.3125000000011713 0.9374999999997697 0
232 0.3749999999992032 0.06250000000011494 0
233 0.3749999999993604 0.1250000000002401 0
234 0.3749999999995176 0.1875000000003352 0
235 0.3749999999996748 0.2500000000004294 0
236 0.3749999999998321 0.3125000000005236 0
237 0.374999999999989 0.3750000000006178 0
238 0.3750000000001463 0.437500000000712 0
239 0.3750000000003035 0.5000000000007966 0
240 0.3750000000004607 0.562500000000597 0
241 0.3750000000006179 0.6250000000003879 0
242 0.375000000000775 0.6875000000001785 0
243 0.3750000000009321 0.7499999999999697 0
244 0.3750000000010893 0.8124999999997604 0
245 0.3750000000012465 0.8749999999995648 0
246 0.3750000000014037 0.9374999999997755 0
247 0.4374999999990484 0.06250000000009073 0
248 0.4374999999992333 0.1250000000001934 0
249 0.4374999999994181 0.1875000000002611 0
250 0.437499999999603 0.2500000000003276 0
251 0.4374999999997878 0.3125000000003941 0
252 0.4374999999999726 0.3750000000004607 0
253 0.4375000000001574 0.4375000000005271 0
254 0.4375000000003423 0.5000000000005861 0
255 0.4375000000005272 0.562500000000422 0
256 0.4375000000007119 0.6250000000002504 0
257 0.4375000000008968 0.6875000000000783 0
258 0.4375000000010817 0.7499999999999066 0
259 0.4375000000012664 0.8124999999997349 0
260 0.4375000000014513 0.874999999999575 0
261 0.4375000000016361 0.9374999999997813 0
262 0.4999999999989027 0.06250000000006653 0
263 0.4999999999991129 0.1250000000001467 0
264 0.4999999999993235 0.1875000000001869 0
265 0.4999999999995339 0.2500000000002257 0
266 0.4999999999997445 0.3125000000002647 0
267 0.4999999999999548 0.3750000000003035 0
268 0.5000000000001653 0.4375000000003423 0
269 0.5000000000003758 0.5000000000003758 0
270 0.5000000000005863 0.5625000000002468 0
271 0.5000000000007968 0.6250000000001125 0
272 0.5000000000010071 0.6874999999999781 0
273 0.5000000000012176 0.7499999999998438 0
274 0.5000000000014281 0.8124999999997093 0
275 0.5000000000016386 0.8749999999995857 0
276 0.5000000000018491 0.9374999999997876 0
277 0.5624999999990211 0.06250000000004233 0
278 0.5624999999991961 0.1250000000001 0
279 0.5624999999993713 0.1875000000001127 0
280 0.5624999999995466 0.250000000000124 0
281 0.5624999999997214 0.3125000000001351 0
282 0.5624999999998966 0.3750000000001463 0
283 0.5625000000000718 0.4375000000001574 0
284 0.5625000000002468 0.5000000000001653 0
285 0.562500000000422 0.5625000000000716 0
286 0.562500000000597 0.6249999999999746 0
287 0.5625000000007722 0.687499999999878 0
288 0.5625000000009471 0.749999999999781 0
289 0.5625000000011223 0.8124999999996838 0
290 0.5625000000012973 0.8749999999995963 0
291 0.5625000000014725 0.9374999999997934 0
292 0.6249999999991486 0.06250000000001812 0
293 0.6249999999992862 0.1250000000000533 0
294 0.6249999999994239 0.1875000000000385 0
295 0.6249999999995616 0.250000000000022 0
296 0.6249999999996995 0.3125000000000056 0
297 0.624999999999837 0.3749999999999891 0
298 0.6249999999999748 0.4374999999999727 0
299 0.6250000000001125 0.4999999999999548 0
300 0.6250000000002501 0.5624999999998966 0
301 0.6250000000003878 0.6249999999998369 0
302 0.6250000000005255 0.6874999999997776 0
303 0.6250000000006634 0.7499999999997179 0
304 0.625000000000801 0.8124999999996583 0
305 0.6250000000009387 0.874999999999607 0
306 0.6250000000010764 0.9374999999997996 0
307 0.6874999999992761 0.06249999999999392 0
308 0.6874999999993766 0.1250000000000066 0
309 0.6874999999994766 0.1874999999999643 0
310 0.6874999999995769 0.2499999999999201 0
311 0.6874999999996773 0.3124999999998761 0
312 0.6874999999997775 0.374999999999832 0
313 0.687499999999878 0.4374999999997878 0
314 0.6874999999999781 0.4999999999997445 0
315 0.6875000000000783 0.5624999999997217 0
316 0.6875000000001786 0.6249999999996992 0
317 0.687500000000279 0.6874999999996773 0
318 0.6875000000003794 0.7499999999996553 0
319 0.6875000000004797 0.812499999999633 0
320 0.6875000000005799 0.8749999999996174 0
321 0.6875000000006802 0.9374999999998054 0
322 0.7499999999994034 0.06249999999996972 0
323 0.7499999999994665 0.1249999999999599 0
324 0.7499999999995292 0.1874999999998901 0
325 0.7499999999995921 0.2499999999998183 0
326 0.7499999999996553 0.3124999999997465 0
327 0.7499999999997179 0.3749999999996749 0
328 0.749999999999781 0.437499999999603 0
329 0.7499999999998438 0.4999999999995339 0
330 0.7499999999999069 0.5624999999995463 0
331 0.7499999999999697 0.6249999999995616 0
332 0.7500000000000325 0.6874999999995769 0
333 0.7500000000000953 0.7499999999995921 0
334 0.7500000000001584 0.8124999999996074 0
335 0.7500000000002213 0.8749999999996279 0
336 0.7500000000002841 0.9374999999998112 0
337 0.812499999999531 0.06249999999994552 0
338 0.8124999999995566 0.1249999999999132 0
339 0.8124999999995821 0.1874999999998159 0
340 0.8124999999996072 0.2499999999997165 0
341 0.812499999999633 0.3124999999996171 0
342 0.8124999999996583 0.3749999999995177 0
343 0.812499999999684 0.4374999999994181 0
344 0.8124999999997093 0.4999999999993235 0
345 0.8124999999997349 0.5624999999993713 0
346 0.8124999999997602 0.6249999999994239 0
347 0.8124999999997857 0.6874999999994765 0
348 0.8124999999998113 0.7499999999995294 0
349 0.8124999999998368 0.8124999999995819 0
350 0.8124999999998623 0.8749999999996385 0
351 0.8124999999998879 0.9374999999998174 0
352 0.8749999999996598 0.06249999999992131 0
353 0.8749999999996488 0.1249999999998665 0
354 0.8749999999996384 0.1874999999997418 0
355 0.874999999999628 0.2499999999996146 0
356 0.8749999999996174 0.3124999999994875 0
357 0.874999999999607 0.3749999999993605 0
358 0.8749999999995963 0.4374999999992333 0
359 0.8749999999995857 0.499999999999113 0
360 0.8749999999995752 0.5624999999991963 0
361 0.8749999999995646 0.6249999999992862 0
362 0.8749999999995541 0.6874999999993762 0
363 0.8749999999995435 0.7499999999994665 0
364 0.8749999999995328 0.8124999999995566 0
365 0.8749999999995222 0.8749999999996492 0
366 0.8749999999995117 0.9374999999998231 0
367 0.9374999999998294 0.06249999999989711 0
368 0.9374999999998234 0.1249999999998198 0
369 0.9374999999998173 0.1874999999996675 0
370 0.9374999999998112 0.2499999999995128 0
371 0.9374999999998053 0.3124999999993581 0
372 0.9374999999997993 0.3749999999992032 0
373 0.9374999999997933 0.4374999999990485 0
374 0.9374999999997874 0.4999999999989025 0
375 0.9374999999997816 0.5624999999990211 0
376 0.9374999999997756 0.6249999999991486 0
377 0.9374999999997696 0.687499999999276 0
378 0.9374999999997636 0.7499999999994035 0
379 0.9374999999997574 0.8124999999995308 0
380 0.9374999999997516 0.8749999999996598 0
381 0.9374999999997459 0.9374999999998294 0
382 0.06249999999987291 0.0111707718799769 0.07698844129364597
383 0.06249999999987291 0.02234154375995381 0.1539768825872919
384 0.06249999999987291 0.03351231563993071 0.2309653238809379
385 0.06249999999987291 0.04468308751990761 0.3079537651745839
386 0.06249999999987291 0.05585385939988451 0.3849422064682299
387 0.06249999999987291 0.06702463127986141 0.4619306477618758
388 0.06249999999987291 0.07819540315983832 0.5389190890555219
389 0.1249999999997731 0.0109342034479079 0.07895445605903868
390 0.1249999999997731 0.0218684068958158 0.1579089121180774
391 0.1249999999997731 0.03280261034372371 0.2368633681771161
392 0.1249999999997731 0.04373681379163161 0.3158178242361547
393 0.1249999999997731 0.05467101723953951 0.3947722802951935
394 0.1249999999997731 0.06560522068744741 0.4737267363542321
395 0.1249999999997731 0.07653942413535532 0.5526811924132708
396 0.1874999999995934 0.01054362676994998 0.08087587070431426
397 0.1874999999995934 0.02108725353989995 0.1617517414086285
398 0.1874999999995934 0.03163088030984992 0.2426276121129428
399 0.1874999999995934 0.0421745070797999 0.323503482817257
400 0.1874999999995934 0.05271813384974987 0.4043793535215713
401 0.1874999999995934 0.06326176061969985 0.4852552242258856
402 0.1874999999995934 0.07380538738964984 0.5661310949301999
403 0.2499999999994109 0.0100045431182664 0.08273101465767212
404 0.2499999999994109 0.0200090862365328 0.1654620293153442
405 0.2499999999994109 0.0300136293547992 0.2481930439730163
406 0.2499999999994109 0.04001817247306561 0.3309240586306885
407 0.2499999999994109 0.050022715591332 0.4136550732883606
408 0.2499999999994109 0.0600272587095984 0.4963860879460326
409 0.2499999999994109 0.07003180182786481 0.5791171026037049
410 0.3124999999992285 0.009324545485614141 0.08449896477774613
411 0.3124999999992285 0.01864909097122828 0.1689979295554923
412 0.3124999999992285 0.02797363645684242 0.2534968943332384
413 0.3124999999992285 0.03729818194245656 0.3379958591109845
414 0.3124999999992285 0.0466227274280707 0.4224948238887307
415 0.3124999999992285 0.05594727291368484 0.5069937886664767
416 0.3124999999992285 0.06527181839929899 0.5914927534442229
417 0.3749999999990461 0.008513211638047434 0.08615978133413224
418 0.3749999999990461 0.01702642327609487 0.1723195626682645
419 0.3749999999990461 0.0255396349141423 0.2584793440023967
420 0.3749999999990461 0.03405284655218974 0.344639125336529
421 0.3749999999990461 0.04256605819023717 0.4307989066706612
422 0.3749999999990461 0.0510792698282846 0.5169586880047934
423 0.3749999999990461 0.05959248146633205 0.6031184693389257
424 0.4374999999988636 0.007581969212091388 0.08769473289656614
425 0.4374999999988636 0.01516393842418278 0.1753894657931323
426 0.4374999999988636 0.02274590763627416 0.2630841986896984
427 0.4374999999988636 0.03032787684836555 0.3507789315862646
428 0.4374999999988636 0.03790984606045694 0.4384736644828308
429 0.4374999999988636 0.04549181527254832 0.5261683973793968
430 0.4374999999988636 0.05307378448463972 0.6138631302759631
431 0.4999999999986921 0.00654393475649143 0.08908650759635296
432 0.4999999999986921 0.01308786951298286 0.1781730151927059
433 0.4999999999986921 0.01963180426947429 0.2672595227890589
434 0.4999999999986921 0.02617573902596572 0.3563460303854118
435 0.4999999999986921 0.03271967378245715 0.4454325379817649
436 0.4999999999986921 0.03926360853894857 0.5345190455781178
437 0.4999999999986921 0.04580754329544 0.6236055531744709
438 0.562499999998846 0.005413728985630283 0.09031940837735307
439 0.562499999998846 0.01082745797126057 0.1806388167547061
440 0.562499999998846 0.01624118695689085 0.2709582251320592
441 0.562499999998846 0.02165491594252113 0.3612776335094123
442 0.562499999998846 0.02706864492815141 0.4515970418867654
443 0.562499999998846 0.03248237391378169 0.5419164502641184
444 0.562499999998846 0.03789610289941198 0.6322358586414716
445 0.6249999999990109 0.004207270846795608 0.09137953003436723
446 0.6249999999990109 0.008414541693591215 0.1827590600687345
447 0.6249999999990109 0.01262181254038682 0.2741385901031017
448 0.6249999999990109 0.01682908338718243 0.3655181201374689
449 0.6249999999990109 0.02103635423397804 0.4568976501718361
450 0.6249999999990109 0.02524362508077364 0.5482771802062033
451 0.6249999999990109 0.02945089592756925 0.6396567102405707
452 0.6874999999991758 0.002941553301805783 0.09225491604226677
453 0.6874999999991758 0.005883106603611566 0.1845098320845335
454 0.6874999999991758 0.008824659905417347 0.2767647481268003
455 0.6874999999991758 0.01176621320722313 0.3690196641690671
456 0.6874999999991758 0.01470776650902891 0.4612745802113338
457 0.6874999999991758 0.01764931981083469 0.5535294962536006
458 0.6874999999991758 0.02059087311264048 0.6457844122958674
459 0.7499999999993406 0.001634403981162274 0.09293569340701237
460 0.7499999999993406 0.003268807962324548 0.1858713868140247
461 0.7499999999993406 0.004903211943486822 0.2788070802210371
462 0.7499999999993406 0.006537615924649096 0.3717427736280495
463 0.7499999999993406 0.008172019905811369 0.4646784670350618
464 0.7499999999993406 0.009806423886973644 0.5576141604420741
465 0.7499999999993406 0.01144082786813592 0.6505498538490866
466 0.8124999999995055 0.0003042340818899697 0.09341418401768663
467 0.8124999999995055 0.0006084681637799394 0.1868283680353733
468 0.8124999999995055 0.0009127022456699089 0.2802425520530599
469 0.8124999999995055 0.001216936327559879 0.3736567360707465
470 0.8124999999995055 0.001521170409449848 0.4670709200884332
471 0.8124999999995055 0.001825404491339818 0.5604851041061197
472 0.8124999999995055 0.002129638573229788 0.6538992881238065
473 0.8749999999996703 -0.001030220954156609 0.09368499124365534
474 0.8749999999996703 -0.002060441908313218 0.1873699824873107
475 0.8749999999996703 -0.003090662862469826 0.281054973730966
476 0.8749999999996703 -0.004120883816626435 0.3747399649746214
477 0.8749999999996703 -0.005151104770783043 0.4684249562182767
478 0.8749999999996703 -0.006181325724939652 0.562109947461932
479 0.8749999999996703 -0.007211546679096262 0.6557949387055874
480 0.9374999999998351 -0.002350165328975281 0.0937450608001759
481 0.9374999999998351 -0.004700330657950561 0.1874901216003518
482 0.9374999999998351 -0.007050495986925841 0.2812351824005277
483 0.9374999999998351 -0.009400661315901122 0.3749802432007036
484 0.9374999999998351 -0.0117508266448764 0.4687253040008795
485 0.9374999999998351 -0.01410099197385168 0.5624703648010554
486 0.9374999999998351 -0.01645115730282696 0.6562154256012314
487 1.001933948369332 0.0588629923726585 0.09343379207253563
488 1.003867896738663 0.05522598474544409 0.1868675841450713
489 1.005801845107995 0.05158897711822968 0.2803013762176069
490 1.007735793477327 0.04795196949101527 0.3737351682901425
491 1.009669741846658 0.04431496186380085 0.4671689603626782
492 1.01160369021599 0.04067795423658644 0.5606027524352137
493 1.013537638585321 0.03704094660937202 0.6540365445077494
494 1.003828002278195 0.1213629923725587 0.09295677367531748
495 1.00765600455639 0.1177259847453443 0.185913547350635
496 1.011484006834585 0.1140889771181299 0.2788703210259524
497 1.01531200911278 0.1104519694909155 0.3718270947012699
498 1.019140011390975 0.1068149618637011 0.4647838683765874
499 1.02296801366917 0.1031779542364866 0.5577406420519048
500 1.026796015947365 0.09954094660927222 0.6506974157272223
501 1.00564309022913 0.183862992372379 0.09217086560189088
502 1.011286180458261 0.1802259847451645 0.1843417312037818
503 1.016929270687391 0.1765889771179501 0.2765125968056726
504 1.022572360916522 0.1729519694907357 0.3686834624075635
505 1.028215451145652 0.1693149618635213 0.4608543280094544
506 1.033858541374783 0.1656779542363069 0.5530251936113452
507 1.039501631603913 0.1620409466090925 0.6451960592132361
508 1.007341769674214 0.2463629923721965 0.0910895869228146
509 1.014683539348428 0.2427259847449821 0.1821791738456292
510 1.022025309022641 0.2390889771177677 0.2732687607684438
511 1.029367078696855 0.2354519694905533 0.3643583476912584
512 1.036708848371069 0.2318149618633389 0.455447934614073
513 1.044050618045283 0.2281779542361245 0.5465375215368876
514 1.051392387719497 0.2245409466089101 0.6376271084597023
515 1.008888999398775 0.3088629923720141 0.089731537628661
516 1.017777998797549 0.3052259847447997 0.179463075257322
517 1.026666998196324 0.3015889771175853 0.269194612885983
518 1.035555997595099 0.2979519694903708 0.358926150514644
519 1.044444996993873 0.2943149618631564 0.448657688143305
520 1.053333996392648 0.290677954235942 0.538389225771966
521 1.062222995791422 0.2870409466087276 0.6281207634006271
522 1.010252862369214 0.3713629923718317 0.08812007867582081
523 1.020505724738427 0.3677259847446173 0.1762401573516416
524 1.030758587107641 0.3640889771174028 0.2643602360274624
525 1.041011449476855 0.3604519694901884 0.3524803147032832
526 1.051264311846069 0.356814961862974 0.4406003933791041
527 1.061517174215283 0.3531779542357596 0.5287204720549248
528 1.071770036584496 0.3495409466085452 0.6168405507307457
529 1.011405224133639 0.4338629923716492 0.08628293013490169
530 1.022810448267278 0.4302259847444348 0.1725658602698034
531 1.034215672400917 0.4265889771172204 0.2588487904047051
532 1.045620896534556 0.422951969490006 0.3451317205396068
533 1.057026120668195 0.4193149618627915 0.4314146506745085
534 1.068431344801833 0.4156779542355772 0.5176975808094102
535 1.079836568935473 0.4120409466083628 0.6039805109443119
536 1.0123223131935 0.4963629923714777 0.08425169435431028
537 1.024644626387001 0.4927259847442633 0.1685033887086206
538 1.036966939580501 0.4890889771170489 0.2527550830629308
539 1.049289252774002 0.4854519694898344 0.3370067774172411
540 1.061611565967502 0.48181496186262 0.4212584717715514
541 1.073933879161003 0.4781779542354057 0.5055101661258616
542 1.086256192354503 0.4745409466081912 0.589761860480172
543 1.012985211374032 0.5588629923716316 0.08206131234147412
544 1.025970422748064 0.5552259847444172 0.1641226246829482
545 1.038955634122096 0.5515889771172028 0.2461839370244224
546 1.051940845496128 0.5479519694899884 0.3282452493658965
547 1.06492605687016 0.5443149618627739 0.4103065617073707
548 1.077911268244192 0.5406779542355595 0.4923678740488447
549 1.090896479618223 0.5370409466083451 0.5744291863903189
550 1.013380244077872 0.6213629923717965 0.07974946271300522
551 1.026760488155744 0.6177259847445821 0.1594989254260104
552 1.040140732233615 0.6140889771173677 0.2392483881390156
553 1.053520976311487 0.6104519694901532 0.3189978508520209
554 1.066901220389358 0.6068149618629388 0.3987473135650261
555 1.08028146446723 0.6031779542357244 0.4784967762780312
556 1.093661708545102 0.59954094660851 0.5582462389910365
557 1.013499262371554 0.6838629923719614 0.07735591355286493
558 1.026998524743108 0.6802259847447469 0.1547118271057299
559 1.040497787114662 0.6765889771175325 0.2320677406585948
560 1.053997049486217 0.6729519694903181 0.3094236542114597
561 1.06749631185777 0.6693149618631037 0.3867795677643246
562 1.080995574229325 0.6656779542358893 0.4641354813171895
563 1.094494836600879 0.6620409466086749 0.5414913948700545
564 1.013339811085806 0.7463629923721262 0.07492183832787097
565 1.026679622171612 0.7427259847449118 0.1498436766557419
566 1.040019433257418 0.7390889771176974 0.2247655149836129
567 1.053359244343224 0.735451969490483 0.2996873533114839
568 1.066699055429029 0.7318149618632686 0.3746091916393549
569 1.080038866514835 0.7281779542360541 0.4495310299672258
570 1.093378677600641 0.7245409466088397 0.5244528682950969
571 1.012905179462014 0.8088629923722911 0.0724891076280146
572 1.025810358924027 0.8052259847450767 0.1449782152560292
573 1.038715538386041 0.8015889771178623 0.2174673228840438
574 1.051620717848055 0.7979519694906478 0.2899564305120584
575 1.064525897310069 0.7943149618634334 0.362445538140073
576 1.077431076772082 0.790677954236219 0.4349346457680875
577 1.090336256234096 0.7870409466090046 0.5074237533961022
578 1.012204333300097 0.8713629923724558 0.0700995689149711
579 1.024408666600194 0.8677259847452414 0.1401991378299422
580 1.036612999900291 0.864088977118027 0.2102987067449133
581 1.048817333200389 0.8604519694908126 0.2803982756598844
582 1.061021666500486 0.8568149618635982 0.3504978445748556
583 1.073225999800583 0.8531779542363838 0.4205974134898266
584 1.08543033310068 0.8495409466091693 0.4906969824047978
585 1.011251730007475 0.9338629923726207 0.06779432666846022
586 1.022503460014949 0.9302259847454063 0.1355886533369204
587 1.033755190022424 0.9265889771181919 0.2033829800053806
588 1.045006920029898 0.9229519694909775 0.2711773066738409
589 1.056258650037373 0.919314961863763 0.3389716333423011
590 1.067510380044847 0.9156779542365486 0.4067659600107613
591 1.078762110052322 0.9120409466093342 0.4745602866792216
592 0.9475670203641254 0.9976498346710267 0.06553662907454366
593 0.9576340407285112 0.9952996693420534 0.1310732581490873
594 0.9677010610928969 0.9929495040130801 0.196609887223631
595 0.9777680814572827 0.9905993386841069 0.2621465162981746
596 0.9878351018216684 0.9882491733551335 0.3276831453727183
597 0.9979021221860541 0.9858990080261603 0.393219774447262
598 1.00796914255044 0.983548842697187 0.4587564035218057
599 0.8850670203638868 0.9989697790458469 0.06556695495615837
600 0.8951340407282726 0.997939558091694 0.1311339099123167
601 0.9052010610926583 0.9969093371375409 0.1967008648684751
602 0.9152680814570441 0.995879116183388 0.2622678198246335
603 0.9253351018214298 0.9948488952292349 0.3278347747807919
604 0.9354021221858155 0.993818674275082 0.3934017297369503
605 0.9454691425502013 0.9927884533209289 0.4589686846931087
606 0.8225670203642989 1.000304234081881 0.06570367092928471
607 0.8326340407286846 1.000608468163763 0.1314073418585694
608 0.8427010610930703 1.000912702245644 0.1971110127878541
609 0.8527680814574561 1.001216936327525 0.2628146837171388
610 0.8628351018218419 1.001521170409406 0.3285183546464235
611 0.8729021221862275 1.001825404491288 0.3942220255757082
612 0.8829691425506132 1.002129638573169 0.459925696504993
613 0.7600670203647327 1.001634403981141 0.06594523505016774
614 0.7701340407291185 1.003268807962282 0.1318904701003355
615 0.7802010610935042 1.004903211943423 0.1978357051505032
616 0.79026808145789 1.006537615924564 0.2637809402006709
617 0.8003351018222757 1.008172019905705 0.3297261752508387
618 0.8104021221866614 1.009806423886846 0.3956714103010064
619 0.8204691425510471 1.011440827867987 0.4616166453511742
620 0.6975670203651662 1.002941553301773 0.06628892285085393
621 0.7076340407295519 1.005883106603545 0.1325778457017079
622 0.7177010610939376 1.008824659905318 0.1988667685525618
623 0.7277680814583234 1.011766213207091 0.2651556914034157
624 0.7378351018227092 1.014707766508863 0.3314446142542696
625 0.7479021221870948 1.017649319810636 0.3977335371051235
626 0.7579691425514805 1.020590873112409 0.4640224599559775
627 0.6350670203655997 1.004207270846752 0.06673085806695607
628 0.6451340407299855 1.008414541693504 0.1334617161339121
629 0.6552010610943712 1.012621812540256 0.2001925742008682
630 0.6652680814587569 1.016829083387008 0.2669234322678243
631 0.6753351018231426 1.02103635423376 0.3336542903347804
632 0.6854021221875284 1.025243625080512 0.4003851484017364
633 0.6954691425519142 1.029450895927263 0.4671160064686926
634 0.5725670203660332 1.005413728985578 0.06726605635589289
635 0.582634040730419 1.010827457971156 0.1345321127117858
636 0.5927010610948047 1.016241186956733 0.2017981690676786
637 0.6027680814591905 1.021654915942311 0.2690642254235716
638 0.6128351018235763 1.027068644927889 0.3363302817794644
639 0.6229021221879619 1.032482373913467 0.4035963381353573
640 0.6329691425523476 1.037896102899045 0.4708623944912502
641 0.5100670203664451 1.006543934756433 0.06788848151252913
642 0.5201340407308309 1.013087869512866 0.1357769630250583
643 0.5302010610952166 1.019631804269299 0.2036654445375874
644 0.5402680814596024 1.026175739025732 0.2715539260501165
645 0.5503351018239881 1.032719673782164 0.3394424075626457
646 0.5604021221883738 1.039263608538597 0.4073308890751748
647 0.5704691425527595 1.04580754329503 0.475219370587704
648 0.4475670203662067 1.007581969212045 0.06859111354819789
649 0.4576340407305924 1.015163938424089 0.1371822270963958
650 0.4677010610949782 1.022745907636134 0.2057733406445937
651 0.4777680814593639 1.030327876848179 0.2743644541927915
652 0.4878351018237496 1.037909846060223 0.3429555677409895
653 0.4979021221881353 1.045491815272268 0.4115466812891873
654 0.507969142552521 1.053073784484313 0.4801377948373853
655 0.3850670203659466 1.008513211638012 0.06936602786524461
656 0.3951340407303323 1.017026423276025 0.1387320557304892
657 0.405201061094718 1.025539634914037 0.2080980835957338
658 0.4152680814591038 1.034052846552049 0.2774641114609784
659 0.4253351018234895 1.042566058190062 0.3468301393262231
660 0.4354021221878752 1.051079269828074 0.4161961671914676
661 0.4454691425522609 1.059592481466086 0.4855621950567123
662 0.3225670203656865 1.009324545485589 0.07020448463419486
663 0.3326340407300722 1.018649090971179 0.1404089692683897
664 0.3427010610944579 1.027973636456768 0.2106134539025846
665 0.3527680814588436 1.037298181942357 0.2808179385367794
666 0.3628351018232294 1.046622727427947 0.3510224231709743
667 0.3729021221876151 1.055947272913536 0.4212269078051691
668 0.3829691425520008 1.065271818399125 0.4914313924393641
669 0.2600670203654262 1.01000454311825 0.07109702736544594
670 0.270134040729812 1.020009086236501 0.1421940547308919
671 0.2802010610941977 1.030013629354751 0.2132910820963378
672 0.2902680814585834 1.040018172473002 0.2843881094617838
673 0.3003351018229691 1.050022715591252 0.3554851368272297
674 0.3104021221873549 1.060027258709503 0.4265821641926756
675 0.3204691425517406 1.070031801827753 0.4976791915581216
676 0.1975670203651661 1.010543626769941 0.07203358956377638
677 0.2076340407295518 1.021087253539882 0.1440671791275528
678 0.2177010610939376 1.031630880309823 0.2161007686913291
679 0.2277680814583233 1.042174507079765 0.2881343582551055
680 0.237835101822709 1.052718133849706 0.360167947818882
681 0.2479021221870947 1.063261760619647 0.4322015373826583
682 0.2579691425514805 1.073805387389588 0.5042351269464347
683 0.135067020364906 1.010934203447904 0.07300360826277126
684 0.1451340407292917 1.021868406895808 0.1460072165255425
685 0.1552010610936774 1.032802610343712 0.2190108247883137
686 0.1652680814580632 1.043736813791617 0.292014433051085
687 0.1753351018224489 1.054671017239521 0.3650180413138563
688 0.1854021221868346 1.065605220687425 0.4380216495766275
689 0.1954691425512203 1.076539424135329 0.5110252578393988
690 0.07256702036464585 1.011170771879976 0.07399614315867113
691 0.08263404072903158 1.022341543759952 0.1479922863173423
692 0.0927010610934173 1.033512315639928 0.2219884294760134
693 0.102768081457803 1.044683087519904 0.2959845726346845
694 0.1128351018221888 1.05585385939988 0.3699807157933557
695 0.1229021221865745 1.067024631279855 0.4439768589520268
696 0.1329691425509602 1.078195403159832 0.517973002110698
697 0.01125173000747621 0.9487499999997397 0.075
698 0.02250346001495241 0.9599999999997397 0.15
699 0.03375519002242861 0.9712499999997397 0.225
700 0.04500692002990482 0.9824999999997398 0.3
701 0.05625865003738103 0.9937499999997398 0.375
702 0.06751038004485722 1.00499999999974 0.45
703 0.07876211005233344 1.01624999999974 0.525
704 0.01220433330009936 0.8862499999995012 0.075
705 0.02440866660019873 0.8974999999995011 0.15
706 0.03661299990029809 0.9087499999995011 0.225
707 0.04881733320039746 0.9199999999995012 0.3
708 0.06102166650049683 0.9312499999995012 0.375
709 0.07322599980059617 0.9424999999995012 0.45
710 0.08543033310069555 0.9537499999995012 0.525
711 0.01290517946201001 0.8237499999999132 0.075
712 0.02581035892402001 0.8349999999999131 0.15
713 0.03871553838603001 0.8462499999999131 0.225
714 0.05162071784804002 0.8574999999999132 0.3
715 0.06452589731005004 0.8687499999999132 0.375
716 0.07743107677206003 0.8799999999999132 0.45
717 0.09033625623407004 0.8912499999999132 0.525
718 0.0133398110858011 0.761250000000347 0.075
719 0.0266796221716022 0.772500000000347 0.15
720 0.04001943325740329 0.783750000000347 0.225
721 0.0533592443432044 0.7950000000003471 0.3
722 0.06669905542900549 0.8062500000003471 0.375
723 0.08003886651480657 0.8175000000003471 0.45
724 0.09337867760060768 0.828750000000347 0.525
725 0.01349926237155359 0.6987500000007805 0.075
726 0.02699852474310718 0.7100000000007805 0.15
727 0.04049778711466077 0.7212500000007804 0.225
728 0.05399704948621437 0.7325000000007805 0.3
729 0.06749631185776797 0.7437500000007805 0.375
730 0.08099557422932153 0.7550000000007805 0.45
731 0.09449483660087514 0.7662500000007805 0.525
732 0.01338024407788079 0.636250000001214 0.075
733 0.02676048815576158 0.647500000001214 0.15
734 0.04014073223364237 0.658750000001214 0.225
735 0.05352097631152317 0.6700000000012141 0.3
736 0.06690122038940396 0.6812500000012141 0.375
737 0.08028146446728475 0.692500000001214 0.45
738 0.09366170854516555 0.703750000001214 0.525
739 0.01298521137405571 0.5737500000016476 0.075
740 0.02597042274811143 0.5850000000016475 0.15
741 0.03895563412216713 0.5962500000016475 0.225
742 0.05194084549622285 0.6075000000016476 0.3
743 0.06492605687027857 0.6187500000016476 0.375
744 0.07791126824433427 0.6300000000016476 0.45
745 0.09089647961838999 0.6412500000016476 0.525
746 0.01232231319354316 0.5112500000020594 0.075
747 0.02464462638708631 0.5225000000020594 0.15
748 0.03696693958062946 0.5337500000020594 0.225
749 0.04928925277417262 0.5450000000020595 0.3
750 0.06161156596771578 0.5562500000020595 0.375
751 0.07393387916125892 0.5675000000020595 0.45
752 0.08625619235480209 0.5787500000020595 0.525
753 0.01140522413368805 0.448750000001821 0.075
754 0.02281044826737611 0.460000000001821 0.15
755 0.03421567240106416 0.471250000001821 0.225
756 0.04562089653475222 0.482500000001821 0.3
757 0.05702612066844027 0.493750000001821 0.375
758 0.06843134480212831 0.505000000001821 0.45
759 0.07983656893581638 0.516250000001821 0.525
760 0.01025286236926459 0.3862500000015608 0.075
761 0.02050572473852917 0.3975000000015609 0.15
762 0.03075858710779375 0.4087500000015609 0.225
763 0.04101144947705834 0.4200000000015608 0.3
764 0.05126431184632294 0.4312500000015609 0.375
765 0.06151717421558751 0.4425000000015609 0.45
766 0.07177003658485211 0.4537500000015608 0.525
767 0.008888999398823058 0.3237500000013007 0.075
768 0.01777799879764612 0.3350000000013008 0.15
769 0.02666699819646917 0.3462500000013007 0.225
770 0.03555599759529223 0.3575000000013007 0.3
771 0.04444499699411529 0.3687500000013008 0.375
772 0.05333399639293834 0.3800000000013007 0.45
773 0.06222299579176141 0.3912500000013007 0.525
774 0.007341769674256287 0.2612500000010405 0.075
775 0.01468353934851257 0.2725000000010405 0.15
776 0.02202530902276886 0.2837500000010405 0.225
777 0.02936707869702515 0.2950000000010405 0.3
778 0.03670884837128144 0.3062500000010405 0.375
779 0.04405061804553771 0.3175000000010405 0.45
780 0.05139238771979401 0.3287500000010405 0.525
781 0.005643090229163971 0.1987500000007804 0.075
782 0.01128618045832794 0.2100000000007804 0.15
783 0.01692927068749191 0.2212500000007804 0.225
784 0.02257236091665588 0.2325000000007804 0.3
785 0.02821545114581986 0.2437500000007804 0.375
786 0.03385854137498382 0.2550000000007804 0.45
787 0.0395016316041478 0.2662500000007804 0.525
788 0.003828002278217254 0.1362500000005203 0.075
789 0.007656004556434508 0.1475000000005202 0.15
790 0.01148400683465176 0.1587500000005203 0.225
791 0.01531200911286902 0.1700000000005202 0.3
792 0.01914001139108627 0.1812500000005202 0.375
793 0.02296801366930352 0.1925000000005203 0.45
794 0.02679601594752078 0.2037500000005202 0.525
795 0.001933948369343522 0.07375000000026012 0.075
796 0.003867896738687043 0.08500000000026012 0.15
797 0.005801845108030564 0.09625000000026013 0.225
798 0.007735793477374087 0.1075000000002601 0.3
799 0.00966974184671761 0.1187500000002601 0.375
800 0.01160369021606113 0.1300000000002601 0.45
801 0.01353763858540465 0.1412500000002601 0.525
802 0.07797158695463935 0.1518661750400506 0.6157707108963104
803 0.09312401822564823 0.2143661750402878 0.6153626060850419
804 0.1076447218332405 0.2768661750405199 0.6146902360719503
805 0.1212341573939988 0.3393661750407519 0.613765166863234
806 0.1336119951905542 0.401866175040984 0.6126033113580316
807 0.1445228989541094 0.464366175041216 0.6112246556171633
808 0.1537417930695222 0.5268661750414481 0.6096529150659666
809 0.1610785055483904 0.5893661750416603 0.6079151265451757
810 0.1663816909925245 0.6518661750412833 0.6060411832273357
811 0.1695419526231567 0.7143661750408867 0.6040633203989669
812 0.1704940989725681 0.7768661750404899 0.6020155609541411
813 0.1692184886865745 0.8393661750400934 0.5999331301378439
814 0.1657414356962694 0.9018661750396965 0.5978518496066931
815 0.1601346664010055 0.9643661750393203 0.5958075212302775
816 0.1525138400600448 1.026866175039554 0.5938353112328498
817 0.1404715869545561 0.149973627583473 0.6313635526774394
818 0.1556240182255823 0.2124736275836863 0.6305519458430814
819 0.1701447218331915 0.2749736275838895 0.6292147891059519
820 0.1837341573939678 0.3374736275840926 0.627375084031869
821 0.1961119951905426 0.3999736275842956 0.6250644769463326
822 0.2070228989541192 0.4624736275844984 0.6223227145592697
823 0.2162417930695553 0.5249736275847013 0.6191969602482056
824 0.2235785055484492 0.5874736275848867 0.6157409827610533
825 0.2288816909926153 0.6499736275845436 0.6120142312943595
826 0.2320419526232773 0.7124736275841831 0.6080808128572217
827 0.232994098972716 0.7749736275838224 0.6040083895124017
828 0.2317184886867471 0.8374736275834618 0.5998670144638381
829 0.2282414356964639 0.899973627583101 0.5957279270121386
830 0.2226346664012195 0.9624736275827592 0.5916623271070183
831 0.2150138400602816 1.024973627582987 0.5877401505766159
832 0.2029715869543979 0.1468490141597829 0.6466026623154303
833 0.2181240182254464 0.2093490141599711 0.6453967071220428
834 0.2326447218330775 0.2718490141601444 0.6434098447112675
835 0.2462341573938767 0.3343490141603171 0.6406762527866177
836 0.2586119951904761 0.3968490141604899 0.6372429541785728
837 0.269522898954079 0.4593490141606625 0.6331690079650354
838 0.2787417930695434 0.5218490141608354 0.6285244935461001
839 0.2860785055484681 0.5843490141609925 0.6233893051489248
840 0.2913816909926711 0.6468490141606823 0.6178517774994864
841 0.2945419526233679 0.7093490141603566 0.6120071663020064
842 0.295494098972839 0.7718490141600309 0.605956009664998
843 0.2942184886868996 0.8343490141597052 0.5998023986600581
844 0.2907414356966435 0.8968490141593791 0.5936521867631614
845 0.2851346664014235 0.9593490141590708 0.587611168979344
846 0.2775138400605133 1.021849014159291 0.5817832619731532
847 0.2654715869542372 0.1425363449462866 0.6613161663313326
848 0.2806240182253082 0.2050363449464488 0.6597294640797459
849 0.2951447218329613 0.267536344946591 0.6571153047162339
850 0.3087341573937837 0.3300363449467325 0.6535186566106131
851 0.3211119951904078 0.3925363449468741 0.6490013887538766
852 0.3320228989540371 0.4550363449470156 0.6436412064972664
853 0.34124179306953 0.5175363449471571 0.637530314876699
854 0.3485785055484856 0.5800363449472852 0.6307738325158306
855 0.3538816909927257 0.6425363449470067 0.6234879833916055
856 0.3570419526234576 0.705036344946715 0.6157980975670315
857 0.3579940989729611 0.767536344946423 0.6078364552827216
858 0.3567184886870515 0.8300363449461311 0.599740011492374
859 0.3532414356968224 0.8925363449458389 0.5916480399845913
860 0.3476346664016272 0.9550363449455633 0.5836997376164524
861 0.340013840060745 1.017536344945775 0.5760318298704011
862 0.3279715869540765 0.1370963638850399 0.6753381192609367
863 0.3431240182251699 0.1995963638851751 0.6733885654872118
864 0.3576447218328452 0.2620963638852854 0.6701765928268372
865 0.3712341573936908 0.3245963638853948 0.6657574531425902
866 0.3836119951903395 0.3870963638855043 0.6602071637998879
867 0.3945228989539952 0.4495963638856137 0.6536212000276846
868 0.4037417930695167 0.5120963638857232 0.6461128525681766
869 0.4110785055485031 0.5745963638858211 0.6378112788667718
870 0.4163816909927803 0.6370963638855736 0.6288592813255008
871 0.4195419526235472 0.6995963638853149 0.6194108508377822
872 0.4204940989730832 0.7620963638850559 0.6096285178607442
873 0.4192184886872035 0.824596363884797 0.5996805565911029
874 0.4157414356970015 0.8870963638845377 0.5897380903381496
875 0.4101346664018309 0.9495963638842938 0.5799721478867359
876 0.4025138400609768 1.012096363884497 0.5705507214861987
877 0.3904715869539157 0.1306056931044768 0.6885103752617887
878 0.4056240182250317 0.1931056931045845 0.6862199579033765
879 0.4201447218327289 0.255605693104662 0.6824463980071498
880 0.4337341573935977 0.3181056931047386 0.6772546077736826
881 0.4461119951902712 0.3806056931048152 0.670733895585046
882 0.4570228989539533 0.4431056931048919 0.6629964297356684
883 0.4662417930695033 0.5056056931049685 0.6541753089304797
884 0.4735785055485205 0.5681056931050356 0.6444222727413323
885 0.478881690992835 0.6306056931048183 0.6339050914061249
886 0.482041952623637 0.6931056931045917 0.6228046798706747
887 0.4829940989732053 0.7556056931043648 0.6113119857176004
888 0.4817184886873553 0.8181056931041384 0.599624704515153
889 0.4782414356971805 0.8806056931039115 0.5879438790882666
890 0.4726346664020347 0.9431056931036983 0.5764704412106081
891 0.4650138400612084 1.005605693103891 0.565401755206855
892 0.4529715869537549 0.1231557536967985 0.700684371752576
893 0.4681240182248935 0.1856557536968778 0.6980789231585458
894 0.4826447218326127 0.2481557536969221 0.6937863359189324
895 0.4962341573935047 0.3106557536969653 0.6878804504633415
896 0.5086119951902028 0.3731557536970085 0.6804628589307108
897 0.5195228989539115 0.4356557536970517 0.6716611575968631
898 0.5287417930694899 0.4981557536970948 0.661626751982872
899 0.536078505548538 0.5606557536971304 0.6505322524004296
900 0.5413816909928897 0.623155753696943 0.6385685047356885
901 0.5445419526237264 0.6856557536967479 0.6259413075473745
902 0.5454940989733275 0.7481557536965525 0.6128678719515502
903 0.5442184886875072 0.8106557536963576 0.5995730851891607
904 0.5407414356973594 0.8731557536961625 0.5862856421500876
905 0.5351346664022384 0.9356557536959792 0.5732341113986038
906 0.5275138400614401 0.9981557536961622 0.5606430033718017
907 0.5154715869536033 0.1148514780519687 0.7117228049682163
908 0.530624018224762 0.1773514780520196 0.708831710550495
909 0.5451447218325014 0.2398514780520304 0.7040685096819552
910 0.5587341573934144 0.30235147805204 0.6975151382159172
911 0.5711119951901353 0.3648514780520498 0.689284326246707
912 0.5820228989538683 0.4273514780520593 0.6795176589438036
913 0.5912417930694732 0.4898514780520688 0.6683831410253916
914 0.5985785055485502 0.5523514780520731 0.6560723067668809
915 0.6038816909929369 0.6148514780519148 0.6427969252576053
916 0.6070419526238068 0.6773514780517511 0.6287853575812191
917 0.6079940989734379 0.7398514780515876 0.6142786285833303
918 0.6067184886876456 0.8023514780514239 0.5995262807989195
919 0.603241435697523 0.8648514780512602 0.584782081859792
920 0.5976346664024246 0.9273514780511073 0.5702996592225601
921 0.5900138400616521 0.9898514780512799 0.5563281373078353
922 0.5779715869537158 0.1058098318850584 0.721501178533026
923 0.593124018224834 0.1683098318850898 0.718357045344601
924 0.6076447218325324 0.2308098318850762 0.7131769523521044
925 0.6212341573934058 0.2933098318850612 0.7060500067234544
926 0.633611995190088 0.3558098318850462 0.6970988050880563
927 0.6445228989537848 0.4183098318850311 0.6864773246483206
928 0.6537417930693552 0.480809831885016 0.6743682744873607
929 0.6610785055483999 0.5433098318849976 0.6609799526352724
930 0.6663816909927607 0.6058098318848777 0.6465426629582784
931 0.6695419526236024 0.6683098318847543 0.6313047535067545
932 0.6704940989732032 0.7308098318846316 0.6155283444700889
933 0.6692184886873775 0.7933098318845082 0.5994848192252288
934 0.6657414356972191 0.8558098318843849 0.5834501560413082
935 0.6601346664020821 0.9183098318842712 0.5677001807436411
936 0.6525138400612748 0.9808098318844419 0.552505821999972
937 0.6404715869538372 0.09615816677436115 0.7299092075862809
938 0.655624018224913 0.1586581667743744 0.7265474965643264
939 0.6701447218325682 0.2211581667743378 0.7210089348482677
940 0.6837341573933996 0.2836581667742996 0.7133887959302162
941 0.6961119951900417 0.3461581667742612 0.7038181602751613
942 0.7070228989536997 0.4086581667742229 0.6924616604948438
943 0.7162417930692336 0.4711581667741847 0.6795146493627322
944 0.7235785055482442 0.533658166774145 0.6651998393854718
945 0.7288816909925768 0.596158166774065 0.6497634717363941
946 0.7320419526233887 0.6586581667739834 0.6334710804524618
947 0.7329940989729569 0.7211581667739023 0.6166029247583754
948 0.7317184886870961 0.7836581667738207 0.5994491680902185
949 0.7282414356968997 0.8461581667737392 0.582304886748379
950 0.7226346664017224 0.9086581667736661 0.565464994040127
951 0.7150138400608778 0.9711581667738369 0.5492191672259246
952 0.7029715869539589 0.08603242641442362 0.7368520626242229
953 0.7181240182249923 0.1485324264144197 0.7333106886458144
954 0.7326447218326042 0.2110324264143609 0.7274761245768196
955 0.7462341573933936 0.2735324264143001 0.7194487356965837
956 0.7586119951899954 0.3360324264142396 0.7093666079217004
957 0.7695228989536148 0.3985324264141789 0.6974031724731783
958 0.7787417930691122 0.4610324264141182 0.6837642225390851
959 0.7860785055480884 0.5235324264140584 0.6686843732515796
960 0.7913816909923931 0.586032426414019 0.6524230258732627
961 0.794541952623175 0.64853242641398 0.635259905616321
962 0.7954940989727106 0.7110324264139415 0.6174902498521654
963 0.7942184886868145 0.7735324264139029 0.599419729483298
964 0.7907414356965802 0.836032426413864 0.5813591908391669
965 0.7851346664013624 0.8985324264138319 0.5636193085451139
966 0.7775138400604809 0.9610324264140033 0.5465052413449069
967 0.7654715869540801 0.0755752318492573 0.742251439029476
968 0.7806240182250711 0.1380752318492368 0.7385703432906868
969 0.7951447218326401 0.2005752318491564 0.7325055816860101
970 0.8087341573933876 0.2630752318490739 0.7241614793176159
971 0.8211119951899492 0.3255752318489915 0.7136815701591139
972 0.8320228989535299 0.3880752318489093 0.7012461280060759
973 0.8412417930689906 0.4505752318488267 0.6870690654337582
974 0.8485785055479328 0.513075231848747 0.6713942541056753
975 0.8538816909922098 0.5755752318487487 0.6544913297304983
976 0.8570419526229615 0.6380752318487534 0.6366510538298675
977 0.8579940989724644 0.700575231848758 0.6181803121030806
978 0.8567184886865329 0.7630752318487626 0.5993968354262132
979 0.8532414356962608 0.8255752318487672 0.5806237342941539
980 0.8476346664010027 0.888075231848777 0.5621839407232537
981 0.8400138400600839 0.9505752318489497 0.5443946532240976
982 0.8279715869542019 0.06493387265506093 0.7460464402254626
983 0.84312401822515 0.1274338726550242 0.7422671397667308
984 0.8576447218326763 0.1899338726549226 0.7360405817141596
985 0.8712341573933815 0.2524338726548189 0.7274738743676864
986 0.8836119951899026 0.3149338726547151 0.71671438091773
987 0.8945228989534448 0.3774338726546113 0.703947184526112
988 0.9037417930688691 0.4399338726545074 0.6893919045537943
989 0.911078505547777 0.5024338726544084 0.6732989187021978
990 0.9163816909920259 0.5649338726544518 0.6559450560542146
991 0.9195419526227474 0.6274338726545001 0.6376288351027469
992 0.9204940989722179 0.6899338726545484 0.6186653286811133
993 0.9192184886862512 0.7524338726545968 0.5993807441283554
994 0.915741435695941 0.814933872654645 0.5801068119204531
995 0.9101346664006427 0.8774338726546973 0.5611750792933761
996 0.9025138400596868 0.9399338726548718 0.5429112070181754
997 0.8904715869543247 0.05425823236667023 0.7481942644951706
998 0.9056240182252312 0.1167582323666173 0.7443593839535894
999 0.9201447218327158 0.1792582323664943 0.7380412553534523
1000 0.9337341573933811 0.241758232366369 0.7293485621772597
1001 0.9461119951898629 0.3042582323662437 0.7184308348044175
1002 0.9570228989533681 0.3667582323661184 0.7054758783125034
1003 0.9662417930687568 0.429258232365993 0.6907065418830267
1004 0.9735785055476319 0.4917582323658746 0.6743768853838672
1005 0.9788816909918544 0.5542582323659596 0.6567678090702046
1006 0.9820419526225472 0.6167582323660514 0.6381822215814267
1007 0.9829940989719865 0.679258232366143 0.6189398293528569
1008 0.9817184886859859 0.7417582323662353 0.5993716370745626
1009 0.9782414356956388 0.8042582323663271 0.5798142537992717
1010 0.9726346664003014 0.8667582323664216 0.5606041026448927
1011 0.9650138400593099 0.9292582323665973 0.5420716336954404
1012 0.9529715869544882 0.04369867736809584 0.7486706877180159
1013 0.9681240182253945 0.1061986773680195 0.7448234785876555
1014 0.9826447218328779 0.1686986773678683 0.73848503811378
1015 0.9962341573935429 0.2311986773677145 0.7297643991806363
1016 1.008611995190027 0.2936986773675608 0.7188115728862703
1017 1.019522898953535 0.356198677367407 0.705814968074543
1018 1.028741793068929 0.4186986773672533 0.6909981503549956
1019 1.036078505547812 0.4811986773671083 0.6746159963614012
1020 1.041381690992049 0.5436986773672279 0.6569503094027975
1021 1.044541952622754 0.6061986773673562 0.6383049719262491
1022 1.045494098972202 0.6686986773674848 0.6190007181772377
1023 1.044218488686208 0.7311986773676132 0.599369616978251
1024 1.040741435695865 0.7936986773677416 0.5797493595316554
1025 1.03513466640053 0.8561986773678716 0.5604774505072454
1026 1.027513840059543 0.918698677368042 0.5418854023384886
1027 0.06443394836923991 0.07367077188021276 0.0769713388620388
1028 0.06636789673858268 0.0848415437601896 0.1539426777240776
1029 0.06830184510792546 0.09601231564016643 0.2309140165861164
1030 0.07023579347726823 0.1071830875201433 0.3078853554481552
1031 0.07216974184661101 0.1183538594001201 0.384856694310194
1032 0.07410369021595378 0.1295246312800969 0.4618280331722328
1033 0.07603763858529657 0.1406954031600738 0.5387993720342716
1034 0.06632800227813718 0.1361707718804504 0.07692032576063024
1035 0.07015600455635304 0.1473415437604272 0.1538406515212605
1036 0.07398400683456891 0.1585123156404039 0.2307609772818907
1037 0.07781200911278477 0.1696830875203807 0.3076813030425209
1038 0.08164001139100063 0.1808538594003575 0.3846016288031512
1039 0.0854680136692165 0.1920246312803343 0.4615219545637814
1040 0.08929601594743236 0.203195403160311 0.5384422803244118
1041 0.06814309022910739 0.1986707718806829 0.07683627950899379
1042 0.07378618045826926 0.2098415437606596 0.1536725590179876
1043 0.07942927068743114 0.2210123156406363 0.2305088385269813
1044 0.08507236091659302 0.232183087520613 0.3073451180359751
1045 0.09071545114575491 0.2433538594005897 0.3841813975449689
1046 0.09635854137491677 0.2545246312805665 0.4610176770539627
1047 0.1020016316040787 0.2656954031605432 0.5378539565629565
1048 0.06984176967422336 0.2611707718809153 0.07672064585790425
1049 0.07718353934847698 0.272341543760892 0.1534412917158085
1050 0.08452530902273062 0.2835123156408686 0.2301619375737127
1051 0.09186707869698425 0.2946830875208453 0.306882583431617
1052 0.09920884837123789 0.3058538594008219 0.3836032292895213
1053 0.1065506180454915 0.3170246312807986 0.4603238751474255
1054 0.1138923877197452 0.3281954031607752 0.5370445210053297
1055 0.07138899939881395 0.3236707718811478 0.07657541391975395
1056 0.08027799879763399 0.3348415437611244 0.1531508278395079
1057 0.08916699819645402 0.346012315641101 0.2297262417592618
1058 0.09805599759527406 0.3571830875210776 0.3063016556790158
1059 0.1069449969940941 0.3683538594010542 0.3828770695987698
1060 0.1158339963929141 0.3795246312810308 0.4594524835185236
1061 0.1247229957917342 0.3906954031610074 0.5360278974382776
1062 0.07275286236927954 0.3861707718813803 0.07640308195214542
1063 0.08300572473854095 0.3973415437613568 0.1528061639042908
1064 0.09325858710780235 0.4085123156413333 0.2292092458564362
1065 0.1035114494770638 0.4196830875213098 0.3056123278085817
1066 0.1137643118463252 0.4308538594012864 0.3820154097607271
1067 0.1240171742155866 0.4420246312812629 0.4584184917128725
1068 0.134270036584848 0.4531954031612395 0.5348215736650179
1069 0.07390522413372731 0.4486707718816127 0.07620661438324583
1070 0.0853104482674123 0.4598415437615892 0.1524132287664917
1071 0.09671567240109727 0.4710123156415656 0.2286198431497375
1072 0.1081208965347823 0.4821830875215422 0.3048264575329833
1073 0.1195261206684673 0.4933538594015186 0.3810330719162291
1074 0.1309313448021522 0.5045246312814951 0.457239686299475
1075 0.1423365689358372 0.5156954031614716 0.5334463006827209
1076 0.07482231319360702 0.5111707718818255 0.07598939081814696
1077 0.08714462638714751 0.5223415437618019 0.1519787816362939
1078 0.09946693958068799 0.5335123156417783 0.2279681724544409
1079 0.1117892527742285 0.5446830875217548 0.3039575632725878
1080 0.124111565967769 0.5558538594017312 0.3799469540907348
1081 0.1364338791613094 0.5670246312817075 0.4559363449088817
1082 0.1487561923548499 0.5781954031616839 0.5319257357270287
1083 0.07548521137414496 0.5736707718814489 0.07575514790341696
1084 0.08847042274819919 0.5848415437614252 0.1515102958068339
1085 0.1014556341222534 0.5960123156414016 0.2272654437102509
1086 0.1144408454963076 0.607183087521378 0.3030205916136678
1087 0.1274260568703618 0.6183538594013542 0.3787757395170848
1088 0.1404112682444161 0.6295246312813306 0.4545308874205017
1089 0.1533964796184703 0.6406954031613069 0.5302860353239188
1090 0.07588024407799517 0.6361707718810526 0.07550791504987087
1091 0.08926048815587538 0.6473415437610289 0.1510158300997417
1092 0.1026407322337556 0.6585123156410052 0.2265237451496126
1093 0.1160209763116358 0.6696830875209815 0.3020316601994835
1094 0.1294012203895161 0.6808538594009578 0.3775395752493543
1095 0.1427814644673963 0.6920246312809341 0.4530474902992251
1096 0.1561617085452765 0.7031954031609104 0.5285554053490961
1097 0.07599926237169276 0.6986707718806564 0.07525194511926764
1098 0.08949852474324639 0.7098415437606326 0.1505038902385353
1099 0.1029977871148 0.7210123156406089 0.2257558353578029
1100 0.1164970494863536 0.732183087520585 0.3010077804770706
1101 0.1299963118579073 0.7433538594005613 0.3762597255963382
1102 0.1434955742294609 0.7545246312805375 0.4515116707156058
1103 0.1569948366010145 0.7656954031605138 0.5267636158348735
1104 0.07583981108596471 0.7611707718802602 0.07499164126723049
1105 0.08917962217176612 0.7723415437602363 0.149983282534461
1106 0.1025194332575675 0.7835123156402125 0.2249749238016914
1107 0.1158592443433689 0.7946830875201887 0.2999665650689219
1108 0.1291990554291703 0.8058538594001649 0.3749582063361524
1109 0.1425388665149717 0.817024631280141 0.4499498476033829
1110 0.1558786776007731 0.8281954031601172 0.5249414888706134
1111 0.07540517946219776 0.8236707718798637 0.07473148120083664
1112 0.08831035892420799 0.8348415437598399 0.1494629624016733
1113 0.1012155383862182 0.8460123156398159 0.2241944436025099
1114 0.1141207178482285 0.8571830875197921 0.2989259248033466
1115 0.1270258973102387 0.8683538593997682 0.3736574060041832
1116 0.1399310767722489 0.8795246312797442 0.4483888872050198
1117 0.1528362562342592 0.8906954031597204 0.5231203684058565
1118 0.07470433330031094 0.886170771879488 0.07447594015378468
1119 0.08690866660041016 0.8973415437594641 0.1489518803075694
1120 0.09911299990050937 0.9085123156394401 0.223427820461354
1121 0.1113173332006086 0.9196830875194161 0.2979037606151387
1122 0.1235216665007078 0.9308538593993921 0.3723797007689235
1123 0.135725999800807 0.9420246312793682 0.4468556409227081
1124 0.1479303331009063 0.9531954031593443 0.5213315810764928
1125 0.07375173000771203 0.9486707718797218 0.07422941390410623
1126 0.08500346001518813 0.9598415437596979 0.1484588278082125
1127 0.09625519002266422 0.9710123156396738 0.2226882417123187
1128 0.1075069200301403 0.9821830875196498 0.2969176556164249
1129 0.1187586500376164 0.9933538593996258 0.3711470695205312
1130 0.1300103800450925 1.004524631279602 0.4453764834246374
1131 0.1412621100525686 1.015695403159578 0.5196058973287436
1132 0.1269339483691618 0.07343420344811939 0.07892044408467992
1133 0.1288678967385039 0.08436840689602705 0.1578408881693598
1134 0.1308018451078459 0.09530261034393472 0.2367613322540398
1135 0.1327357934771879 0.1062368137918424 0.3156817763387197
1136 0.13466974184653 0.1171710172397501 0.3946022204233997
1137 0.136603690215872 0.1281052206876577 0.4735226645080796
1138 0.138537638585214 0.1390394241355654 0.5524431085927596
1139 0.128828002278081 0.1359342034483343 0.07881899323038517
1140 0.1326560045562955 0.1468684068962417 0.1576379864607703
1141 0.13648400683451 0.1578026103441492 0.2364569796911555
1142 0.1403120091127244 0.1687368137920566 0.3152759729215407
1143 0.1441400113909389 0.179671017239964 0.3940949661519259
1144 0.1479680136691534 0.1906052206878714 0.472913959382311
1145 0.1517960159473678 0.2015394241357789 0.5517329526126962
1146 0.130643090229073 0.1984342034485392 0.07865184863824398
1147 0.1362861804582328 0.2093684068964464 0.157303697276488
1148 0.1419292706873926 0.2203026103443536 0.2359555459147319
1149 0.1475723609165523 0.2312368137922608 0.3146073945529759
1150 0.1532154511457121 0.242171017240168 0.3932592431912199
1151 0.1588585413748719 0.2531052206880752 0.4719110918294638
1152 0.1645016316040317 0.2640394241359824 0.5505629404677079
1153 0.1323417696742109 0.2609342034487438 0.07842188550398363
1154 0.1396835393484619 0.2718684068966508 0.1568437710079673
1155 0.1470253090227129 0.2828026103445577 0.2352656565119509
1156 0.1543670786969638 0.2937368137924647 0.3136875420159345
1157 0.1617088483712148 0.3046710172403717 0.3921094275199182
1158 0.1690506180454658 0.3156052206882786 0.4705313130239018
1159 0.1763923877197168 0.3265394241361856 0.5489531985278855
1160 0.1338889993988236 0.3234342034489485 0.07813305961829158
1161 0.1427779987976406 0.3343684068968552 0.1562661192365832
1162 0.1516669981964576 0.3453026103447619 0.2343991788548747
1163 0.1605559975952746 0.3562368137926686 0.3125322384731663
1164 0.1694449969940916 0.3671710172405754 0.3906652980914579
1165 0.1783339963929086 0.3781052206884821 0.4687983577097494
1166 0.1872229957917256 0.3890394241363888 0.5469314173280411
1167 0.1352528623693116 0.385934203449153 0.07779033931990871
1168 0.1455057247385698 0.3968684068970594 0.1555806786398174
1169 0.155758587107828 0.4078026103449659 0.2333710179597261
1170 0.1660114494770862 0.4187368137928724 0.3111613572796348
1171 0.1762643118463445 0.4296710172407789 0.3889516965995435
1172 0.1865171742156027 0.4406052206886854 0.4667420359194522
1173 0.196770036584861 0.4515394241365919 0.544532375239361
1174 0.1364052241337819 0.4484342034493575 0.0773996200310257
1175 0.1478104482674638 0.4593684068972638 0.1547992400620514
1176 0.1592156724011457 0.4703026103451701 0.2321988600930771
1177 0.1706208965348276 0.4812368137930763 0.3095984801241028
1178 0.1820261206685096 0.4921710172409826 0.3869981001551285
1179 0.1934313448021915 0.5031052206888889 0.4643977201861542
1180 0.2048365689358734 0.5140394241367952 0.54179734021718
1181 0.1373223131936845 0.5109342034495447 0.07696762284513166
1182 0.1496446263872223 0.5218684068974506 0.1539352456902633
1183 0.1619669395807601 0.5328026103453567 0.230902868535395
1184 0.174289252774298 0.5437368137932627 0.3078704913805266
1185 0.1866115659678358 0.5546710172411687 0.3848381142256583
1186 0.1989338791613736 0.5656052206890747 0.46180573707079
1187 0.2112561923549114 0.5765394241369808 0.5387733599159217
1188 0.1379852113742461 0.573434203449203 0.07650177891179494
1189 0.1509704227482989 0.5843684068971089 0.1530035578235899
1190 0.1639556341223516 0.5953026103450146 0.2295053367353848
1191 0.1769408454964043 0.6062368137929205 0.3060071156471798
1192 0.189926056870457 0.6171710172408262 0.3825088945589747
1193 0.2029112682445098 0.628105220688732 0.4590106734707696
1194 0.2158964796185625 0.6390394241366378 0.5355124523825646
1195 0.1383802440781197 0.6359342034488442 0.07601010160715271
1196 0.1517604881559994 0.6468684068967498 0.1520202032143054
1197 0.165140732233879 0.6578026103446554 0.2280303048214581
1198 0.1785209763117587 0.6687368137925609 0.3040404064286109
1199 0.1919012203896384 0.6796710172404664 0.3800505080357636
1200 0.205281464467518 0.690605220688372 0.4560606096429162
1201 0.2186617085453977 0.7015394241362776 0.532070711250069
1202 0.1384992623718404 0.6984342034484852 0.07550104868905021
1203 0.1519985247433941 0.7093684068963905 0.1510020973781004
1204 0.1654977871149477 0.7203026103442958 0.2265031460671506
1205 0.1789970494865014 0.7312368137922012 0.3020041947562008
1206 0.192496311858055 0.7421710172401065 0.377505243445251
1207 0.2059955742296087 0.7531052206880118 0.4530062921343012
1208 0.2194948366011623 0.7640394241359171 0.5285073408233515
1209 0.1383398110861352 0.7609342034481261 0.07498337680797976
1210 0.1516796221719369 0.7718684068960312 0.1499667536159595
1211 0.1650194332577386 0.7828026103439363 0.2249501304239392
1212 0.1783592443435403 0.7937368137918414 0.299933507231919
1213 0.191699055429342 0.8046710172397464 0.3749168840398988
1214 0.2050388665151437 0.8156052206876515 0.4499002608478785
1215 0.2183786776009454 0.8265394241355566 0.5248836376558583
1216 0.1379051794623906 0.823434203447767 0.07446599087651733
1217 0.1508103589244011 0.8343684068956718 0.1489319817530347
1218 0.1637155383864116 0.8453026103435767 0.223397972629552
1219 0.176620717848422 0.8562368137914815 0.2978639635060693
1220 0.1895258973104325 0.8671710172393864 0.3723299543825866
1221 0.202431076772443 0.8781052206872912 0.4467959452591039
1222 0.2153362562344535 0.8890394241351961 0.5212619361356213
1223 0.1372043333005259 0.8859342034474269 0.07395779088837728
1224 0.149408666600625 0.8968684068953315 0.1479155817767546
1225 0.1616129999007241 0.9078026103432361 0.2218733726651319
1226 0.1738173332008232 0.9187368137911407 0.2958311635535091
1227 0.1860216665009223 0.9296710172390453 0.3697889544418865
1228 0.1982259998010213 0.94060522068695 0.4437467453302637
1229 0.2104303331011205 0.9515394241348546 0.5177045362186411
1230 0.1362517300079496 0.9484342034476561 0.07346751882207699
1231 0.1475034600154256 0.9593684068955604 0.146935037644154
1232 0.1587551900229016 0.9703026103434648 0.2204025564662309
1233 0.1700069200303776 0.9812368137913692 0.2938700752883079
1234 0.1812586500378536 0.9921710172392736 0.3673375941103849
1235 0.1925103800453296 1.003105220687178 0.4408051129324618
1236 0.2037621100528056 1.014039424135082 0.5142726317545389
1237 0.1894339483690088 0.07304362677013694 0.08082533278942879
1238 0.1913678967383501 0.08358725354008636 0.1616506655788576
1239 0.1933018451076914 0.09413088031003577 0.2424759983682863
1240 0.1952357934770327 0.1046745070799852 0.3233013311577151
1241 0.197169741846374 0.1152181338499346 0.4041266639471439
1242 0.1991036902157153 0.125761760619884 0.4849519967365727
1243 0.2010376385850566 0.1363053873898335 0.5657773295260016
1244 0.1913280022779549 0.135543626770329 0.08067458839025535
1245 0.1951560045561679 0.1460872535402779 0.1613491767805107
1246 0.198984006834381 0.1566308803102267 0.242023765170766
1247 0.2028120091125941 0.1671745070801756 0.3226983535610214
1248 0.2066400113908072 0.1777181338501245 0.4033729419512768
1249 0.2104680136690202 0.1882617606200733 0.4840475303415321
1250 0.2142960159472333 0.1988053873900222 0.5647221187317875
1251 0.1931430902289736 0.1980436267705062 0.08042623058890844
1252 0.1987861804581313 0.2085872535404545 0.1608524611778169
1253 0.204429270687289 0.2191308803104028 0.2412786917667253
1254 0.2100723609164467 0.2296745070803511 0.3217049223556337
1255 0.2157154511456044 0.2402181338502994 0.4021311529445422
1256 0.2213585413747621 0.2507617606202477 0.4825573835334506
1257 0.2270016316039198 0.261305387390196 0.5629836141223591
1258 0.1948417696741384 0.2605436267706828 0.08008453159832721
1259 0.2021835393483867 0.2710872535406306 0.1601690631966544
1260 0.2095253090226351 0.2816308803105783 0.2402535947949816
1261 0.2168670786968834 0.2921745070805261 0.3203381263933088
1262 0.2242088483711317 0.3027181338504739 0.400422657991636
1263 0.23155061804538 0.3132617606204216 0.4805071895899632
1264 0.2388923877196284 0.3238053873903693 0.5605917211882905
1265 0.1963889993987783 0.3230436267708594 0.0796553692723216
1266 0.2052779987975923 0.3335872535408066 0.1593107385446432
1267 0.2141669981964062 0.3441308803107538 0.2389661078169648
1268 0.2230559975952202 0.354674507080701 0.3186214770892864
1269 0.2319449969940342 0.3652181338506483 0.398276846361608
1270 0.2408339963928482 0.3757617606205955 0.4779322156339296
1271 0.2497229957916622 0.3863053873905427 0.5575875849062513
1272 0.1977528623692936 0.3855436267710359 0.07914612599562942
1273 0.2080057247385486 0.3960872535409826 0.1582922519912588
1274 0.2182585871078037 0.4066308803109293 0.2374383779868883
1275 0.2285114494770588 0.4171745070808759 0.3165845039825177
1276 0.2387643118463138 0.4277181338508226 0.3957306299781471
1277 0.2490171742155689 0.4382617606207692 0.4748767559737765
1278 0.2592700365848239 0.4488053873907159 0.5540228819694061
1279 0.1989052241337915 0.4480436267712126 0.07856556169326251
1280 0.2103104482674704 0.4585872535411588 0.157131123386525
1281 0.2217156724011492 0.4691308803111048 0.2356966850797875
1282 0.2331208965348281 0.479674507081051 0.31426224677305
1283 0.2445261206685069 0.4902181338509971 0.3928278084663125
1284 0.2559313448021857 0.5007617606209431 0.471393370159575
1285 0.2673365689358646 0.5113053873908893 0.5499589318528376
1286 0.199822313193722 0.5105436267713737 0.0779236631436156
1287 0.2121446263872572 0.5210872535413191 0.1558473262872312
1288 0.2244669395807923 0.5316308803112647 0.2337709894308468
1289 0.2367892527743275 0.5421745070812103 0.3116946525744624
1290 0.2491115659678627 0.5527181338511559 0.389618315718078
1291 0.2614338791613978 0.5632617606211013 0.4675419788616936
1292 0.2737561923549329 0.5738053873910469 0.5454656420053092
1293 0.2004852113743123 0.5730436267710673 0.0772314721874358
1294 0.2134704227483636 0.5835872535410124 0.1544629443748716
1295 0.2264556341224148 0.5941308803109573 0.2316944165623074
1296 0.2394408454964661 0.6046745070809023 0.3089258887497432
1297 0.2524260568705173 0.6152181338508473 0.386157360937179
1298 0.2654112682445686 0.6257617606207924 0.4633888331246147
1299 0.2783964796186198 0.6363053873907373 0.5406203053120506
1300 0.2008802440782143 0.6355436267707455 0.07650089578775079
1301 0.2142604881560934 0.64608725354069 0.1530017915755016
1302 0.2276407322339725 0.6566308803106343 0.2295026873632524
1303 0.2410209763118516 0.6671745070805788 0.3060035831510032
1304 0.2544012203897307 0.6777181338505233 0.3825044789387539
1305 0.2677814644676098 0.6882617606204677 0.4590053747265047
1306 0.2811617085454888 0.6988053873904121 0.5355062705142556
1307 0.2009992623719631 0.6980436267704238 0.07574450120812475
1308 0.2144985247435168 0.7085872535403677 0.1514890024162495
1309 0.2279977871150705 0.7191308803103115 0.2272335036243742
1310 0.2414970494866242 0.7296745070802554 0.302978004832499
1311 0.2549963118581779 0.7402181338501993 0.3787225060406237
1312 0.2684955742297316 0.7507617606201432 0.4544670072487484
1313 0.2819948366012853 0.7613053873900871 0.5302115084568733
1314 0.2008398110862857 0.7605436267701018 0.07497529983250727
1315 0.2141796221720877 0.7710872535400451 0.1499505996650145
1316 0.2275194332578896 0.7816308803099884 0.2249258994975218
1317 0.2408592443436917 0.7921745070799318 0.2999011993300291
1318 0.2541990554294937 0.8027181338498751 0.3748764991625364
1319 0.2675388665152956 0.8132617606198185 0.4498517989950436
1320 0.2808786776010976 0.8238053873897618 0.524827098827551
1321 0.2004051794625685 0.8230436267697796 0.07420652334539518
1322 0.2133103589245792 0.8335872535397224 0.1484130466907904
1323 0.2262155383865899 0.8441308803096651 0.2226195700361855
1324 0.2391207178486006 0.8546745070796079 0.2968260933815807
1325 0.2520258973106113 0.8652181338495507 0.371032616726976
1326 0.2649310767726221 0.8757617606194935 0.4452391400723711
1327 0.2778362562346328 0.8863053873894363 0.5194456634177663
1328 0.199704333300731 0.8855436267694752 0.07345139612241799
1329 0.2119086666008299 0.8960872535394174 0.146902792244836
1330 0.2241129999009288 0.9066308803093597 0.220354188367254
1331 0.2363173332010278 0.9171745070793018 0.293805584489672
1332 0.2485216665011267 0.9277181338492441 0.36725698061209
1333 0.2607259998012257 0.9382617606191863 0.4407083767345079
1334 0.2729303331013246 0.9488053873891286 0.5141597728569259
1335 0.1987517300081821 0.9480436267696994 0.07272290774664415
1336 0.210003460015658 0.9585872535396411 0.1454458154932883
1337 0.2212551900231338 0.9691308803095828 0.2181687232399324
1338 0.2325069200306097 0.9796745070795245 0.2908916309865766
1339 0.2437586500380856 0.9902181338494661 0.3636145387332208
1340 0.2550103800455615 1.000761760619408 0.4363374464798649
1341 0.2662621100530375 1.01130538738935 0.5090603542265091
1342 0.2519339483688533 0.07250454311842872 0.08266452079141658
1343 0.2538678967381939 0.08250908623669412 0.1653290415828332
1344 0.2558018451075344 0.09251362935495952 0.2479935623742497
1345 0.257735793476875 0.1025181724732249 0.3306580831656663
1346 0.2596697418462155 0.1125227155914903 0.4133226039570829
1347 0.2616036902155561 0.1225272587097557 0.4959871247484994
1348 0.2635376385848966 0.1325318018280212 0.578651645539916
1349 0.2538280022778264 0.1350045431185979 0.08246618300996823
1350 0.2576560045560381 0.1450090862368623 0.1649323660199365
1351 0.2614840068342498 0.1550136293551267 0.2473985490299047
1352 0.2653120091124614 0.1650181724733912 0.3298647320398729
1353 0.2691400113906732 0.1750227155916556 0.4123309150498412
1354 0.2729680136688848 0.18502725870992 0.4947970980598093
1355 0.2767960159470966 0.1950318018281844 0.5772632810697776
1356 0.255643090228872 0.197504543118747 0.08213941308952924
1357 0.2612861804580277 0.2075090862370104 0.1642788261790585
1358 0.2669292706871833 0.2175136293552739 0.2464182392685877
1359 0.2725723609163389 0.2275181724735373 0.328557652358117
1360 0.2782154511454945 0.2375227155918007 0.4106970654476462
1361 0.2838585413746501 0.2475272587100641 0.4928364785371754
1362 0.2895016316038057 0.2575318018283275 0.5749758916267047
1363 0.257341769674064 0.2600045431188956 0.08168983207632664
1364 0.2646835393483097 0.270009086237158 0.1633796641526533
1365 0.2720253090225554 0.2800136293554204 0.2450694962289799
1366 0.2793670786968011 0.2900181724736828 0.3267593283053066
1367 0.2867088483710467 0.3000227155919453 0.4084491603816333
1368 0.2940506180452924 0.3100272587102076 0.4901389924579598
1369 0.3013923877195381 0.3200318018284701 0.5718288245342865
1370 0.2588889993987312 0.3225045431190441 0.08112517359423457
1371 0.2677779987975422 0.3325090862373056 0.1622503471884691
1372 0.2766669981963531 0.342513629355567 0.2433755207827037
1373 0.285555997595164 0.3525181724738284 0.3245006943769383
1374 0.294444996993975 0.3625227155920898 0.4056258679711729
1375 0.3033339963927859 0.3725272587103513 0.4867510415654074
1376 0.3122229957915969 0.3825318018286127 0.567876215159642
1377 0.2602528623692739 0.3850045431191926 0.0804551508121583
1378 0.2705057247385257 0.395009086237453 0.1609103016243166
1379 0.2807585871077776 0.4050136293557134 0.2413654524364749
1380 0.2910114494770295 0.4150181724739739 0.3218206032486332
1381 0.3012643118462814 0.4250227155922343 0.4022757540607915
1382 0.3115171742155333 0.4350272587104947 0.4827309048729498
1383 0.3217700365847852 0.4450318018287551 0.5631860556851082
1384 0.2614052241337996 0.4475045431193411 0.07969128935958737
1385 0.2728104482674754 0.4575090862376005 0.1593825787191747
1386 0.2842156724011511 0.4675136293558599 0.2390738680787621
1387 0.2956208965348269 0.4775181724741194 0.3187651574383495
1388 0.3070261206685027 0.4875227155923788 0.3984564467979369
1389 0.3184313448021785 0.4975272587106382 0.4781477361575243
1390 0.3298365689358542 0.5075318018288977 0.5578390255171117
1391 0.2623223131937583 0.5100045431194762 0.07884672906447883
1392 0.2746446263872907 0.5200090862377346 0.1576934581289577
1393 0.2869669395808232 0.5300136293559929 0.2365401871934365
1394 0.2992892527743557 0.5400181724742514 0.3153869162579153
1395 0.3116115659678881 0.5500227155925098 0.3942336453223942
1396 0.3239338791614206 0.5600272587107683 0.473080374386873
1397 0.3362561923549531 0.5700318018290267 0.5519271034513519
1398 0.2629852113743774 0.5725045431192047 0.07793599792395069
1399 0.2759704227484271 0.5825090862374621 0.1558719958479014
1400 0.2889556341224769 0.5925136293557196 0.233807993771852
1401 0.3019408454965266 0.602518172473977 0.3117439916958027
1402 0.3149260568705764 0.6125227155922345 0.3896799896197534
1403 0.3279112682446261 0.6225272587104919 0.467615987543704
1404 0.3408964796186759 0.6325318018287494 0.5455519854676548
1405 0.2633802440783079 0.6350045431189199 0.07697476219587894
1406 0.2767604881561864 0.6450090862371762 0.1539495243917579
1407 0.2901407322340649 0.6550136293554327 0.2309242865876368
1408 0.3035209763119435 0.6650181724736891 0.3078990487835158
1409 0.316901220389822 0.6750227155919456 0.3848738109793947
1410 0.3302814644677005 0.685027258710202 0.4618485731752736
1411 0.343661708545579 0.6950318018284585 0.5388233353711526
1412 0.263499262372085 0.6975045431186349 0.0759795569103402
1413 0.2769985247436387 0.7075090862368902 0.1519591138206804
1414 0.2904977871151925 0.7175136293551457 0.2279386707310206
1415 0.3039970494867462 0.7275181724734011 0.3039182276413608
1416 0.3174963118582999 0.7375227155916566 0.379897784551701
1417 0.3309955742298536 0.747527258709912 0.4558773414620411
1418 0.3444948366014073 0.7575318018281675 0.5318568983723814
1419 0.2633398110864354 0.76000454311835 0.07496750143654675
1420 0.2766796221722377 0.7700090862366044 0.1499350028730935
1421 0.29001943325804 0.7800136293548589 0.2249025043096402
1422 0.3033592443438423 0.7900181724731132 0.299870005746187
1423 0.3166990554296446 0.8000227155913677 0.3748375071827338
1424 0.3300388665154469 0.8100272587096222 0.4498050086192805
1425 0.3433786776012492 0.8200318018278766 0.5247725100558273
1426 0.2629051794627458 0.8225045431180648 0.07395600499807391
1427 0.2758103589247568 0.8325090862363181 0.1479120099961478
1428 0.2887155383867677 0.8425136293545716 0.2218680149942217
1429 0.3016207178487786 0.8525181724728251 0.2958240199922956
1430 0.3145258973107896 0.8625227155910785 0.3697800249903695
1431 0.3274310767728005 0.872527258709332 0.4437360299884434
1432 0.3403362562348115 0.8825318018275855 0.5176920349865174
1433 0.2622043333009355 0.8850045431177961 0.07296246720205656
1434 0.2744086666010343 0.8950090862360485 0.1459249344041131
1435 0.2866129999011331 0.905013629354301 0.2188874016061697
1436 0.2988173332012319 0.9150181724725535 0.2918498688082262
1437 0.3110216665013307 0.9250227155908058 0.3648123360102828
1438 0.3232259998014295 0.9350272587090583 0.4377748032123393
1439 0.3354303331015284 0.9450318018273108 0.5107372704143959
1440 0.2612517300084145 0.9475045431180151 0.07200397873380014
1441 0.2725034600158902 0.9575090862362665 0.1440079574676003
1442 0.283755190023366 0.967513629354518 0.2160119362014004
1443 0.2950069200308418 0.9775181724727695 0.2880159149352006
1444 0.3062586500383176 0.987522715591021 0.3600198936690007
1445 0.3175103800457934 0.9975272587092724 0.4320238724028008
1446 0.3287621100532692 1.007531801827524 0.5040278511366011
1447 0.3144339483686978 0.07182454548575173 0.08441726490761708
1448 0.3163678967380376 0.08114909097136433 0.1688345298152342
1449 0.3183018451073774 0.09047363645697691 0.2532517947228513
1450 0.3202357934767172 0.09979818194258951 0.3376690596304683
1451 0.322169741846057 0.1091227274282021 0.4220863245380854
1452 0.3241036902153968 0.1184472729138147 0.5065035894457025
1453 0.3260376385847367 0.1277718183994273 0.5909208543533196
1454 0.3163280022776978 0.1343245454858978 0.08417357068590148
1455 0.3201560045559081 0.1436490909715088 0.168347141371803
1456 0.3239840068341184 0.1529736364571199 0.2525207120577044
1457 0.3278120091123287 0.1622981819427309 0.3366942827436059
1458 0.331640011390539 0.1716227274283419 0.4208678534295074
1459 0.3354680136687493 0.180947272913953 0.5050414241154089
1460 0.3392960159469596 0.190271818399564 0.5892149948013103
1461 0.3181430902287706 0.1968245454860189 0.08377207410335465
1462 0.3237861804579242 0.2061490909716284 0.1675441482067093
1463 0.3294292706870777 0.2154736364572379 0.2513162223100639
1464 0.3350723609162312 0.2247981819428474 0.3350882964134186
1465 0.3407154511453847 0.2341227274284569 0.4188603705167733
1466 0.3463585413745382 0.2434472729140664 0.5026324446201278
1467 0.3520016316036917 0.2527718183996759 0.5864045187234825
1468 0.3198417696739896 0.2593245454861391 0.08321968164282377
1469 0.3271835393482327 0.2686490909717471 0.1664393632856475
1470 0.3345253090224757 0.277973636457355 0.2496590449284713
1471 0.3418670786967187 0.287298181942963 0.3328787265712951
1472 0.3492088483709617 0.2966227274285709 0.4160984082141189
1473 0.3565506180452047 0.3059472729141788 0.4993180898569426
1474 0.3638923877194478 0.3152718183997868 0.5825377714997665
1475 0.321388999398684 0.3218245454862596 0.08252589547498598
1476 0.3302779987974919 0.331149090971866 0.165051790949972
1477 0.3391669981962999 0.3404736364574723 0.2475776864249579
1478 0.3480559975951078 0.3497981819430787 0.3301035818999439
1479 0.3569449969939157 0.3591227274286851 0.4126294773749299
1480 0.3658339963927236 0.3684472729142915 0.4951553728499158
1481 0.3747229957915316 0.3777718183998979 0.5776812683249019
1482 0.3227528623692543 0.3843245454863798 0.08170265000346058
1483 0.333005724738503 0.3936490909719847 0.1634053000069212
1484 0.3432585871077517 0.4029736364575895 0.2451079500103817
1485 0.3535114494770004 0.4122981819431944 0.3268106000138423
1486 0.3637643118462491 0.4216227274287992 0.4085132500173029
1487 0.3740171742154978 0.430947272914404 0.4902159000207634
1488 0.3842700365847466 0.440271818400009 0.5719185500242241
1489 0.3239052241338078 0.4468245454865001 0.08076410657102208
1490 0.3353104482674805 0.4561490909721034 0.1615282131420442
1491 0.3467156724011532 0.4654736364577067 0.2422923197130662
1492 0.3581208965348259 0.47479818194331 0.3230564262840883
1493 0.3695261206684986 0.4841227274289133 0.4038205328551104
1494 0.3809313448021713 0.4934472729145166 0.4845846394261324
1495 0.392336568935844 0.50277181840012 0.5653487459971546
1496 0.3248223131937945 0.5093245454866089 0.07972640985834648
1497 0.3371446263873243 0.5186490909722106 0.159452819716693
1498 0.3494669395808541 0.5279736364578124 0.2391792295750394
1499 0.3617892527743839 0.5372981819434141 0.3189056394333859
1500 0.3741115659679137 0.5466227274290159 0.3986320492917324
1501 0.3864338791614435 0.5559472729146175 0.4783584591500789
1502 0.3987561923549733 0.5652718184002193 0.5580848690084254
1503 0.3254852113744424 0.5718245454863722 0.07860741016568761
1504 0.3384704227484907 0.5811490909719723 0.1572148203313752
1505 0.3514556341225389 0.5904736364575726 0.2358222304970628
1506 0.3644408454965872 0.5997981819431727 0.3144296406627504
1507 0.3774260568706355 0.6091227274287729 0.3930370508284381
1508 0.3904112682446838 0.6184472729143732 0.4716444609941257
1509 0.403396479618732 0.6277718183999733 0.5502518711598133
1510 0.3258802440784015 0.6343245454861244 0.07742635635472278
1511 0.3392604881562795 0.643649090971723 0.1548527127094456
1512 0.3526407322341574 0.6529736364573216 0.2322790690641683
1513 0.3660209763120354 0.6622981819429203 0.3097054254188911
1514 0.3794012203899134 0.6716227274285189 0.387131781773614
1515 0.3927814644677913 0.6809472729141176 0.4645581381283367
1516 0.4061617085456692 0.6902718183997163 0.5419844944830595
1517 0.3259992623722069 0.6968245454858761 0.07620356473259303
1518 0.3394985247437606 0.7061490909714732 0.1524071294651861
1519 0.3529977871153144 0.7154736364570703 0.228610694197779
1520 0.3664970494868682 0.7247981819426674 0.3048142589303721
1521 0.3799963118584219 0.7341227274282646 0.3810178236629651
1522 0.3934955742299757 0.7434472729138616 0.4572213883955581
1523 0.4069948366015294 0.7527718183994587 0.5334249531281512
1524 0.3258398110865853 0.7593245454856281 0.07496006957388786
1525 0.3391796221723879 0.7686490909712236 0.1499201391477757
1526 0.3525194332581905 0.7779736364568192 0.2248802087216636
1527 0.3658592443439931 0.7872981819424147 0.2998402782955514
1528 0.3791990554297957 0.7966227274280103 0.3748003478694393
1529 0.3925388665155983 0.8059472729136059 0.4497604174433271
1530 0.4058786776014009 0.8152718183992014 0.5247204870172151
1531 0.3254051794629234 0.8218245454853798 0.0737172612922687
1532 0.3383103589249345 0.8311490909709738 0.1474345225845374
1533 0.3512155383869456 0.8404736364565677 0.2211517838768061
1534 0.3641207178489568 0.8497981819421617 0.2948690451690748
1535 0.377025897310968 0.8591227274277558 0.3685863064613435
1536 0.3899310767729792 0.8684472729133498 0.4423035677536122
1537 0.4028362562349903 0.8777718183989438 0.516020829045881
1538 0.3247043333011403 0.8843245454851466 0.07249651848584199
1539 0.3369086666012389 0.8936490909707391 0.144993036971684
1540 0.3491129999013376 0.9029736364563316 0.217489555457526
1541 0.3613173332014363 0.9122981819419239 0.289986073943368
1542 0.3735216665015349 0.9216227274275164 0.36248259242921
1543 0.3857259998016336 0.9309472729131089 0.4349791109150519
1544 0.3979303331017323 0.9402718183987013 0.507475629400894
1545 0.323751730008647 0.9468245454853607 0.07131884018577483
1546 0.3350034600161227 0.9561490909709516 0.1426376803715497
1547 0.3462551900235983 0.9654736364565425 0.2139565205573245
1548 0.357506920031074 0.9747981819421334 0.2852753607430993
1549 0.3687586500385497 0.9841227274277242 0.3565942009288742
1550 0.3800103800460254 0.9934472729133151 0.427913041114649
1551 0.3912621100535011 1.002771818398906 0.4992318813004239
1552 0.3769339483685423 0.07101321163816017 0.08606379690772359
1553 0.3788678967378813 0.07952642327620542 0.1721275938154472
1554 0.3808018451072204 0.08803963491425065 0.2581913907231708
1555 0.3827357934765595 0.0965528465522959 0.3442551876308944
1556 0.3846697418458985 0.1050660581903411 0.4303189845386179
1557 0.3866036902152376 0.1135792698283864 0.5163827814463415
1558 0.3885376385845767 0.1220924814664316 0.6024465783540652
1559 0.3788280022775693 0.1335132116382832 0.08577749473792207
1560 0.3826560045557783 0.1420264232763262 0.1715549894758441
1561 0.3864840068339871 0.1505396349143692 0.2573324842137662
1562 0.390312009112196 0.1590528465524123 0.3431099789516883
1563 0.3941400113904049 0.1675660581904553 0.4288874736896103
1564 0.3979680136686139 0.1760792698284984 0.5146649684275324
1565 0.4017960159468228 0.1845924814665414 0.6004424631654546
1566 0.380643090228669 0.1960132116383761 0.08530579975089372
1567 0.3862861804578204 0.2045264232764169 0.1706115995017874
1568 0.3919292706869718 0.2130396349144578 0.2559173992526811
1569 0.3975723609161232 0.2215528465524986 0.3412231990035749
1570 0.4032154511452746 0.2300660581905395 0.4265289987544686
1571 0.408858541374426 0.2385792698285803 0.5118347985053623
1572 0.4145016316035774 0.2470924814666212 0.5971405982562561
1573 0.3823417696739152 0.2585132116384681 0.08465682597171033
1574 0.3896835393481555 0.2670264232765067 0.1693136519434207
1575 0.3970253090223959 0.2755396349145454 0.253970477915131
1576 0.4043670786966363 0.284052846552584 0.3386273038868413
1577 0.4117088483708766 0.2925660581906227 0.4232841298585517
1578 0.419050618045117 0.3010792698286613 0.507940955830262
1579 0.4263923877193574 0.3095924814667 0.5925977818019724
1580 0.383888999398637 0.3210132116385601 0.08384173694813075
1581 0.3927779987974419 0.3295264232765965 0.1676834738962615
1582 0.4016669981962467 0.338039634914633 0.2515252108443922
1583 0.4105559975950517 0.3465528465526694 0.335366947792523
1584 0.4194449969938566 0.3550660581907059 0.4192086847406538
1585 0.4283339963926615 0.3635792698287423 0.5030504216887844
1586 0.4372229957914663 0.3720924814667788 0.5868921586369152
1587 0.3852528623692346 0.3835132116386521 0.08287455371695855
1588 0.3955057247384801 0.3920264232766864 0.1657491074339171
1589 0.4057585871077256 0.4005396349147206 0.2486236611508757
1590 0.4160114494769712 0.4090528465527549 0.3314982148678342
1591 0.4262643118462167 0.4175660581907891 0.4143727685847928
1592 0.4365171742154622 0.4260792698288234 0.4972473223017513
1593 0.4467700365847078 0.4345924814668576 0.5801218760187099
1594 0.3864052241338159 0.446013211638744 0.08177191361630996
1595 0.3978104482674855 0.4545264232767761 0.1635438272326199
1596 0.4092156724011551 0.4630396349148082 0.2453157408489299
1597 0.4206208965348248 0.4715528465528402 0.3270876544652399
1598 0.4320261206684944 0.4800660581908723 0.4088595680815498
1599 0.4434313448021641 0.4885792698289044 0.4906314816978598
1600 0.4548365689358337 0.4970924814669364 0.5724033953141698
1601 0.3873223131938306 0.5085132116388265 0.08055278409266654
1602 0.3996446263873578 0.5170264232768563 0.1611055681853331
1603 0.4119669395808849 0.5255396349148862 0.2416583522779996
1604 0.424289252774412 0.5340528465529161 0.3222111363706662
1605 0.4366115659679392 0.5425660581909459 0.4027639204633328
1606 0.4489338791614663 0.5510792698289758 0.4833167045559992
1607 0.4612561923549934 0.5595924814670057 0.5638694886486658
1608 0.3879852113745075 0.5710132116386246 0.07923813642576562
1609 0.4009704227485543 0.5795264232766523 0.1584762728515312
1610 0.4139556341226011 0.5880396349146799 0.2377144092772968
1611 0.4269408454966478 0.5965528465527077 0.3169525457030625
1612 0.4399260568706946 0.6050660581907353 0.3961906821288281
1613 0.4529112682447414 0.613579269828763 0.4754288185545937
1614 0.4658964796187882 0.6220924814667906 0.5546669549803593
1615 0.3883802440784953 0.6335132116384133 0.07785058498383433
1616 0.4017604881563727 0.6420264232764389 0.1557011699676687
1617 0.41514073223425 0.6505396349144643 0.233551754951503
1618 0.4285209763121274 0.6590528465524899 0.3114023399353373
1619 0.4419012203900048 0.6675660581905153 0.3892529249191717
1620 0.4552814644678822 0.6760792698285407 0.467103509903006
1621 0.4686617085457596 0.6845924814665663 0.5449540948868404
1622 0.3884992623723288 0.6960132116382018 0.07641399821470005
1623 0.4019985247438826 0.7045264232762251 0.1528279964294001
1624 0.4154977871154363 0.7130396349142484 0.2292419946441001
1625 0.4289970494869901 0.7215528465522716 0.3056559928588002
1626 0.4424963118585439 0.7300660581902949 0.3820699910735003
1627 0.4559955742300977 0.7385792698283182 0.4584839892882002
1628 0.4694948366016515 0.7470924814663414 0.5348979875029003
1629 0.388339811086735 0.7585132116379908 0.07495308806439413
1630 0.4016796221725379 0.7670264232760119 0.1499061761287883
1631 0.4150194332583408 0.7755396349140329 0.2248592641931824
1632 0.4283592443441437 0.784052846552054 0.2998123522575765
1633 0.4416990554299466 0.7925660581900751 0.3747654403219706
1634 0.4550388665157495 0.8010792698280962 0.4497185283863647
1635 0.4683786776015524 0.8095924814661173 0.5246716164507589
1636 0.3879051794631007 0.8210132116377793 0.07349298488603333
1637 0.4008103589251121 0.8295264232757982 0.1469859697720667
1638 0.4137155383871235 0.8380396349138171 0.2204789546581
1639 0.4266207178491349 0.8465528465518359 0.2939719395441333
1640 0.4395258973111463 0.8550660581898548 0.3674649244301667
1641 0.4524310767731576 0.8635792698278737 0.4409579093161999
1642 0.4653362562351691 0.8720924814658926 0.5144508942022333
1643 0.387204333301345 0.8835132116375815 0.07205880515132601
1644 0.3994086666014435 0.8920264232755981 0.144117610302652
1645 0.411612999901542 0.9005396349136149 0.216176415453978
1646 0.4238173332016406 0.9090528465516315 0.288235220605304
1647 0.4360216665017391 0.9175660581896482 0.3602940257566301
1648 0.4482259998018376 0.9260792698276649 0.4323528309079561
1649 0.4604303331019362 0.9345924814656816 0.5044116360592821
1650 0.3862517300088793 0.94601321163779 0.07067521940085687
1651 0.3975034600163549 0.9545264232758045 0.1413504388017137
1652 0.4087551900238305 0.9630396349138189 0.2120256582025706
1653 0.4200069200313061 0.9715528465518335 0.2827008776034275
1654 0.4312586500387817 0.9800660581898479 0.3533760970042844
1655 0.4425103800462573 0.9885792698278625 0.4240513164051412
1656 0.4537621100537328 0.9970924814658769 0.4947265358059981
1657 0.4394339483683867 0.0700819692121792 0.087585546469072
1658 0.4413678967377251 0.07766393842426768 0.175171092938144
1659 0.4433018451070634 0.08524590763635614 0.262756639407216
1660 0.4452357934764017 0.09282787684844461 0.350342185876288
1661 0.44716974184574 0.1004098460605331 0.43792773234536
1662 0.4491036902150783 0.1079918152726216 0.525513278814432
1663 0.4510376385844166 0.11557378448471 0.6130988252835041
1664 0.4413280022774408 0.1325819692122789 0.08725986539481823
1665 0.4451560045556483 0.1401639384243645 0.1745197307896365
1666 0.4489840068338559 0.14774590763645 0.2617795961844547
1667 0.4528120091120634 0.1553278768485356 0.3490394615792729
1668 0.4566400113902709 0.1629098460606211 0.4362993269740911
1669 0.4604680136684784 0.1704918152727067 0.5235591923689094
1670 0.4642960159466859 0.1780737844847922 0.6108190577637277
1671 0.4431430902285675 0.1950819692123437 0.08672329198986654
1672 0.4487861804577168 0.2026639384244263 0.1734465839797331
1673 0.4544292706868661 0.210245907636509 0.2601698759695996
1674 0.4600723609160154 0.2178278768485916 0.3468931679594662
1675 0.4657154511451648 0.2254098460606742 0.4336164599493327
1676 0.471358541374314 0.2329918152727569 0.5203397519391992
1677 0.4770016316034634 0.2405737844848395 0.6070630439290658
1678 0.4448417696738408 0.2575819692124073 0.08598505630791768
1679 0.4521835393480785 0.265163938424487 0.1719701126158354
1680 0.4595253090223161 0.2727459076365667 0.257955168923753
1681 0.4668670786965539 0.2803278768486464 0.3439402252316707
1682 0.4742088483707916 0.2879098460607261 0.4299252815395884
1683 0.4815506180450293 0.2954918152728058 0.5159103378475061
1684 0.488892387719267 0.3030737844848855 0.6018953941554238
1685 0.4463889993985897 0.3200819692124709 0.08505785736633885
1686 0.4552779987973916 0.3276639384245477 0.1701157147326777
1687 0.4641669981961934 0.3352459076366245 0.2551735720990165
1688 0.4730559975949953 0.3428278768487013 0.3402314294653554
1689 0.4819449969937972 0.3504098460607781 0.4252892868316942
1690 0.4908339963925991 0.3579918152728549 0.5103471441980331
1691 0.4997229957914009 0.3655737844849317 0.5954050015643719
1692 0.447752862369215 0.3825819692125346 0.08395764469960788
1693 0.4580057247384573 0.3901639384246084 0.1679152893992158
1694 0.4682585871076997 0.3977459076366823 0.2518729340988237
1695 0.478511449476942 0.4053278768487562 0.3358305787984315
1696 0.4887643118461844 0.4129098460608301 0.4197882234980395
1697 0.4990171742154267 0.420491815272904 0.5037458681976473
1698 0.5092700365846691 0.4280737844849778 0.5877035128972553
1699 0.448905224133824 0.4450819692125981 0.082703343997859
1700 0.4603104482674906 0.4526639384246691 0.165406687995718
1701 0.4717156724011571 0.46024590763674 0.248110031993577
1702 0.4831208965348237 0.4678278768488109 0.330813375991436
1703 0.4945261206684902 0.4754098460608819 0.413516719989295
1704 0.5059313448021567 0.4829918152729529 0.496220063987154
1705 0.5173365689358234 0.4905737844850239 0.5789234079850131
1706 0.4498223131938667 0.5075819692126541 0.08131653155005369
1707 0.4621446263873912 0.5151639384247222 0.1626330631001074
1708 0.4744669395809157 0.5227459076367902 0.2439495946501611
1709 0.4867892527744401 0.5303278768488582 0.3252661262002148
1710 0.4991115659679646 0.5379098460609263 0.4065826577502685
1711 0.5114338791614891 0.5454918152729943 0.4878991893003222
1712 0.5237561923550136 0.5530737844850624 0.569215720850376
1713 0.4504852113745725 0.5700819692124871 0.07982106309196106
1714 0.4634704227486178 0.5776639384245522 0.1596421261839221
1715 0.4764556341226632 0.5852459076366173 0.2394631892758832
1716 0.4894408454967085 0.5928278768486824 0.3192842523678442
1717 0.5024260568707538 0.6004098460607475 0.3991053154598053
1718 0.5154112682447991 0.6079918152728127 0.4789263785517663
1719 0.5283964796188444 0.6155737844848779 0.5587474416437275
1720 0.4508802440785887 0.6325819692123126 0.07824266344342182
1721 0.4642604881564655 0.6401639384243748 0.1564853268868436
1722 0.4776407322343423 0.6477459076364369 0.2347279903302655
1723 0.4910209763122191 0.6553278768484991 0.3129706537736873
1724 0.5044012203900959 0.6629098460605614 0.3912133172171091
1725 0.5177814644679728 0.6704918152726236 0.4694559806605309
1726 0.5311617085458495 0.6780737844846858 0.5476986441039527
1727 0.4509992623724506 0.6950819692121376 0.07660848399394378
1728 0.4644985247440045 0.7026639384241968 0.1532169679878876
1729 0.4779977871155583 0.7102459076362562 0.2298254519818313
1730 0.4914970494871121 0.7178278768483154 0.3064339359757751
1731 0.504996311858666 0.7254098460603746 0.3830424199697189
1732 0.5184955742302197 0.732991815272434 0.4596509039636626
1733 0.5319948366017736 0.7405737844844933 0.5362593879576065
1734 0.4508398110868849 0.757581969211963 0.07494663564864509
1735 0.4641796221726881 0.7651639384240193 0.1498932712972902
1736 0.4775194332584913 0.7727459076360758 0.2248399069459353
1737 0.4908592443442945 0.7803278768481321 0.2997865425945804
1738 0.5041990554300977 0.7879098460601884 0.3747331782432254
1739 0.5175388665159009 0.7954918152722448 0.4496798138918705
1740 0.530878677601704 0.8030737844843012 0.5246264495405156
1741 0.4504051794632781 0.8200819692117883 0.07328570526876095
1742 0.4633103589252897 0.8276639384238418 0.1465714105375219
1743 0.4762155383873013 0.8352459076358952 0.2198571158062828
1744 0.4891207178493129 0.8428278768479487 0.2931428210750438
1745 0.5020258973113246 0.8504098460600021 0.3664285263438048
1746 0.5149310767733362 0.8579918152720556 0.4397142316125657
1747 0.5278362562353478 0.865573784484109 0.5129999368813267
1748 0.4497043333015497 0.8825819692116256 0.07165426392482548
1749 0.461908666601648 0.890163938423676 0.143308527849651
1750 0.4741129999017464 0.8977459076357266 0.2149627917744764
1751 0.4863173332018448 0.9053278768477772 0.2866170556993019
1752 0.4985216665019432 0.9129098460598276 0.3582713196241274
1753 0.5107259998020416 0.9204918152718782 0.4299255835489528
1754 0.52293033310214 0.9280737844839286 0.5015798474737784
1755 0.4487517300091116 0.9450819692118289 0.07008037542147522
1756 0.4600034600165871 0.9526639384238765 0.1401607508429504
1757 0.4712551900240626 0.9602459076359241 0.2102411262644256
1758 0.4825069200315381 0.9678278768479717 0.2803215016859009
1759 0.4937586500390136 0.9754098460600193 0.3504018771073761
1760 0.5050103800464891 0.9829918152720669 0.4204822525288513
1761 0.5162621100539646 0.9905737844841145 0.4905626279503266
1762 0.5019339483682402 0.06904393475655429 0.08896535062102703
1763 0.5038678967375778 0.07558786951304207 0.1779307012420541
1764 0.5058018451069154 0.08213180426952983 0.2668960518630811
1765 0.507735793476253 0.08867573902601761 0.3558614024841081
1766 0.5096697418455906 0.09521967378250537 0.4448267531051352
1767 0.5116036902149281 0.1017636085389931 0.5337921037261621
1768 0.5135376385842657 0.1083075432954809 0.6227574543471893
1769 0.5038280022773191 0.1315439347566308 0.08860396381881187
1770 0.5076560045555252 0.1380878695131149 0.1772079276376237
1771 0.5114840068337313 0.144631804269599 0.2658118914564356
1772 0.5153120091119374 0.1511757390260831 0.3544158552752475
1773 0.5191400113901435 0.1577196737825672 0.4430198190940594
1774 0.5229680136683497 0.1642636085390514 0.5316237829128713
1775 0.5267960159465559 0.1708075432955355 0.6202277467316832
1776 0.5056430902284708 0.1940439347566673 0.0880085637102444
1777 0.511286180457618 0.2005878695131477 0.1760171274204888
1778 0.5169292706867652 0.2071318042696282 0.2640256911307332
1779 0.5225723609159124 0.2136757390261086 0.3520342548409776
1780 0.5282154511450596 0.2202196737825891 0.440042818551222
1781 0.533858541374207 0.2267636085390695 0.5280513822614664
1782 0.5395016316033542 0.23330754329555 0.6160599459717109
1783 0.507341769673769 0.2565439347567025 0.08718939227698964
1784 0.514683539348004 0.2630878695131793 0.1743787845539793
1785 0.5220253090222391 0.2696318042696561 0.2615681768309689
1786 0.5293670786964741 0.2761757390261328 0.3487575691079586
1787 0.5367088483707092 0.2827196737826096 0.4359469613849482
1788 0.5440506180449443 0.2892636085390864 0.5231363536619378
1789 0.5513923877191793 0.2958075432955632 0.6103257459389275
1790 0.5088889993985434 0.3190439347567378 0.08616054078083837
1791 0.5177779987973422 0.3255878695132109 0.1723210815616767
1792 0.526666998196141 0.3321318042696841 0.2584816223425151
1793 0.5355559975949399 0.3386757390261572 0.3446421631233535
1794 0.5444449969937388 0.3452196737826304 0.4308027039041919
1795 0.5533339963925377 0.3517636085391035 0.5169632446850302
1796 0.5622229957913365 0.3583075432955766 0.6031237854658686
1797 0.510252862369194 0.381543934756773 0.08493970736797544
1798 0.5205057247384332 0.3880878695132424 0.1698794147359509
1799 0.5307585871076723 0.3946318042697119 0.2548191221039263
1800 0.5410114494769116 0.4011757390261814 0.3397588294719018
1801 0.5512643118461508 0.4077196737826508 0.4246985368398772
1802 0.5615171742153899 0.4142636085391203 0.5096382442078526
1803 0.5717700365846291 0.4208075432955898 0.5945779515758282
1804 0.5114052241338288 0.4440439347568081 0.08354789262817396
1805 0.5228104482674922 0.4505878695132739 0.1670957852563479
1806 0.5342156724011558 0.4571318042697397 0.2506436778845219
1807 0.5456208965348193 0.4636757390262055 0.3341915705126958
1808 0.5570261206684828 0.4702196737826714 0.4177394631408698
1809 0.5684313448021463 0.4767636085391372 0.5012873557690437
1810 0.5798365689358097 0.483307543295603 0.5848352483972178
1811 0.5123223131938976 0.506543934756838 0.08200903834586011
1812 0.5246446263874194 0.5130878695133001 0.1640180766917202
1813 0.5369669395809412 0.5196318042697623 0.2460271150375803
1814 0.5492892527744631 0.5261757390262244 0.3280361533834404
1815 0.5616115659679848 0.5327196737826866 0.4100451917293005
1816 0.5739338791615066 0.5392636085391488 0.4920542300751606
1817 0.5862561923550285 0.5458075432956109 0.5740632684210207
1818 0.5129852113746302 0.5690439347567053 0.08034961565720067
1819 0.5259704227486739 0.5755878695131638 0.1606992313144013
1820 0.5389556341227177 0.5821318042696223 0.241048846971602
1821 0.5519408454967616 0.5886757390260808 0.3213984626288027
1822 0.5649260568708054 0.5952196737825393 0.4017480782860033
1823 0.5779112682448492 0.6017636085389978 0.482097693943204
1824 0.590896479618893 0.6083075432954563 0.5624473096004048
1825 0.513380244078673 0.6315439347565673 0.07859816969765239
1826 0.5267604881565493 0.6380878695130221 0.1571963393953048
1827 0.5401407322344255 0.644631804269477 0.2357945090929571
1828 0.5535209763123018 0.6511757390259318 0.3143926787906096
1829 0.566901220390178 0.6577196737823866 0.3929908484882619
1830 0.5802814644680543 0.6642636085388415 0.4715890181859143
1831 0.5936617085459306 0.6708075432952963 0.5501871878835667
1832 0.5134992623725609 0.6940439347564293 0.07678482857291628
1833 0.5269985247441148 0.7005878695128804 0.1535696571458326
1834 0.5404977871156686 0.7071318042693316 0.2303544857187489
1835 0.5539970494872225 0.7136757390257829 0.3071393142916651
1836 0.5674963118587764 0.7202196737822341 0.3839241428645814
1837 0.5809955742303302 0.7267636085386852 0.4607089714374977
1838 0.5944948366018841 0.7333075432951364 0.537493800010414
1839 0.5133398110870211 0.7565439347562913 0.07494078509986493
1840 0.5266796221728246 0.7630878695127389 0.1498815701997299
1841 0.5400194332586281 0.7696318042691863 0.2248223552995948
1842 0.5533592443444316 0.7761757390256339 0.2997631403994597
1843 0.5666990554302351 0.7827196737820814 0.3747039254993247
1844 0.5800388665160385 0.7892636085385289 0.4496447105991896
1845 0.593378677601842 0.7958075432949764 0.5245854956990545
1846 0.5129051794634399 0.8190439347561532 0.073097760232474
1847 0.5258103589254518 0.8255878695125971 0.146195520464948
1848 0.5387155383874637 0.8321318042690409 0.219293280697422
1849 0.5516207178494755 0.8386757390254848 0.292391040929896
1850 0.5645258973114874 0.8452196737819286 0.36548880116237
1851 0.5774310767734993 0.8517636085383725 0.438586561394844
1852 0.5903362562355111 0.8583075432948164 0.511684321627318
1853 0.5122043333017369 0.8815439347560259 0.07128745740282001
1854 0.524408666601835 0.8880878695124661 0.14257491480564
1855 0.5366129999019333 0.8946318042689063 0.21386237220846
1856 0.5488173332020315 0.9011757390253464 0.28514982961128
1857 0.5610216665021298 0.9077196737817866 0.3564372870141001
1858 0.573225999802228 0.9142636085382269 0.42772474441692
1859 0.5854303331023263 0.9208075432946671 0.4990122018197402
1860 0.5112517300093244 0.9440439347562242 0.06954101716347941
1861 0.5225034600167998 0.9505878695126607 0.1390820343269588
1862 0.5337551900242752 0.9571318042690973 0.2086230514904382
1863 0.5450069200317507 0.9636757390255338 0.2781640686539176
1864 0.556258650039226 0.9702196737819703 0.347705085817397
1865 0.5675103800467014 0.9767636085384068 0.4172461029808764
1866 0.5787621100541768 0.9833075432948434 0.4867871201443559
1867 0.5644339483683579 0.06791372898566933 0.09018764731662825
1868 0.5663678967376947 0.07332745797129633 0.1803752946332565
1869 0.5683018451070316 0.07874118695692334 0.2705629419498847
1870 0.5702357934763684 0.08415491594255034 0.360750589266513
1871 0.5721697418457052 0.08956864492817734 0.4509382365831412
1872 0.574103690215042 0.09498237391380435 0.5411258838997695
1873 0.576037638584379 0.1003961028994313 0.6313135312163978
1874 0.5663280022774009 0.1304137289857237 0.08979463066807512
1875 0.5701560045556056 0.1358274579713475 0.1795892613361502
1876 0.5739840068338103 0.1412411869569712 0.2693838920042254
1877 0.577812009112015 0.1466549159425949 0.3591785226723005
1878 0.5816400113902198 0.1520686449282186 0.4489731533403756
1879 0.5854680136684245 0.1574823739138423 0.5387677840084507
1880 0.5892960159466293 0.1628961028994661 0.628562414676526
1881 0.5681430902285164 0.1929137289857331 0.08914711904401305
1882 0.5737861804576616 0.1983274579713536 0.1782942380880261
1883 0.5794292706868067 0.203741186956974 0.2674413571320391
1884 0.5850723609159518 0.2091549159425944 0.3565884761760522
1885 0.5907154511450969 0.2145686449282149 0.4457355952200652
1886 0.596358541374242 0.2199823739138353 0.5348827142640783
1887 0.6020016316033873 0.2253961028994558 0.6240298333080914
1888 0.569841769673779 0.2554137289857411 0.0882562508404318
1889 0.5771835393480114 0.2608274579713583 0.1765125016808636
1890 0.5845253090222438 0.2662411869569754 0.2647687525212954
1891 0.5918670786964763 0.2716549159425926 0.3530250033617272
1892 0.5992088483707086 0.2770686449282097 0.441281254202159
1893 0.606550618044941 0.2824823739138269 0.5295375050425908
1894 0.6138923877191734 0.2878961028994441 0.6177937558830227
1895 0.5713889993985173 0.317913728985749 0.08713735063600704
1896 0.5802779987973131 0.3233274579713629 0.1742747012720141
1897 0.5891669981961088 0.3287411869569767 0.2614120519080211
1898 0.5980559975949047 0.3341549159425906 0.3485494025440282
1899 0.6069449969937005 0.3395686449282045 0.4356867531800352
1900 0.6158339963924964 0.3449823739138184 0.5228241038160422
1901 0.6247229957912922 0.3503961028994323 0.6099614544520493
1902 0.5727528623691327 0.3804137289857569 0.08580966558104007
1903 0.5830057247383686 0.3858274579713675 0.1716193311620801
1904 0.5932585871076047 0.3912411869569781 0.2574289967431202
1905 0.6035114494768407 0.3966549159425887 0.3432386623241603
1906 0.6137643118460767 0.4020686449281993 0.4290483279052003
1907 0.6240171742153127 0.4074823739138099 0.5148579934862404
1908 0.6342700365845487 0.4128961028994205 0.6006676590672805
1909 0.5739052241337322 0.4429137289857648 0.08429603431092009
1910 0.5853104482673926 0.4483274579713721 0.1685920686218402
1911 0.5967156724010531 0.4537411869569793 0.2528881029327603
1912 0.6081208965347135 0.4591549159425867 0.3371841372436803
1913 0.619526120668374 0.464568644928194 0.4214801715546004
1914 0.6309313448020344 0.4699823739138013 0.5057762058655205
1915 0.6423365689356948 0.4753961028994086 0.5900722401764407
1916 0.574822313193766 0.5054137289857693 0.08262249407940905
1917 0.587144626387285 0.5108274579713734 0.1652449881588181
1918 0.5994669395808042 0.5162411869569774 0.2478674822382272
1919 0.6117892527743233 0.5216549159425815 0.3304899763176362
1920 0.6241115659678425 0.5270686449281855 0.4131124703970453
1921 0.6364338791613615 0.5324823739137895 0.4957349644764543
1922 0.6487561923548807 0.5378961028993936 0.5783574585558634
1923 0.5754852113744643 0.5679137289856724 0.08081783286978481
1924 0.5884704227485067 0.5733274579712732 0.1616356657395696
1925 0.601455634122549 0.5787411869568738 0.2424534986093544
1926 0.6144408454965913 0.5841549159424746 0.3232713314791392
1927 0.6274260568706337 0.5895686449280754 0.4040891643489241
1928 0.640411268244676 0.5949823739136761 0.4849069972187088
1929 0.6533964796187183 0.6003961028992769 0.5657248300884937
1930 0.5758802440784726 0.630413728985572 0.07891309418834432
1931 0.5892604881563483 0.6358274579711696 0.1578261883766886
1932 0.602640732234224 0.641241186956767 0.2367392825650329
1933 0.6160209763120996 0.6466549159423645 0.3156523767533773
1934 0.6294012203899754 0.6520686449279619 0.3945654709417216
1935 0.642781464467851 0.6574823739135595 0.4734785651300658
1936 0.6561617085457268 0.6628961028991569 0.5523916593184102
1937 0.575999262372326 0.6929137289854722 0.07694104305876111
1938 0.58949852474388 0.6983274579710663 0.1538820861175222
1939 0.6029977871154338 0.7037411869566605 0.2308231291762833
1940 0.6164970494869877 0.7091549159422548 0.3077641722350444
1941 0.6299963118585415 0.714568644927849 0.3847052152938056
1942 0.6434955742300954 0.7199823739134431 0.4616462583525667
1943 0.6569948366016494 0.7253961028990373 0.5385873014113278
1944 0.575839811086751 0.7554137289853718 0.0749356024031536
1945 0.5891796221725547 0.7608274579709627 0.1498712048063072
1946 0.6025194332583585 0.7662411869565537 0.2248068072094608
1947 0.6158592443441623 0.7716549159421446 0.2997424096126144
1948 0.6291990554299661 0.7770686449277355 0.374678012015768
1949 0.6425388665157699 0.7824823739133264 0.4496136144189216
1950 0.6558786776015737 0.7878961028989173 0.5245492168220752
1951 0.5754051794631344 0.8179137289852715 0.07293126950516353
1952 0.5883103589251465 0.823327457970859 0.1458625390103271
1953 0.6012155383871586 0.8287411869564467 0.2187938085154906
1954 0.6141207178491707 0.8341549159420343 0.2917250780206541
1955 0.6270258973111829 0.839568644927622 0.3646563475258177
1956 0.6399310767731949 0.8449823739132096 0.4375876170309812
1957 0.652836256235207 0.8503961028987972 0.5105188865361447
1958 0.5747043333013954 0.8804137289851807 0.07096252259295514
1959 0.5869086666014935 0.885827457970765 0.1419250451859103
1960 0.5991129999015916 0.8912411869563494 0.2128875677788654
1961 0.6113173332016897 0.8966549159419337 0.2838500903718206
1962 0.6235216665017878 0.902068644927518 0.3548126129647757
1963 0.6357259998018859 0.9074823739131025 0.4257751355577308
1964 0.647930333101984 0.9128961028986868 0.496737658150686
1965 0.5737517300089477 0.9429137289853745 0.0690632277499965
1966 0.5850034600164231 0.9483274579709555 0.138126455499993
1967 0.5962551900238984 0.9537411869565366 0.2071896832499895
1968 0.6075069200313736 0.9591549159421177 0.276252910999986
1969 0.6187586500388489 0.9645686449276988 0.3453161387499825
1970 0.6300103800463241 0.9699823739132798 0.414379366499979
1971 0.6412621100537995 0.9753961028988609 0.4834425942499755
1972 0.6269339483684847 0.066707270846811 0.09123865094828511
1973 0.6288678967378207 0.07091454169360388 0.1824773018965702
1974 0.6308018451071569 0.07512181254039677 0.2737159528448553
1975 0.6327357934764929 0.07932908338718964 0.3649546037931404
1976 0.634669741845829 0.08353635423398251 0.4561932547414255
1977 0.6366036902151651 0.08774362508077539 0.5474319056897106
1978 0.6385376385845012 0.09195089592756828 0.6386705566379958
1979 0.6288280022774896 0.1292072708468434 0.0908184370705408
1980 0.6326560045556929 0.1334145416936336 0.1816368741410816
1981 0.6364840068338963 0.1376218125404237 0.2724553112116224
1982 0.6403120091120996 0.1418290833872139 0.3632737482821632
1983 0.644140011390303 0.146036354234004 0.454092185352704
1984 0.6479680136685063 0.1502436250807941 0.5449106224232447
1985 0.6517960159467097 0.1544508959275843 0.6357290594937857
1986 0.6306430902285669 0.1917072708468259 0.09012611685603346
1987 0.63628618045771 0.1959145416936133 0.1802522337120669
1988 0.641929270686853 0.2001218125404007 0.2703783505681003
1989 0.6475723609159961 0.2043290833871881 0.3605044674241338
1990 0.6532154511451391 0.2085363542339756 0.4506305842801673
1991 0.6588585413742821 0.212743625080763 0.5407567011362007
1992 0.6645016316034252 0.2169508959275504 0.6308828179922342
1993 0.6323417696737913 0.2542072708468067 0.08917359949127703
1994 0.639683539348021 0.2584145416935914 0.1783471989825541
1995 0.6470253090222509 0.2626218125403761 0.267520798473831
1996 0.6543670786964806 0.2668290833871608 0.3566943979651081
1997 0.6617088483707103 0.2710363542339455 0.4458679974563852
1998 0.66905061804494 0.2752436250807302 0.5350415969476621
1999 0.6763923877191698 0.2794508959275149 0.6242151964389392
2000 0.6338889993984923 0.3167072708467875 0.08797727003439516
2001 0.642777998797285 0.3209145416935695 0.1759545400687903
2002 0.6516669981960779 0.3251218125403514 0.2639318101031854
2003 0.6605559975948706 0.3293290833871334 0.3519090801375807
2004 0.6694449969936634 0.3335363542339153 0.4398863501719758
2005 0.6783339963924562 0.3377436250806973 0.5278636202063709
2006 0.687222995791249 0.3419508959274792 0.6158408902407662
2007 0.6352528623690699 0.3792072708467683 0.08655770756185548
2008 0.6455057247383027 0.3834145416935476 0.173115415123711
2009 0.6557585871075355 0.3876218125403267 0.2596731226855664
2010 0.6660114494767684 0.391829083387106 0.3462308302474219
2011 0.6762643118460012 0.3960363542338852 0.4327885378092774
2012 0.6865171742152341 0.4002436250806645 0.5193462453711328
2013 0.6967700365844669 0.4044508959274437 0.6059039529329884
2014 0.6364052241336321 0.4417072708467492 0.08493933117034153
2015 0.6478104482672895 0.4459145416935257 0.1698786623406831
2016 0.6592156724009468 0.4501218125403022 0.2548179935110246
2017 0.6706208965346042 0.4543290833870787 0.3397573246813661
2018 0.6820261206682615 0.4585363542338552 0.4246966558517077
2019 0.6934313448019189 0.4627436250806317 0.5096359870220492
2020 0.7048365689355762 0.4669508959274082 0.5945753181923907
2021 0.637322313193629 0.5042072708467286 0.08314997992318397
2022 0.6496446263871454 0.5084145416935023 0.1662999598463679
2023 0.6619669395806619 0.5126218125402762 0.2494499397695519
2024 0.6742892527741783 0.5168290833870499 0.3325999196927359
2025 0.6866115659676948 0.5210363542338237 0.4157498996159199
2026 0.6989338791612112 0.5252436250805974 0.4988998795391038
2027 0.7112561923547277 0.5294508959273712 0.5820498594622878
2028 0.637985211374291 0.5667072708466677 0.08122043396704927
2029 0.6509704227483318 0.5709145416934387 0.1624408679340985
2030 0.6639556341223727 0.5751218125402098 0.2436613019011478
2031 0.6769408454964135 0.5793290833869807 0.3248817358681971
2032 0.6899260568704544 0.5835363542337518 0.4061021698352464
2033 0.7029112682444951 0.5877436250805229 0.4873226038022956
2034 0.7158964796185361 0.5919508959272939 0.568543037769345
2035 0.6383802440782629 0.6292072708466052 0.07918388505655773
2036 0.6517604881561381 0.6334145416933735 0.1583677701131155
2037 0.6651407322340132 0.6376218125401418 0.2375516551696732
2038 0.6785209763118882 0.6418290833869101 0.3167355402262309
2039 0.6919012203897633 0.6460363542336784 0.3959194252827887
2040 0.7052814644676384 0.6502436250804468 0.4751033103393464
2041 0.7186617085455136 0.6544508959272151 0.5542871953959042
2042 0.6384992623720794 0.6917072708465432 0.07707536559479693
2043 0.6519985247436333 0.6959145416933088 0.1541507311895939
2044 0.6654977871151873 0.7001218125400743 0.2312260967843907
2045 0.6789970494867411 0.70432908338684 0.3083014623791877
2046 0.6924963118582951 0.7085363542336055 0.3853768279739846
2047 0.7059955742298489 0.7127436250803711 0.4624521935687815
2048 0.7194948366014029 0.7169508959271367 0.5395275591635785
2049 0.6383398110864674 0.7542072708464808 0.07493114601127732
2050 0.6516796221722716 0.7584145416932436 0.1498622920225546
2051 0.6650194332580757 0.7626218125400064 0.2247934380338319
2052 0.6783592443438797 0.7668290833867693 0.2997245840451093
2053 0.6916990554296838 0.7710363542335321 0.3746557300563866
2054 0.705038866515488 0.775243625080295 0.4495868760676639
2055 0.718378677601292 0.7794508959270579 0.5245180220789413
2056 0.6379051794628133 0.8167072708464184 0.07278811084354737
2057 0.6508103589248256 0.8209145416931785 0.1455762216870947
2058 0.6637155383868381 0.8251218125399387 0.2183643325306421
2059 0.6766207178488504 0.8293290833866988 0.2911524433741895
2060 0.6895258973108627 0.8335363542334588 0.3639405542177369
2061 0.702431076772875 0.8377436250802189 0.4367286650612842
2062 0.7153362562348873 0.8419508959269791 0.5095167759048316
2063 0.6372043333010367 0.8792072708463644 0.07068312425501587
2064 0.6494086666011346 0.8834145416931217 0.1413662485100317
2065 0.6616129999012326 0.8876218125398792 0.2120493727650476
2066 0.6738173332013305 0.8918290833866366 0.2827324970200635
2067 0.6860216665014285 0.8960363542333939 0.3534156212750794
2068 0.6982259998015264 0.9002436250801513 0.4240987455300952
2069 0.7104303331016244 0.9044508959269087 0.4947818697851111
2070 0.6362517300085515 0.9417072708465543 0.06865239590324057
2071 0.6475034600160268 0.9459145416933089 0.1373047918064811
2072 0.6587551900235019 0.9501218125400636 0.2059571877097217
2073 0.6700069200309771 0.9543290833868182 0.2746095836129623
2074 0.6812586500384522 0.9585363542335729 0.3432619795162029
2075 0.6925103800459275 0.9627436250803276 0.4119143754194434
2076 0.7037621100534026 0.9669508959270823 0.480566771322684
2077 0.6894339483686115 0.06544155330179763 0.09210650782802786
2078 0.6913678967379469 0.06838310660360135 0.1842130156560557
2079 0.6933018451072822 0.07132465990540506 0.2763195234840836
2080 0.6952357934766175 0.07426621320720878 0.3684260313121114
2081 0.6971697418459528 0.07720776650901248 0.4605325391401394
2082 0.6991036902152882 0.08014931981081619 0.5526390469681671
2083 0.7010376385846235 0.08309087311261991 0.6447455547961951
2084 0.6913280022775786 0.1279415533018083 0.0916638360807268
2085 0.6951560045557805 0.1308831066036099 0.1833276721614536
2086 0.6989840068339825 0.1338246599054115 0.2749915082421804
2087 0.7028120091121844 0.1367662132072132 0.3666553443229072
2088 0.7066400113903865 0.1397077665090148 0.458319180403634
2089 0.7104680136685884 0.1426493198108165 0.5499830164843608
2090 0.7142960159467904 0.1455908731126181 0.6416468525650877
2091 0.6931430902286176 0.1904415533017639 0.09093451557210246
2092 0.6987861804577585 0.1933831066035634 0.1818690311442049
2093 0.7044292706868995 0.196324659905363 0.2728035467163074
2094 0.7100723609160404 0.1992662132071626 0.3637380622884098
2095 0.7157154511451814 0.2022077665089622 0.4546725778605123
2096 0.7213585413743223 0.2051493198107618 0.5456070934326147
2097 0.7270016316034633 0.2080908731125613 0.6365416090047172
2098 0.694841769673804 0.2529415533017176 0.08993109196207297
2099 0.7021835393480311 0.2558831066035152 0.1798621839241459
2100 0.7095253090222582 0.2588246599053126 0.2697932758862189
2101 0.7168670786964852 0.2617662132071101 0.3597243678482919
2102 0.7242088483707123 0.2647077665089076 0.4496554598103648
2103 0.7315506180449395 0.2676493198107052 0.5395865517724378
2104 0.7388923877191665 0.2705908731125027 0.6295176437345108
2105 0.696388999398467 0.3154415533016716 0.08867082599021255
2106 0.7052779987972568 0.318383106603467 0.1773416519804251
2107 0.7141669981960466 0.3213246599052624 0.2660124779706377
2108 0.7230559975948363 0.3242662132070578 0.3546833039608502
2109 0.7319449969936261 0.3272077665088533 0.4433541299510628
2110 0.7408339963924159 0.3301493198106487 0.5320249559412753
2111 0.7497229957912056 0.3330908731124442 0.6206957819314879
2112 0.6977528623690071 0.3779415533016253 0.08717539655914729
2113 0.7080057247382369 0.3808831066034187 0.1743507931182946
2114 0.7182585871074665 0.3838246599052121 0.2615261896774418
2115 0.7285114494766962 0.3867662132070054 0.3487015862365891
2116 0.7387643118459258 0.3897077665087988 0.4358769827957365
2117 0.7490171742151555 0.3926493198105922 0.5230523793548837
2118 0.7592700365843852 0.3955908731123856 0.6102277759140311
2119 0.6989052241335323 0.4404415533015791 0.08547052781738564
2120 0.7103104482671866 0.4433831066033704 0.1709410556347713
2121 0.7217156724008408 0.4463246599051617 0.2564115834521569
2122 0.7331208965344951 0.449266213206953 0.3418821112695425
2123 0.7445261206681494 0.4522077665087443 0.4273526390869282
2124 0.7559313448018037 0.4551493198105356 0.5128231669043138
2125 0.767336568935458 0.4580908731123269 0.5982936947216996
2126 0.699822313193492 0.5029415533015338 0.08358554665644745
2127 0.7121446263870057 0.505883106603323 0.1671710933128949
2128 0.7244669395805196 0.5088246599051123 0.2507566399693423
2129 0.7367892527740333 0.5117662132069014 0.3343421866257898
2130 0.7491115659675471 0.5147077665086907 0.4179277332822372
2131 0.7614338791610609 0.5176493198104799 0.5015132799386847
2132 0.7737561923545747 0.5205908731122691 0.5850988265951321
2133 0.7004852113741177 0.5654415533015088 0.08155287823415784
2134 0.713470422748157 0.5683831066032959 0.1631057564683157
2135 0.7264556341221964 0.5713246599050832 0.2446586347024735
2136 0.7394408454962357 0.5742662132068703 0.3262115129366314
2137 0.7524260568702751 0.5772077665086575 0.4077643911707892
2138 0.7654112682443144 0.5801493198104446 0.489317269404947
2139 0.7783964796183538 0.5830908731122318 0.5708701476391049
2140 0.7008802440780532 0.6279415533014844 0.07940748820204012
2141 0.7142604881559277 0.6308831066032694 0.1588149764040802
2142 0.7276407322338022 0.6338246599050545 0.2382224646061203
2143 0.7410209763116768 0.6367662132068396 0.3176299528081605
2144 0.7544012203895514 0.6397077665086247 0.3970374410102006
2145 0.7677814644674259 0.6426493198104097 0.4764449292122407
2146 0.7811617085453004 0.6455908731121949 0.5558524174142809
2147 0.700999262371833 0.6904415533014603 0.07718628123152067
2148 0.7144985247433869 0.6933831066032433 0.1543725624630413
2149 0.7279977871149408 0.6963246599050263 0.231558843694562
2150 0.7414970494864948 0.6992662132068094 0.3087451249260827
2151 0.7549963118580487 0.7022077665085924 0.3859314061576034
2152 0.7684955742296027 0.7051493198103754 0.463117687389124
2153 0.7819948366011567 0.7080908731121585 0.5403039686206447
2154 0.7008398110861838 0.7529415533014362 0.07492746618541225
2155 0.7141796221719882 0.7558831066032172 0.1498549323708245
2156 0.7275194332577926 0.7588246599049981 0.2247823985562368
2157 0.740859244343597 0.7617662132067791 0.299709864741649
2158 0.7541990554294014 0.76470776650856 0.3746373309270613
2159 0.7675388665152058 0.767649319810341 0.4495647971124735
2160 0.7808786776010102 0.7705908731121219 0.5244922632978859
2161 0.7004051794624923 0.8154415533014119 0.07266989885489586
2162 0.7133103589245049 0.8183831066031907 0.1453397977097917
2163 0.7262155383865174 0.8213246599049696 0.2180096965646875
2164 0.73912071784853 0.8242662132067485 0.2906795954195834
2165 0.7520258973105425 0.8272077665085273 0.3633494942744793
2166 0.7649310767725551 0.8301493198103063 0.4360193931293751
2167 0.7778362562345676 0.8330908731120851 0.508689291984271
2168 0.6997043333006777 0.8779415533013942 0.07045241356813924
2169 0.7119086666007756 0.880883106603171 0.1409048271362785
2170 0.7241129999008733 0.8838246599049479 0.2113572407044177
2171 0.7363173332009711 0.8867662132067247 0.2818096542725569
2172 0.748521666501069 0.8897077665085015 0.3522620678406961
2173 0.7607259998011668 0.8926493198102783 0.4227144814088353
2174 0.7729303331012646 0.8955908731120551 0.4931668949769746
2175 0.6987517300081553 0.9404415533015801 0.06831315516811336
2176 0.7100034600156304 0.9433831066033549 0.1366263103362267
2177 0.7212551900231055 0.9463246599051296 0.2049394655043401
2178 0.7325069200305805 0.9492662132069043 0.2732526206724534
2179 0.7437586500380556 0.9522077665086791 0.3415657758405668
2180 0.7550103800455307 0.9551493198104538 0.4098789310086802
2181 0.7662621100530058 0.9580908731122286 0.4781920861767936
2182 0.7519339483687379 0.06413440398113067 0.0927814298786845
2183 0.7538678967380725 0.06576880796229161 0.185562859757369
2184 0.7558018451074071 0.06740321194345256 0.2783442896360535
2185 0.7577357934767418 0.06903761592461351 0.371125719514738
2186 0.7596697418460764 0.07067201990577446 0.4639071493934225
2187 0.761603690215411 0.07230642388693539 0.5566885792721069
2188 0.7635376385847455 0.07394082786809635 0.6494700091507914
2189 0.7538280022776671 0.1266344039811195 0.09232129291133585
2190 0.7576560045558677 0.1282688079622791 0.1846425858226717
2191 0.7614840068340682 0.1299032119434387 0.2769638787340075
2192 0.7653120091122688 0.1315376159245983 0.3692851716453434
2193 0.7691400113904694 0.1331720199057579 0.4616064645566793
2194 0.77296801366867 0.1348064238869175 0.553927757468015
2195 0.7767960159468705 0.1364408278680772 0.646249050379351
2196 0.755643090228668 0.1891344039810484 0.09156319771075126
2197 0.7612861804578068 0.1907688079622067 0.1831263954215025
2198 0.7669292706869457 0.192403211943365 0.2746895931322538
2199 0.7725723609160846 0.1940376159245233 0.366252790843005
2200 0.7782154511452235 0.1956720199056816 0.4578159885537563
2201 0.7838585413743623 0.1973064238868399 0.5493791862645075
2202 0.7895016316035012 0.1989408278679981 0.6409423839752589
2203 0.7573417696738165 0.2516344039809753 0.09052018491470198
2204 0.764683539348041 0.2532688079621322 0.181040369829404
2205 0.7720253090222654 0.2549032119432892 0.271560554744106
2206 0.7793670786964899 0.2565376159244461 0.3620807396588079
2207 0.7867088483707143 0.2581720199056031 0.45260092457351
2208 0.7940506180449387 0.2598064238867601 0.5431211094882119
2209 0.8013923877191632 0.261440827867917 0.6336412944029139
2210 0.758888999398442 0.3141344039809021 0.08921019626988924
2211 0.7677779987972287 0.3157688079620578 0.1784203925397785
2212 0.7766669981960155 0.3174032119432134 0.2676305888096677
2213 0.7855559975948022 0.319037615924369 0.356840785079557
2214 0.7944449969935889 0.3206720199055246 0.4460509813494462
2215 0.8033339963923757 0.3223064238866802 0.5352611776193354
2216 0.8122229957911624 0.3239408278678358 0.6244713738892247
2217 0.7602528623689444 0.3766344039808292 0.08765576600075949
2218 0.7705057247381709 0.3782688079619835 0.175311532001519
2219 0.7807585871073973 0.3799032119431378 0.2629672980022785
2220 0.7910114494766238 0.3815376159242921 0.3506230640030379
2221 0.8012643118458503 0.3831720199054464 0.4382788300037975
2222 0.8115171742150769 0.3848064238866007 0.5259345960045569
2223 0.8217700365843034 0.386440827867755 0.6135903620053165
2224 0.7614052241334321 0.4391344039807559 0.08588363317921978
2225 0.7728104482670833 0.4407688079619089 0.1717672663584396
2226 0.7842156724007345 0.4424032119430619 0.2576508995376593
2227 0.7956208965343858 0.4440376159242148 0.3435345327168791
2228 0.807026120668037 0.4456720199053678 0.4294181658960989
2229 0.8184313448016882 0.4473064238865208 0.5153017990753186
2230 0.8298365689353394 0.4489408278676737 0.6011854322545385
2231 0.7623223131933549 0.5016344039806856 0.08392428176320942
2232 0.774644626386866 0.5032688079618372 0.1678485635264188
2233 0.7869669395803771 0.5049032119429888 0.2517728452896282
2234 0.7992892527738883 0.5065376159241405 0.3356971270528377
2235 0.8116115659673994 0.508172019905292 0.4196214088160471
2236 0.8239338791609105 0.5098064238864437 0.5035456905792565
2237 0.8362561923544216 0.5114408278675954 0.587469972342466
2238 0.7629852113739447 0.5641344039806966 0.08181141621631229
2239 0.7759704227479826 0.5657688079618468 0.1636228324326246
2240 0.7889556341220204 0.5674032119429971 0.2454342486489368
2241 0.8019408454960584 0.5690376159241475 0.3272456648652491
2242 0.8149260568700962 0.5706720199052977 0.4090570810815615
2243 0.8279112682441341 0.572306423886448 0.4908684972978737
2244 0.8408964796181719 0.5739408278675984 0.572679913514186
2245 0.7633802440778437 0.6266344039807106 0.07958138172873344
2246 0.7767604881557176 0.6282688079618595 0.1591627634574669
2247 0.7901407322335916 0.6299032119430085 0.2387441451862003
2248 0.8035209763114656 0.6315376159241575 0.3183255269149338
2249 0.8169012203893395 0.6331720199053065 0.3979069086436672
2250 0.8302814644672135 0.6348064238864554 0.4774882903724006
2251 0.8436617085450875 0.6364408278676044 0.5570696721011341
2252 0.7634992623715865 0.6891344039807246 0.07727253901288507
2253 0.7769985247431405 0.6907688079618721 0.1545450780257701
2254 0.7904977871146944 0.6924032119430198 0.2318176170386552
2255 0.8039970494862485 0.6940376159241675 0.3090901560515403
2256 0.8174963118578025 0.6956720199053151 0.3863626950644253
2257 0.8309955742293564 0.6973064238864627 0.4636352340773104
2258 0.8444948366009104 0.6989408278676104 0.5409077730901956
2259 0.7633398110859 0.7516344039807384 0.07492460442827666
2260 0.7766796221717046 0.7532688079618848 0.1498492088565533
2261 0.7900194332575093 0.754903211943031 0.22477381328483
2262 0.8033592443433141 0.7565376159241773 0.2996984177131066
2263 0.8166990554291187 0.7581720199053237 0.3746230221413833
2264 0.8300388665149234 0.75980642388647 0.4495476265696599
2265 0.8433786776007282 0.7614408278676162 0.5244722309979366
2266 0.7629051794621712 0.8141344039807524 0.07257796678676924
2267 0.775810358924184 0.8157688079618974 0.1451559335735385
2268 0.7887155383861968 0.8174032119430423 0.2177339003603077
2269 0.8016207178482095 0.8190376159241873 0.290311867147077
2270 0.8145258973102224 0.8206720199053323 0.3628898339338462
2271 0.8274310767722352 0.8223064238864773 0.4354678007206154
2272 0.840336256234248 0.8239408278676222 0.5080457675073847
2273 0.762204333300319 0.8766344039807715 0.07027299259040672
2274 0.7744086666004166 0.8782688079619152 0.1405459851808134
2275 0.7866129999005143 0.8799032119430588 0.2108189777712201
2276 0.798817333200612 0.8815376159242024 0.2810919703616269
2277 0.8110216665007097 0.8831720199053461 0.3513649629520336
2278 0.8232259998008074 0.8848064238864898 0.4216379555424403
2279 0.8354303331009051 0.8864408278676335 0.491910948132847
2280 0.761251730007759 0.9391344039809535 0.0680493316530122
2281 0.7725034600152341 0.9407688079620958 0.1360986633060244
2282 0.783755190022709 0.9424032119432381 0.2041479949590366
2283 0.795006920030184 0.9440376159243804 0.2721973266120488
2284 0.806258650037659 0.9456720199055227 0.340246658265061
2285 0.817510380045134 0.9473064238866651 0.4082959899180732
2286 0.828762110052609 0.9489408278678074 0.4763453215710854
2287 0.8144339483688648 0.06280423408183494 0.09325580502818283
2288 0.8163678967381988 0.06310846816372437 0.1865116100563657
2289 0.8183018451075326 0.06341270224561379 0.2797674150845485
2290 0.8202357934768665 0.06371693632750322 0.3730232201127313
2291 0.8221697418462003 0.06402117040939265 0.4662790251409142
2292 0.8241036902155342 0.06432540449128207 0.559534830169097
2293 0.826037638584868 0.0646296385731715 0.6527906351972799
2294 0.8163280022777557 0.1253042340818021 0.09278339247084134
2295 0.8201560045559549 0.125608468163691 0.1855667849416827
2296 0.8239840068341541 0.1259127022455798 0.278350177412524
2297 0.8278120091123533 0.1262169363274687 0.3711335698833654
2298 0.8316400113905524 0.1265211704093576 0.4639169623542068
2299 0.8354680136687517 0.1268254044912465 0.5567003548250481
2300 0.8392960159469508 0.1271296385731354 0.6494837472958895
2301 0.8181430902287189 0.1878042340817043 0.09200507271426996
2302 0.8237861804578557 0.1881084681635926 0.1840101454285399
2303 0.8294292706869925 0.1884127022454809 0.2760152181428099
2304 0.8350723609161291 0.1887169363273693 0.3680202908570798
2305 0.8407154511452659 0.1890211704092576 0.4600253635713498
2306 0.8463585413744027 0.1893254044911459 0.5520304362856198
2307 0.8520016316035395 0.1896296385730343 0.6440355089998898
2308 0.8198417696738289 0.2503042340816043 0.0909342342959608
2309 0.8271835393480508 0.2506084681634921 0.1818684685919216
2310 0.8345253090222725 0.2509127022453799 0.2728027028878824
2311 0.8418670786964944 0.2512169363272677 0.3637369371838432
2312 0.8492088483707161 0.2515211704091555 0.454671171479804
2313 0.8565506180449379 0.2518254044910433 0.5456054057757648
2314 0.8638923877191598 0.2521296385729311 0.6365396400717257
2315 0.8213889993984167 0.3128042340815043 0.08958929761471625
2316 0.8302779987972004 0.3131084681633916 0.1791785952294325
2317 0.8391669981959841 0.3134127022452788 0.2687678928441488
2318 0.8480559975947678 0.3137169363271661 0.358357190458865
2319 0.8569449969935515 0.3140211704090533 0.4479464880735813
2320 0.8658339963923353 0.3143254044909406 0.5375357856882975
2321 0.8747229957911189 0.3146296385728278 0.6271250833030139
2322 0.8227528623688816 0.3753042340814043 0.08799339806576401
2323 0.8330057247381049 0.3756084681632911 0.175986796131528
2324 0.8432585871073283 0.3759127022451778 0.263980194197292
2325 0.8535114494765516 0.3762169363270645 0.351973592263056
2326 0.8637643118457748 0.3765211704089512 0.43996699032882
2327 0.8740171742149981 0.3768254044908379 0.527960388394584
2328 0.8842700365842214 0.3771296385727246 0.615953786460348
2329 0.8239052241333321 0.4378042340813043 0.08617398806922429
2330 0.8353104482669803 0.4381084681631904 0.1723479761384486
2331 0.8467156724006284 0.4384127022450766 0.2585219642076729
2332 0.8581208965342766 0.4387169363269627 0.3446959522768971
2333 0.8695261206679247 0.4390211704088489 0.4308699403461215
2334 0.8809313448015729 0.4393254044907351 0.5170439284153457
2335 0.892336568935221 0.4396296385726212 0.6032179164845701
2336 0.8248223131932177 0.5003042340812092 0.08416236483777473
2337 0.8371446263867263 0.5006084681630948 0.1683247296755495
2338 0.8494669395802347 0.5009127022449804 0.2524870945133242
2339 0.8617892527737432 0.501216936326866 0.3366494593510989
2340 0.8741115659672516 0.5015211704087517 0.4208118241888736
2341 0.88643387916076 0.5018254044906373 0.5049741890266484
2342 0.8987561923542685 0.5021296385725228 0.5891365538644231
2343 0.8254852113737713 0.5628042340812563 0.08199313200677683
2344 0.8384704227478076 0.5631084681631414 0.1639862640135537
2345 0.851455634121844 0.5634127022450265 0.2459793960203304
2346 0.8644408454958804 0.5637169363269116 0.3279725280271073
2347 0.8774260568699168 0.5640211704087966 0.4099656600338841
2348 0.8904112682439531 0.5643254044906817 0.4919587920406609
2349 0.9033964796179895 0.5646296385725668 0.5739519240474378
2350 0.8258802440776336 0.6253042340813084 0.07970360438784337
2351 0.839260488155507 0.6256084681631929 0.1594072087756867
2352 0.8526407322333804 0.6259127022450774 0.2391108131635301
2353 0.8660209763112539 0.6262169363269621 0.3188144175513735
2354 0.8794012203891273 0.6265211704088466 0.3985180219392169
2355 0.8927814644670006 0.6268254044907311 0.4782216263270602
2356 0.906161708544874 0.6271296385726156 0.5579252307149036
2357 0.8259992623713397 0.6878042340813605 0.07733316608513917
2358 0.8394985247428938 0.6881084681632444 0.1546663321702783
2359 0.8529977871144477 0.6884127022451285 0.2319994982554175
2360 0.8664970494860018 0.6887169363270125 0.3093326643405567
2361 0.8799963118575558 0.6890211704088964 0.3866658304256959
2362 0.8934955742291097 0.6893254044907804 0.463998996510835
2363 0.9069948366006638 0.6896296385726645 0.5413321625959743
2364 0.8258398110856162 0.7503042340814128 0.07492259301604443
2365 0.8391796221714213 0.7506084681632963 0.1498451860320889
2366 0.8525194332572262 0.7509127022451797 0.2247677790481333
2367 0.8658592443430313 0.7512169363270631 0.2996903720641777
2368 0.8791990554288363 0.7515211704089466 0.3746129650802222
2369 0.8925388665146412 0.75182540449083 0.4495355580962666
2370 0.9058786776004463 0.7521296385727134 0.5244581511123111
2371 0.8254051794618498 0.8128042340814647 0.07251335149005664
2372 0.8383103589238629 0.8131084681633477 0.1450267029801133
2373 0.8512155383858758 0.8134127022452305 0.2175400544701699
2374 0.8641207178478889 0.8137169363271135 0.2900534059602266
2375 0.8770258973099019 0.8140211704089964 0.3625667574502832
2376 0.889931076771915 0.8143254044908792 0.4350801089403398
2377 0.9028362562339279 0.8146296385727622 0.5075934604303964
2378 0.8247043332999598 0.8753042340815208 0.07014688491167201
2379 0.8369086666000574 0.8756084681634032 0.140293769823344
2380 0.849112999900155 0.8759127022452855 0.210440654735016
2381 0.8613173332002525 0.8762169363271679 0.280587539646688
2382 0.87352166650035 0.8765211704090502 0.3507344245583601
2383 0.8857259998004475 0.8768254044909326 0.4208813094700321
2384 0.8979303331005452 0.8771296385728149 0.4910281943817041
2385 0.8237517300073628 0.9378042340816992 0.06786390087727193
2386 0.8350034600148376 0.938108468163581 0.1357278017545439
2387 0.8462551900223125 0.9384127022454628 0.2035917026318158
2388 0.8575069200297873 0.9387169363273445 0.2714556035090877
2389 0.8687586500372623 0.9390211704092264 0.3393195043863597
2390 0.8800103800447371 0.9393254044911081 0.4071834052636316
2391 0.891262110052212 0.93962963857299 0.4750473061409035
2392 0.876933948368993 0.06146977904576493 0.09352428306189632
2393 0.878867896738326 0.06043955809160854 0.1870485661237926
2394 0.8808018451076591 0.05940933713745216 0.2805728491856889
2395 0.8827357934769923 0.05837911618329578 0.3740971322475853
2396 0.8846697418463254 0.05734889522913938 0.4676214153094816
2397 0.8866036902156584 0.05631867427498301 0.5611456983713778
2398 0.8885376385849916 0.05528845332082662 0.6546699814332743
2399 0.8788280022778466 0.1239697790457104 0.09304492299419867
2400 0.8826560045560444 0.1229395580915542 0.1860898459883973
2401 0.8864840068342422 0.1219093371373981 0.279134768982596
2402 0.89031200911244 0.1208791161832419 0.3721796919767947
2403 0.8941400113906378 0.1198488952290858 0.4652246149709934
2404 0.8979680136688356 0.1188186742749296 0.558269537965192
2405 0.9017960159470334 0.1177884533207735 0.6513144609593907
2406 0.8806430902287731 0.1864697790455858 0.09225515691918154
2407 0.8862861804579077 0.1854395580914299 0.1845103138383631
2408 0.8919292706870424 0.184409337137274 0.2767654707575446
2409 0.8975723609161771 0.183379116183118 0.3690206276767262
2410 0.9032154511453118 0.1823488952289621 0.4612757845959077
2411 0.9088585413744464 0.1813186742748062 0.5535309415150892
2412 0.9145016316035811 0.1802884533206502 0.6457860984342708
2413 0.8823417696738471 0.2489697790454589 0.09116857027215747
2414 0.8896835393480662 0.2479395580913032 0.1823371405443149
2415 0.8970253090222854 0.2469093371371475 0.2735057108164724
2416 0.9043670786965045 0.2458791161829918 0.3646742810886299
2417 0.9117088483707236 0.2448488952288361 0.4558428513607873
2418 0.9190506180449427 0.2438186742746804 0.5470114216329448
2419 0.9263923877191619 0.2427884533205247 0.6381799919051023
2420 0.8838889993983982 0.311469779045332 0.08980385435055219
2421 0.8927779987971788 0.3104395580911766 0.1796077087011044
2422 0.9016669981959595 0.3094093371370211 0.2694115630516565
2423 0.9105559975947402 0.3083791161828656 0.3592154174022087
2424 0.9194449969935209 0.3073488952287101 0.449019271752761
2425 0.9283339963923015 0.3063186742745546 0.5388231261033131
2426 0.9372229957910823 0.3052884533203991 0.6286269804538653
2427 0.8852528623688272 0.3739697790452052 0.08818448478906292
2428 0.8955057247380472 0.3729395580910499 0.1763689695781258
2429 0.9057585871072674 0.3719093371368947 0.2645534543671887
2430 0.9160114494764875 0.3708791161827394 0.3527379391562517
2431 0.9262643118457077 0.3698488952285842 0.4409224239453146
2432 0.9365171742149279 0.3688186742744289 0.5291069087343775
2433 0.9467700365841479 0.3677884533202737 0.6172913935234404
2434 0.8864052241332414 0.4364697790450782 0.08633831773537834
2435 0.8978104482668865 0.4354395580909232 0.1726766354707567
2436 0.9092156724005315 0.4344093371367682 0.259014953206135
2437 0.9206208965341766 0.4333791161826132 0.3453532709415134
2438 0.9320261206678216 0.4323488952284581 0.4316915886768917
2439 0.9434313448014667 0.4313186742743031 0.51802990641227
2440 0.9548365689351118 0.430288453320148 0.6043682241476485
2441 0.8873223131930914 0.4989697790449583 0.0842971106729834
2442 0.8996446263865973 0.4979395580908034 0.1685942213459668
2443 0.911966939580103 0.4969093371366486 0.2528913320189502
2444 0.9242892527736088 0.4958791161824938 0.3371884426919336
2445 0.9366115659671146 0.494848895228339 0.421485553364917
2446 0.9489338791606203 0.4938186742741842 0.5057826640379004
2447 0.9612561923541262 0.4927884533200294 0.5900797747108838
2448 0.8879852113736101 0.5614697790450417 0.08209597613377558
2449 0.900970422747645 0.5604395580908872 0.1641919522675512
2450 0.9139556341216799 0.5594093371367326 0.2462879284013267
2451 0.9269408454957148 0.558379116182578 0.3283839045351023
2452 0.9399260568697497 0.5573488952284233 0.4104798806688779
2453 0.9529112682437846 0.5563186742742688 0.4925758568026534
2454 0.9658964796178195 0.5552884533201142 0.5746718329364291
2455 0.8883802440774374 0.6239697790451318 0.07977277769767833
2456 0.9017604881553103 0.6229395580909776 0.1595455553953567
2457 0.915140732233183 0.6219093371368232 0.239318333093035
2458 0.9285209763110559 0.6208791161826688 0.3190911107907133
2459 0.9419012203889288 0.6198488952285145 0.3988638884883917
2460 0.9552814644668016 0.6188186742743601 0.47863666618607
2461 0.9686617085446745 0.6177884533202057 0.5584094438837485
2462 0.8884992623711082 0.686469779045222 0.07736747866910711
2463 0.9019985247426622 0.6854395580910679 0.1547349573382142
2464 0.9154977871142163 0.6844093371369138 0.2321024360073213
2465 0.9289970494857703 0.6833791161827596 0.3094699146764284
2466 0.9424963118573244 0.6823488952286055 0.3868373933455355
2467 0.9559955742288784 0.6813186742744514 0.4642048720146426
2468 0.9694948366004325 0.6802884533202972 0.5415723506837498
2469 0.8883398110853488 0.7489697790453126 0.07492145463432033
2470 0.901679622171154 0.7479395580911588 0.1498429092686407
2471 0.9150194332569593 0.7469093371370048 0.224764363902961
2472 0.9283592443427646 0.7458791161828509 0.2996858185372813
2473 0.94169905542857 0.744848895228697 0.3746072731716017
2474 0.9550388665143752 0.7438186742745431 0.449528727805922
2475 0.9683786776001806 0.7427884533203891 0.5244501824402424
2476 0.8879051794615461 0.8114697790454029 0.07247678172490896
2477 0.9008103589235593 0.8104395580912492 0.1449535634498179
2478 0.9137155383855726 0.8094093371370955 0.2174303451747268
2479 0.9266207178475858 0.8083791161829419 0.2899071268996358
2480 0.9395258973095991 0.8073488952287882 0.3623839086245448
2481 0.9524310767716123 0.8063186742746344 0.4348606903494537
2482 0.9653362562336256 0.8052884533204808 0.5073374720743627
2483 0.8872043332996196 0.8739697790454957 0.07007551283061159
2484 0.899408666599717 0.8729395580913423 0.1401510256612232
2485 0.9116129998998144 0.8719093371371888 0.2102265384918347
2486 0.9238173331999118 0.8708791161830354 0.2803020513224463
2487 0.9360216665000092 0.8698488952288819 0.3503775641530579
2488 0.9482259998001066 0.8688186742747285 0.4204530769836695
2489 0.960430333100204 0.867788453320575 0.4905285898142811
2490 0.8862517300069865 0.9364697790456699 0.06775895421193005
2491 0.8975034600144612 0.9354395580915167 0.1355179084238601
2492 0.9087551900219361 0.9344093371373634 0.2032768626357901
2493 0.9200069200294109 0.9333791161832102 0.2710358168477202
2494 0.9312586500368856 0.932348895229057 0.3387947710596503
2495 0.9425103800443604 0.9313186742749038 0.4065537252715803
2496 0.9537621100518352 0.9302884533207505 0.4743126794835104
2497 0.9394339483691617 0.06014983467092195 0.09358383596475199
2498 0.9413678967384941 0.0577996693419468 0.187167671929504
2499 0.9433018451078264 0.05544950401297163 0.280751507894256
2500 0.9452357934771588 0.05309933868399648 0.374335343859008
2501 0.9471697418464912 0.05074917335502132 0.46791917982376
2502 0.9491036902158235 0.04839900802604616 0.5615030157885119
2503 0.9510376385851559 0.046048842697071 0.655086851753264
2504 0.9413280022780197 0.1226498346708448 0.09310293482345694
2505 0.9451560045562162 0.1202996693418697 0.1862058696469139
2506 0.9489840068344125 0.1179495040128947 0.2793088044703708
2507 0.952812009112609 0.1155993386839197 0.3724117392938278
2508 0.9566400113908053 0.1132491733549446 0.4655146741172848
2509 0.9604680136690017 0.1108990080259696 0.5586176089407416
2510 0.9642960159471982 0.1085488426969946 0.6517205437641986
2511 0.9431430902289498 0.1851498346706926 0.0923106297642225
2512 0.9487861804580824 0.1827996693417177 0.184621259528445
2513 0.9544292706872149 0.1804495040127428 0.2769318892926675
2514 0.9600723609163476 0.1780993386837679 0.36924251905689
2515 0.9657154511454802 0.175749173354793 0.4615531488211125
2516 0.9713585413746127 0.1733990080258181 0.553863778585335
2517 0.9770016316037453 0.1710488426968432 0.6461744083495575
2518 0.9448417696740277 0.247649834670538 0.09122054989757954
2519 0.9521835393482441 0.2452996693415632 0.1824410997951591
2520 0.9595253090224606 0.2429495040125884 0.2736616496927386
2521 0.9668670786966771 0.2405993386836137 0.3648821995903181
2522 0.9742088483708935 0.2382491733546389 0.4561027494878976
2523 0.98155061804511 0.2358990080256641 0.5473232993854772
2524 0.9888923877193265 0.2335488426966893 0.6385438492830567
2525 0.9463889993985829 0.3101498346703834 0.08985144661078379
2526 0.9552779987973606 0.3077996693414087 0.1797028932215676
2527 0.9641669981961383 0.3054495040124341 0.2695543398323513
2528 0.9730559975949159 0.3030993386834595 0.3594057864431351
2529 0.9819449969936935 0.3007491733544848 0.449257233053919
2530 0.9908339963924713 0.2983990080255101 0.5391086796647027
2531 0.9997229957912489 0.2960488426965355 0.6289601262754866
2532 0.9477528623690162 0.3726498346702287 0.08822687100931788
2533 0.9580057247382332 0.3702996693412542 0.1764537420186358
2534 0.9682585871074502 0.3679495040122797 0.2646806130279536
2535 0.9785114494766671 0.3655993386833051 0.3529074840372715
2536 0.9887643118458841 0.3632491733543306 0.4411343550465894
2537 0.9990171742151011 0.3608990080253561 0.5293612260559073
2538 1.009270036584318 0.3585488426963815 0.6175880970652252
2539 0.9489052241334353 0.4351498346700741 0.08637476879437445
2540 0.9603104482670772 0.4327996693410997 0.1727495375887489
2541 0.9717156724007192 0.4304495040121253 0.2591243063831233
2542 0.9831208965343613 0.4280993386831509 0.3454990751774978
2543 0.9945261206680033 0.4257491733541765 0.4318738439718722
2544 1.005931344801645 0.4233990080252021 0.5182486127662467
2545 1.017336568935287 0.4210488426962277 0.6046233815606212
2546 0.9498223131932905 0.4976498346699282 0.08432699954517515
2547 0.9621446263867937 0.495299669340954 0.1686539990903503
2548 0.9744669395802967 0.4929495040119797 0.2529809986355254
2549 0.9867892527737998 0.4905993386830054 0.3373079981807006
2550 0.999111565967303 0.4882491733540311 0.4216349977258758
2551 1.011433879160806 0.4858990080250569 0.5059619972710508
2552 1.023756192354309 0.4835488426960826 0.5902889968162262
2553 0.950485211373815 0.560149834670047 0.08211878867534969
2554 0.9634704227478484 0.5577996693410728 0.1642375773506994
2555 0.9764556341218819 0.5554495040120986 0.2463563660260491
2556 0.9894408454959153 0.5530993386831244 0.3284751547013988
2557 1.002426056869949 0.5507491733541503 0.4105939433767485
2558 1.015411268243982 0.5483990080251762 0.4927127320520981
2559 1.028396479618015 0.546048842696202 0.5748315207274479
2560 0.9508802440776479 0.6226498346701745 0.07978812149078114
2561 0.9642604881555201 0.6202996693412005 0.1595762429815623
2562 0.9776407322333924 0.6179495040122265 0.2393643644723434
2563 0.9910209763112647 0.6155993386832525 0.3191524859631246
2564 1.004401220389137 0.6132491733542784 0.3989406074539057
2565 1.017781464467009 0.6108990080253044 0.4787287289446868
2566 1.031161708544881 0.6085488426963304 0.5585168504354681
2567 0.9509992623713237 0.6851498346703021 0.07737508977215471
2568 0.9644985247428778 0.6827996693413282 0.1547501795443094
2569 0.9779977871144319 0.6804495040123543 0.2321252693164641
2570 0.9914970494859859 0.6780993386833803 0.3095003590886188
2571 1.00499631185754 0.6757491733544064 0.3868754488607736
2572 1.018495574229094 0.6733990080254325 0.4642505386329283
2573 1.031994836600648 0.6710488426964587 0.541625628405083
2574 0.9508398110855693 0.7476498346704297 0.07492120212228137
2575 0.9641796221713749 0.7452996693414559 0.1498424042445627
2576 0.9775194332571804 0.7429495040124822 0.2247636063668441
2577 0.990859244342986 0.7405993386835084 0.2996848084891255
2578 1.004199055428792 0.7382491733545345 0.3746060106114069
2579 1.017538866514597 0.7358990080255607 0.4495272127336882
2580 1.030878677600403 0.7335488426965869 0.5244484148559697
2581 0.9504051794617709 0.8101498346705571 0.07246866994145693
2582 0.9633103589237844 0.8077996693415835 0.1449373398829139
2583 0.9762155383857979 0.8054495040126098 0.2174060098243707
2584 0.9891207178478114 0.8030993386836361 0.2898746797658277
2585 1.002025897309825 0.8007491733546626 0.3623433497072847
2586 1.014931076771838 0.7983990080256889 0.4348120196487415
2587 1.027836256233852 0.7960488426967153 0.5072806895901985
2588 0.9497043332998489 0.8726498346706862 0.07005968131340568
2589 0.9619086665999461 0.8702996693417128 0.1401193626268114
2590 0.9741129999000434 0.8679495040127392 0.210179043940217
2591 0.9863173332001407 0.8655993386837657 0.2802387252536227
2592 0.998521666500238 0.8632491733547921 0.3502984065670284
2593 1.010725999800335 0.8608990080258186 0.420358087880434
2594 1.022930333100432 0.8585488426968451 0.4904177691938397
2595 0.9487517300072206 0.935149834670856 0.06773567529231107
2596 0.9600034600146952 0.9327996693418825 0.1354713505846221
2597 0.9712551900221699 0.9304495040129092 0.2032070258769332
2598 0.9825069200296446 0.9280993386839357 0.2709427011692443
2599 0.9937586500371192 0.9257491733549623 0.3386783764615554
2600 1.005010380044594 0.9233990080259888 0.4064140517538664
2601 1.016262110052069 0.9210488426970155 0.4741497270461776
$EndNodes
$Elements
5632
1 2 2 1 1 1 9 68
2 2 2 1 1 68 9 157
3 2 2 1 1 68 157 158
4 2 2 1 1 158 67 68
5 2 2 1 1 67 158 66
6 2 2 1 1 66 158 159
7 2 2 1 1 66 159 160
8 2 2 1 1 160 65 66
9 2 2 1 1 65 160 64
10 2 2 1 1 64 160 161
11 2 2 1 1 64 161 162
12 2 2 1 1 162 63 64
13 2 2 1 1 63 162 62
14 2 2 1 1 62 162 163
15 2 2 1 1 62 163 164
16 2 2 1 1 164 61 62
17 2 2 1 1 61 164 60
18 2 2 1 1 60 164 165
19 2 2 1 1 60 165 166
20 2 2 1 1 166 59 60
21 2 2 1 1 59 166 58
22 2 2 1 1 58 166 167
23 2 2 1 1 58 167 168
24 2 2 1 1 168 57 58
25 2 2 1 1 57 168 56
26 2 2 1 1 56 168 169
27 2 2 1 1 56 169 170
28 2 2 1 1 170 55 56
29 2 2 1 1 55 170 54
30 2 2 1 1 54 170 171
31 2 2 1 1 54 171 53
32 2 2 1 1 53 4 54
33 2 2 1 1 9 10 172
34 2 2 1 1 172 157 9
35 2 2 1 1 157 172 158
36 2 2 1 1 158 172 173
37 2 2 1 1 158 173 174
38 2 2 1 1 174 159 158
39 2 2 1 1 159 174 160
40 2 2 1 1 160 174 175
41 2 2 1 1 160 175 176
42 2 2 1 1 176 161 160
43 2 2 1 1 161 176 162
44 2 2 1 1 162 176 177
45 2 2 1 1 162 177 178
46 2 2 1 1 178 163 162
47 2 2 1 1 163 178 164
48 2 2 1 1 164 178 179
49 2 2 1 1 164 179 180
50 2 2 1 1 180 165 164
51 2 2 1 1 165 180 166
52 2 2 1 1 166 180 181
53 2 2 1 1 166 181 182
54 2 2 1 1 182 167 166
55 2 2 1 1 167 182 168
56 2 2 1 1 168 182 183
57 2 2 1 1 168 183 184
58 2 2 1 1 184 169 168
59 2 2 1 1 169 184 170
60 2 2 1 1 170 184 185
61 2 2 1 1 170 185 186
62 2 2 1 1 186 171 170
63 2 2 1 1 171 186 53
64 2 2 1 1 53 186 52
65 2 2 1 1 10 11 172
66 2 2 1 1 172 11 187
67 2 2 1 1 172 187 188
68 2 2 1 1 188 173 172
69 2 2 1 1 173 188 174
70 2 2 1 1 174 188 189
71 2 2 1 1 174 189 190
72 2 2 1 1 190 175 174
73 2 2 1 1 175 190 176
74 2 2 1 1 176 190 191
75 2 2 1 1 176 191 192
76 2 2 1 1 192 177 176
77 2 2 1 1 177 192 178
78 2 2 1 1 178 192 193
79 2 2 1 1 178 193 194
80 2 2 1 1 194 179 178
81 2 2 1 1 179 194 180
82 2 2 1 1 180 194 195
83 2 2 1 1 180 195 196
84 2 2 1 1 196 181 180
85 2 2 1 1 181 196 182
86 2 2 1 1 182 196 197
87 2 2 1 1 182 197 198
88 2 2 1 1 198 183 182
89 2 2 1 1 183 198 184
90 2 2 1 1 184 198 199
91 2 2 1 1 184 199 200
92 2 2 1 1 200 185 184
93 2 2 1 1 185 200 186
94 2 2 1 1 186 200 201
95 2 2 1 1 186 201 51
96 2 2 1 1 51 52 186
97 2 2 1 1 11 12 202
98 2 2 1 1 202 187 11
99 2 2 1 1 187 202 188
100 2 2 1 1 188 202 203
101 2 2 1 1 188 203 204
102 2 2 1 1 204 189 188
103 2 2 1 1 189 204 190
104 2 2 1 1 190 204 205
105 2 2 1 1 190 205 206
106 2 2 1 1 206 191 190
107 2 2 1 1 191 206 192
108 2 2 1 1 192 206 207
109 2 2 1 1 192 207 208
110 2 2 1 1 208 193 192
111 2 2 1 1 193 208 194
112 2 2 1 1 194 208 209
113 2 2 1 1 194 209 210
114 2 2 1 1 210 195 194
115 2 2 1 1 195 210 196
116 2 2 1 1 196 210 211
117 2 2 1 1 196 211 212
118 2 2 1 1 212 197 196
119 2 2 1 1 197 212 198
120 2 2 1 1 198 212 213
121 2 2 1 1 198 213 214
122 2 2 1 1 214 199 198
123 2 2 1 1 199 214 200
124 2 2 1 1 200 214 215
125 2 2 1 1 200 215 216
126 2 2 1 1 216 201 200
127 2 2 1 1 201 216 51
128 2 2 1 1 51 216 50
129 2 2 1 1 12 13 202
130 2 2 1 1 202 13 217
131 2 2 1 1 202 217 218
132 2 2 1 1 218 203 202
133 2 2 1 1 203 218 204
134 2 2 1 1 204 218 219
135 2 2 1 1 204 219 220
136 2 2 1 1 220 205 204
137 2 2 1 1 205 220 206
138 2 2 1 1 206 220 221
139 2 2 1 1 206 221 222
140 2 2 1 1 222 207 206
141 2 2 1 1 207 222 208
142 2 2 1 1 208 222 223
143 2 2 1 1 208 223 224
144 2 2 1 1 224 209 208
145 2 2 1 1 209 224 210
146 2 2 1 1 210 224 225
147 2 2 1 1 210 225 226
148 2 2 1 1 226 211 210
149 2 2 1 1 211 226 212
150 2 2 1 1 212 226 227
151 2 2 1 1 212 227 228
152 2 2 1 1 228 213 212
153 2 2 1 1 213 228 214
154 2 2 1 1 214 228 229
155 2 2 1 1 214 229 230
156 2 2 1 1 230 215 214
157 2 2 1 1 215 230 216
158 2 2 1 1 216 230 231
159 2 2 1 1 216 231 49
160 2 2 1 1 49 50 216
161 2 2 1 1 13 14 232
162 2 2 1 1 232 217 13
163 2 2 1 1 217 232 218
164 2 2 1 1 218 232 233
165 2 2 1 1 218 233 234
166 2 2 1 1 234 219 218
167 2 2 1 1 219 234 220
168 2 2 1 1 220 234 235
169 2 2 1 1 220 235 236
170 2 2 1 1 236 221 220
171 2 2 1 1 221 236 222
172 2 2 1 1 222 236 237
173 2 2 1 1 222 237 238
174 2 2 1 1 238 223 222
175 2 2 1 1 223 238 224
176 2 2 1 1 224 238 239
177 2 2 1 1 224 239 240
178 2 2 1 1 240 225 224
179 2 2 1 1 225 240 226
180 2 2 1 1 226 240 241
181 2 2 1 1 226 241 242
182 2 2 1 1 242 227 226
183 2 2 1 1 227 242 228
184 2 2 1 1 228 242 243
185 2 2 1 1 228 243 244
186 2 2 1 1 244 229 228
187 2 2 1 1 229 244 230
188 2 2 1 1 230 244 245
189 2 2 1 1 230 245 246
190 2 2 1 1 246 231 230
191 2 2 1 1 231 246 49
192 2 2 1 1 49 246 48
193 2 2 1 1 14 15 232
194 2 2 1 1 232 15 247
195 2 2 1 1 232 247 248
196 2 2 1 1 248 233 232
197 2 2 1 1 233 248 234
198 2 2 1 1 234 248 249
199 2 2 1 1 234 249 250
200 2 2 1 1 250 235 234
201 2 2 1 1 235 250 236
202 2 2 1 1 236 250 251
203 2 2 1 1 236 251 252
204 2 2 1 1 252 237 236
205 2 2 1 1 237 252 238
206 2 2 1 1 238 252 253
207 2 2 1 1 238 253 254
208 2 2 1 1 254 239 238
209 2 2 1 1 239 254 240
210 2 2 1 1 240 254 255
211 2 2 1 1 240 255 256
212 2 2 1 1 256 241 240
213 2 2 1 1 241 256 242
214 2 2 1 1 242 256 257
215 2 2 1 1 242 257 258
216 2 2 1 1 258 243 242
217 2 2 1 1 243 258 244
218 2 2 1 1 244 258 259
219 2 2 1 1 244 259 260
220 2 2 1 1 260 245 244
221 2 2 1 1 245 260 246
222 2 2 1 1 246 260 261
223 2 2 1 1 246 261 47
224 2 2 1 1 47 48 246
225 2 2 1 1 15 16 262
226 2 2 1 1 262 247 15
227 2 2 1 1 247 262 248
228 2 2 1 1 248 262 263
229 2 2 1 1 248 263 264
230 2 2 1 1 264 249 248
231 2 2 1 1 249 264 250
232 2 2 1 1 250 264 265
233 2 2 1 1 250 265 266
234 2 2 1 1 266 251 250
235 2 2 1 1 251 266 252
236 2 2 1 1 252 266 267
237 2 2 1 1 252 267 268
238 2 2 1 1 268 253 252
239 2 2 1 1 253 268 254
240 2 2 1 1 254 268 269
241 2 2 1 1 254 269 270
242 2 2 1 1 270 255 254
243 2 2 1 1 255 270 256
244 2 2 1 1 256 270 271
245 2 2 1 1 256 271 272
246 2 2 1 1 272 257 256
247 2 2 1 1 257 272 258
248 2 2 1 1 258 272 273
249 2 2 1 1 258 273 274
250 2 2 1 1 274 259 258
251 2 2 1 1 259 274 260
252 2 2 1 1 260 274 275
253 2 2 1 1 260 275 276
254 2 2 1 1 276 261 260
255 2 2 1 1 261 276 47
256 2 2 1 1 47 276 46
257 2 2 1 1 16 17 262
258 2 2 1 1 262 17 277
259 2 2 1 1 262 277 278
260 2 2 1 1 278 263 262
261 2 2 1 1 263 278 264
262 2 2 1 1 264 278 279
263 2 2 1 1 264 279 280
264 2 2 1 1 280 265 264
265 2 2 1 1 265 280 266
266 2 2 1 1 266 280 281
267 2 2 1 1 266 281 282
268 2 2 1 1 282 267 266
269 2 2 1 1 267 282 268
270 2 2 1 1 268 282 283
271 2 2 1 1 268 283 284
272 2 2 1 1 284 269 268
273 2 2 1 1 269 284 270
274 2 2 1 1 270 284 285
275 2 2 1 1 270 285 286
276 2 2 1 1 286 271 270
277 2 2 1 1 271 286 272
278 2 2 1 1 272 286 287
279 2 2 1 1 272 287 288
280 2 2 1 1 288 273 272
281 2 2 1 1 273 288 274
282 2 2 1 1 274 288 289
283 2 2 1 1 274 289 290
284 2 2 1 1 290 275 274
285 2 2 1 1 275 290 276
286 2 2 1 1 276 290 291
287 2 2 1 1 276 291 45
288 2 2 1 1 45 46 276
289 2 2 1 1 17 18 292
290 2 2 1 1 292 277 17
291 2 2 1 1 277 292 278
292 2 2 1 1 278 292 293
293 2 2 1 1 278 293 294
294 2 2 1 1 294 279 278
295 2 2 1 1 279 294 280
296 2 2 1 1 280 294 295
297 2 2 1 1 280 295 296
298 2 2 1 1 296 281 280
299 2 2 1 1 281 296 282
300 2 2 1 1 282 296 297
301 2 2 1 1 282 297 298
302 2 2 1 1 298 283 282
303 2 2 1 1 283 298 284
304 2 2 1 1 284 298 299
305 2 2 1 1 284 299 300
306 2 2 1 1 300 285 284
307 2 2 1 1 285 300 286
308 2 2 1 1 286 300 301
309 2 2 1 1 286 301 302
310 2 2 1 1 302 287 286
311 2 2 1 1 287 302 288
312 2 2 1 1 288 302 303
313 2 2 1 1 288 303 304
314 2 2 1 1 304 289 288
315 2 2 1 1 289 304 290
316 2 2 1 1 290 304 305
317 2 2 1 1 290 305 306
318 2 2 1 1 306 291 290
319 2 2 1 1 291 306 45
320 2 2 1 1 45 306 44
321 2 2 1 1 18 19 292
322 2 2 1 1 292 19 307
323 2 2 1 1 292 307 308
324 2 2 1 1 308 293 292
325 2 2 1 1 293 308 294
326 2 2 1 1 294 308 309
327 2 2 1 1 294 309 310
328 2 2 1 1 310 295 294
329 2 2 1 1 295 310 296
330 2 2 1 1 296 310 311
331 2 2 1 1 296 311 312
332 2 2 1 1 312 297 296
333 2 2 1 1 297 312 298
334 2 2 1 1 298 312 313
335 2 2 1 1 298 313 314
336 2 2 1 1 314 299 298
337 2 2 1 1 299 314 300
338 2 2 1 1 300 314 315
339 2 2 1 1 300 315 316
340 2 2 1 1 316 301 300
341 2 2 1 1 301 316 302
342 2 2 1 1 302 316 317
343 2 2 1 1 302 317 318
344 2 2 1 1 318 303 302
345 2 2 1 1 303 318 304
346 2 2 1 1 304 318 319
347 2 2 1 1 304 319 320
348 2 2 1 1 320 305 304
349 2 2 1 1 305 320 306
350 2 2 1 1 306 320 321
351 2 2 1 1 306 321 43
352 2 2 1 1 43 44 306
353 2 2 1 1 19 20 322
354 2 2 1 1 322 307 19
355 2 2 1 1 307 322 308
356 2 2 1 1 308 322 323
357 2 2 1 1 308 323 324
358 2 2 1 1 324 309 308
359 2 2 1 1 309 324 310
360 2 2 1 1 310 324 325
361 2 2 1 1 310 325 326
362 2 2 1 1 326 311 310
363 2 2 1 1 311 326 312
364 2 2 1 1 312 326 327
365 2 2 1 1 312 327 328
366 2 2 1 1 328 313 312
367 2 2 1 1 313 328 314
368 2 2 1 1 314 328 329
369 2 2 1 1 314 329 330
370 2 2 1 1 330 315 314
371 2 2 1 1 315 330 316
372 2 2 1 1 316 330 331
373 2 2 1 1 316 331 332
374 2 2 1 1 332 317 316
375 2 2 1 1 317 332 318
376 2 2 1 1 318 332 333
377 2 2 1 1 318 333 334
378 2 2 1 1 334 319 318
379 2 2 1 1 319 334 320
380 2 2 1 1 320 334 335
381 2 2 1 1 320 335 336
382 2 2 1 1 336 321 320
383 2 2 1 1 321 336 43
384 2 2 1 1 43 336 42
385 2 2 1 1 20 21 322
386 2 2 1 1 322 21 337
387 2 2 1 1 322 337 338
388 2 2 1 1 338 323 322
389 2 2 1 1 323 338 324
390 2 2 1 1 324 338 339
391 2 2 1 1 324 339 340
392 2 2 1 1 340 325 324
393 2 2 1 1 325 340 326
394 2 2 1 1 326 340 341
395 2 2 1 1 326 341 342
396 2 2 1 1 342 327 326
397 2 2 1 1 327 342 328
398 2 2 1 1 328 342 343
399 2 2 1 1 328 343 344
400 2 2 1 1 344 329 328
401 2 2 1 1 329 344 330
402 2 2 1 1 330 344 345
403 2 2 1 1 330 345 346
404 2 2 1 1 346 331 330
405 2 2 1 1 331 346 332
406 2 2 1 1 332 346 347
407 2 2 1 1 332 347 348
408 2 2 1 1 348 333 332
409 2 2 1 1 333 348 334
410 2 2 1 1 334 348 349
411 2 2 1 1 334 349 350
412 2 2 1 1 350 335 334
413 2 2 1 1 335 350 336
414 2 2 1 1 336 350 351
415 2 2 1 1 336 351 41
416 2 2 1 1 41 42 336
417 2 2 1 1 21 22 352
418 2 2 1 1 352 337 21
419 2 2 1 1 337 352 338
420 2 2 1 1 338 352 353
421 2 2 1 1 338 353 354
422 2 2 1 1 354 339 338
423 2 2 1 1 339 354 340
424 2 2 1 1 340 354 355
425 2 2 1 1 340 355 356
426 2 2 1 1 356 341 340
427 2 2 1 1 341 356 342
428 2 2 1 1 342 356 357
429 2 2 1 1 342 357 358
430 2 2 1 1 358 343 342
431 2 2 1 1 343 358 344
432 2 2 1 1 344 358 359
433 2 2 1 1 344 359 360
434 2 2 1 1 360 345 344
435 2 2 1 1 345 360 346
436 2 2 1 1 346 360 361
437 2 2 1 1 346 361 362
438 2 2 1 1 362 347 346
439 2 2 1 1 347 362 348
440 2 2 1 1 348 362 363
441 2 2 1 1 348 363 364
442 2 2 1 1 364 349 348
443 2 2 1 1 349 364 350
444 2 2 1 1 350 364 365
445 2 2 1 1 350 365 366
446 2 2 1 1 366 351 350
447 2 2 1 1 351 366 41
448 2 2 1 1 41 366 40
449 2 2 1 1 22 23 352
450 2 2 1 1 352 23 367
451 2 2 1 1 352 367 368
452 2 2 1 1 368 353 352
453 2 2 1 1 353 368 354
454 2 2 1 1 354 368 369
455 2 2 1 1 354 369 370
456 2 2 1 1 370 355 354
457 2 2 1 1 355 370 356
458 2 2 1 1 356 370 371
459 2 2 1 1 356 371 372
460 2 2 1 1 372 357 356
461 2 2 1 1 357 372 358
462 2 2 1 1 358 372 373
463 2 2 1 1 358 373 374
464 2 2 1 1 374 359 358
465 2 2 1 1 359 374 360
466 2 2 1 1 360 374 375
467 2 2 1 1 360 375 376
468 2 2 1 1 376 361 360
469 2 2 1 1 361 376 362
470 2 2 1 1 362 376 377
471 2 2 1 1 362 377 378
472 2 2 1 1 378 363 362
473 2 2 1 1 363 378 364
474 2 2 1 1 364 378 379
475 2 2 1 1 364 379 380
476 2 2 1 1 380 365 364
477 2 2 1 1 365 380 366
478 2 2 1 1 366 380 381
479 2 2 1 1 366 381 39
480 2 2 1 1 39 40 366
481 2 2 1 1 23 2 24
482 2 2 1 1 24 367 23
483 2 2 1 1 367 24 368
484 2 2 1 1 368 24 25
485 2 2 1 1 368 25 26
486 2 2 1 1 26 369 368
487 2 2 1 1 369 26 370
488 2 2 1 1 370 26 27
489 2 2 1 1 370 27 28
490 2 2 1 1 28 371 370
491 2 2 1 1 371 28 372
492 2 2 1 1 372 28 29
493 2 2 1 1 372 29 30
494 2 2 1 1 30 373 372
495 2 2 1 1 373 30 374
496 2 2 1 1 374 30 31
497 2 2 1 1 374 31 32
498 2 2 1 1 32 375 374
499 2 2 1 1 375 32 376
500 2 2 1 1 376 32 33
501 2 2 1 1 376 33 34
502 2 2 1 1 34 377 376
503 2 2 1 1 377 34 378
504 2 2 1 1 378 34 35
505 2 2 1 1 378 35 36
506 2 2 1 1 36 379 378
507 2 2 1 1 379 36 380
508 2 2 1 1 380 36 37
509 2 2 1 1 380 37 38
510 2 2 1 1 38 381 380
511 2 2 1 1 381 38 39
512 2 2 1 1 39 38 3
513 2 2 2 26 5 69 128
514 2 2 2 26 128 69 802
515 2 2 2 26 128 802 803
516 2 2 2 26 803 127 128
517 2 2 2 26 127 803 126
518 2 2 2 26 126 803 804
519 2 2 2 26 126 804 805
520 2 2 2 26 805 125 126
521 2 2 2 26 125 805 124
522 2 2 2 26 124 805 806
523 2 2 2 26 124 806 807
524 2 2 2 26 807 123 124
525 2 2 2 26 123 807 122
526 2 2 2 26 122 807 808
527 2 2 2 26 122 808 809
528 2 2 2 26 809 121 122
529 2 2 2 26 121 809 120
530 2 2 2 26 120 809 810
531 2 2 2 26 120 810 811
532 2 2 2 26 811 119 120
533 2 2 2 26 119 811 118
534 2 2 2 26 118 811 812
535 2 2 2 26 118 812 813
536 2 2 2 26 813 117 118
537 2 2 2 26 117 813 116
538 2 2 2 26 116 813 814
539 2 2 2 26 116 814 815
540 2 2 2 26 815 115 116
541 2 2 2 26 115 815 114
542 2 2 2 26 114 815 816
543 2 2 2 26 114 816 113
544 2 2 2 26 113 8 114
545 2 2 2 26 69 70 817
546 2 2 2 26 817 802 69
547 2 2 2 26 802 817 803
548 2 2 2 26 803 817 818
549 2 2 2 26 803 818 819
550 2 2 2 26 819 804 803
551 2 2 2 26 804 819 805
552 2 2 2 26 805 819 820
553 2 2 2 26 805 820 821
554 2 2 2 26 821 806 805
555 2 2 2 26 806 821 807
556 2 2 2 26 807 821 822
557 2 2 2 26 807 822 823
558 2 2 2 26 823 808 807
559 2 2 2 26 808 823 809
560 2 2 2 26 809 823 824
561 2 2 2 26 809 824 825
562 2 2 2 26 825 810 809
563 2 2 2 26 810 825 811
564 2 2 2 26 811 825 826
565 2 2 2 26 811 826 827
566 2 2 2 26 827 812 811
567 2 2 2 26 812 827 813
568 2 2 2 26 813 827 828
569 2 2 2 26 813 828 829
570 2 2 2 26 829 814 813
571 2 2 2 26 814 829 815
572 2 2 2 26 815 829 830
573 2 2 2 26 815 830 831
574 2 2 2 26 831 816 815
575 2 2 2 26 816 831 113
576 2 2 2 26 113 831 112
577 2 2 2 26 70 71 817
578 2 2 2 26 817 71 832
579 2 2 2 26 817 832 833
580 2 2 2 26 833 818 817
581 2 2 2 26 818 833 819
582 2 2 2 26 819 833 834
583 2 2 2 26 819 834 835
584 2 2 2 26 835 820 819
585 2 2 2 26 820 835 821
586 2 2 2 26 821 835 836
587 2 2 2 26 821 836 837
588 2 2 2 26 837 822 821
589 2 2 2 26 822 837 823
590 2 2 2 26 823 837 838
591 2 2 2 26 823 838 839
592 2 2 2 26 839 824 823
593 2 2 2 26 824 839 825
594 2 2 2 26 825 839 840
595 2 2 2 26 825 840 841
596 2 2 2 26 841 826 825
597 2 2 2 26 826 841 827
598 2 2 2 26 827 841 842
599 2 2 2 26 827 842 843
600 2 2 2 26 843 828 827
601 2 2 2 26 828 843 829
602 2 2 2 26 829 843 844
603 2 2 2 26 829 844 845
604 2 2 2 26 845 830 829
605 2 2 2 26 830 845 831
606 2 2 2 26 831 845 846
607 2 2 2 26 831 846 111
608 2 2 2 26 111 112 831
609 2 2 2 26 71 72 847
610 2 2 2 26 847 832 71
611 2 2 2 26 832 847 833
612 2 2 2 26 833 847 848
613 2 2 2 26 833 848 849
614 2 2 2 26 849 834 833
615 2 2 2 26 834 849 835
616 2 2 2 26 835 849 850
617 2 2 2 26 835 850 851
618 2 2 2 26 851 836 835
619 2 2 2 26 836 851 837
620 2 2 2 26 837 851 852
621 2 2 2 26 837 852 853
622 2 2 2 26 853 838 837
623 2 2 2 26 838 853 839
624 2 2 2 26 839 853 854
625 2 2 2 26 839 854 855
626 2 2 2 26 855 840 839
627 2 2 2 26 840 855 841
628 2 2 2 26 841 855 856
629 2 2 2 26 841 856 857
630 2 2 2 26 857 842 841
631 2 2 2 26 842 857 843
632 2 2 2 26 843 857 858
633 2 2 2 26 843 858 859
634 2 2 2 26 859 844 843
635 2 2 2 26 844 859 845
636 2 2 2 26 845 859 860
637 2 2 2 26 845 860 861
638 2 2 2 26 861 846 845
639 2 2 2 26 846 861 111
640 2 2 2 26 111 861 110
641 2 2 2 26 72 73 847
642 2 2 2 26 847 73 862
643 2 2 2 26 847 862 863
644 2 2 2 26 863 848 847
645 2 2 2 26 848 863 849
646 2 2 2 26 849 863 864
647 2 2 2 26 849 864 865
648 2 2 2 26 865 850 849
649 2 2 2 26 850 865 851
650 2 2 2 26 851 865 866
651 2 2 2 26 851 866 867
652 2 2 2 26 867 852 851
653 2 2 2 26 852 867 853
654 2 2 2 26 853 867 868
655 2 2 2 26 853 868 869
656 2 2 2 26 869 854 853
657 2 2 2 26 854 869 855
658 2 2 2 26 855 869 870
659 2 2 2 26 855 870 871
660 2 2 2 26 871 856 855
661 2 2 2 26 856 871 857
662 2 2 2 26 857 871 872
663 2 2 2 26 857 872 873
664 2 2 2 26 873 858 857
665 2 2 2 26 858 873 859
666 2 2 2 26 859 873 874
667 2 2 2 26 859 874 875
668 2 2 2 26 875 860 859
669 2 2 2 26 860 875 861
670 2 2 2 26 861 875 876
671 2 2 2 26 861 876 109
672 2 2 2 26 109 110 861
673 2 2 2 26 73 74 877
674 2 2 2 26 877 862 73
675 2 2 2 26 862 877 863
676 2 2 2 26 863 877 878
677 2 2 2 26 863 878 879
678 2 2 2 26 879 864 863
679 2 2 2 26 864 879 865
680 2 2 2 26 865 879 880
681 2 2 2 26 865 880 881
682 2 2 2 26 881 866 865
683 2 2 2 26 866 881 867
684 2 2 2 26 867 881 882
685 2 2 2 26 867 882 883
686 2 2 2 26 883 868 867
687 2 2 2 26 868 883 869
688 2 2 2 26 869 883 884
689 2 2 2 26 869 884 885
690 2 2 2 26 885 870 869
691 2 2 2 26 870 885 871
692 2 2 2 26 871 885 886
693 2 2 2 26 871 886 887
694 2 2 2 26 887 872 871
695 2 2 2 26 872 887 873
696 2 2 2 26 873 887 888
697 2 2 2 26 873 888 889
698 2 2 2 26 889 874 873
699 2 2 2 26 874 889 875
700 2 2 2 26 875 889 890
701 2 2 2 26 875 890 891
702 2 2 2 26 891 876 875
703 2 2 2 26 876 891 109
704 2 2 2 26 109 891 108
705 2 2 2 26 74 75 877
706 2 2 2 26 877 75 892
707 2 2 2 26 877 892 893
708 2 2 2 26 893 878 877
709 2 2 2 26 878 893 879
710 2 2 2 26 879 893 894
711 2 2 2 26 879 894 895
712 2 2 2 26 895 880 879
713 2 2 2 26 880 895 881
714 2 2 2 26 881 895 896
715 2 2 2 26 881 896 897
716 2 2 2 26 897 882 881
717 2 2 2 26 882 897 883
718 2 2 2 26 883 897 898
719 2 2 2 26 883 898 899
720 2 2 2 26 899 884 883
721 2 2 2 26 884 899 885
722 2 2 2 26 885 899 900
723 2 2 2 26 885 900 901
724 2 2 2 26 901 886 885
725 2 2 2 26 886 901 887
726 2 2 2 26 887 901 902
727 2 2 2 26 887 902 903
728 2 2 2 26 903 888 887
729 2 2 2 26 888 903 889
730 2 2 2 26 889 903 904
731 2 2 2 26 889 904 905
732 2 2 2 26 905 890 889
733 2 2 2 26 890 905 891
734 2 2 2 26 891 905 906
735 2 2 2 26 891 906 107
736 2 2 2 26 107 108 891
737 2 2 2 26 75 76 907
738 2 2 2 26 907 892 75
739 2 2 2 26 892 907 893
740 2 2 2 26 893 907 908
741 2 2 2 26 893 908 909
742 2 2 2 26 909 894 893
743 2 2 2 26 894 909 895
744 2 2 2 26 895 909 910
745 2 2 2 26 895 910 911
746 2 2 2 26 911 896 895
747 2 2 2 26 896 911 897
748 2 2 2 26 897 911 912
749 2 2 2 26 897 912 913
750 2 2 2 26 913 898 897
751 2 2 2 26 898 913 899
752 2 2 2 26 899 913 914
753 2 2 2 26 899 914 915
754 2 2 2 26 915 900 899
755 2 2 2 26 900 915 901
756 2 2 2 26 901 915 916
757 2 2 2 26 901 916 917
758 2 2 2 26 917 902 901
759 2 2 2 26 902 917 903
760 2 2 2 26 903 917 918
761 2 2 2 26 903 918 919
762 2 2 2 26 919 904 903
763 2 2 2 26 904 919 905
764 2 2 2 26 905 919 920
765 2 2 2 26 905 920 921
766 2 2 2 26 921 906 905
767 2 2 2 26 906 921 107
768 2 2 2 26 107 921 106
769 2 2 2 26 76 77 907
770 2 2 2 26 907 77 922
771 2 2 2 26 907 922 923
772 2 2 2 26 923 908 907
773 2 2 2 26 908 923 909
774 2 2 2 26 909 923 924
775 2 2 2 26 909 924 925
776 2 2 2 26 925 910 909
777 2 2 2 26 910 925 911
778 2 2 2 26 911 925 926
779 2 2 2 26 911 926 927
780 2 2 2 26 927 912 911
781 2 2 2 26 912 927 913
782 2 2 2 26 913 927 928
783 2 2 2 26 913 928 929
784 2 2 2 26 929 914 913
785 2 2 2 26 914 929 915
786 2 2 2 26 915 929 930
787 2 2 2 26 915 930 931
788 2 2 2 26 931 916 915
789 2 2 2 26 916 931 917
790 2 2 2 26 917 931 932
791 2 2 2 26 917 932 933
792 2 2 2 26 933 918 917
793 2 2 2 26 918 933 919
794 2 2 2 26 919 933 934
795 2 2 2 26 919 934 935
796 2 2 2 26 935 920 919
797 2 2 2 26 920 935 921
798 2 2 2 26 921 935 936
799 2 2 2 26 921 936 105
800 2 2 2 26 105 106 921
801 2 2 2 26 77 78 937
802 2 2 2 26 937 922 77
803 2 2 2 26 922 937 923
804 2 2 2 26 923 937 938
805 2 2 2 26 923 938 939
806 2 2 2 26 939 924 923
807 2 2 2 26 924 939 925
808 2 2 2 26 925 939 940
809 2 2 2 26 925 940 941
810 2 2 2 26 941 926 925
811 2 2 2 26 926 941 927
812 2 2 2 26 927 941 942
813 2 2 2 26 927 942 943
814 2 2 2 26 943 928 927
815 2 2 2 26 928 943 929
816 2 2 2 26 929 943 944
817 2 2 2 26 929 944 945
818 2 2 2 26 945 930 929
819 2 2 2 26 930 945 931
820 2 2 2 26 931 945 946
821 2 2 2 26 931 946 947
822 2 2 2 26 947 932 931
823 2 2 2 26 932 947 933
824 2 2 2 26 933 947 948
825 2 2 2 26 933 948 949
826 2 2 2 26 949 934 933
827 2 2 2 26 934 949 935
828 2 2 2 26 935 949 950
829 2 2 2 26 935 950 951
830 2 2 2 26 951 936 935
831 2 2 2 26 936 951 105
832 2 2 2 26 105 951 104
833 2 2 2 26 78 79 937
834 2 2 2 26 937 79 952
835 2 2 2 26 937 952 953
836 2 2 2 26 953 938 937
837 2 2 2 26 938 953 939
838 2 2 2 26 939 953 954
839 2 2 2 26 939 954 955
840 2 2 2 26 955 940 939
841 2 2 2 26 940 955 941
842 2 2 2 26 941 955 956
843 2 2 2 26 941 956 957
844 2 2 2 26 957 942 941
845 2 2 2 26 942 957 943
846 2 2 2 26 943 957 958
847 2 2 2 26 943 958 959
848 2 2 2 26 959 944 943
849 2 2 2 26 944 959 945
850 2 2 2 26 945 959 960
851 2 2 2 26 945 960 961
852 2 2 2 26 961 946 945
853 2 2 2 26 946 961 947
854 2 2 2 26 947 961 962
855 2 2 2 26 947 962 963
856 2 2 2 26 963 948 947
857 2 2 2 26 948 963 949
858 2 2 2 26 949 963 964
859 2 2 2 26 949 964 965
860 2 2 2 26 965 950 949
861 2 2 2 26 950 965 951
862 2 2 2 26 951 965 966
863 2 2 2 26 951 966 103
864 2 2 2 26 103 104 951
865 2 2 2 26 79 80 967
866 2 2 2 26 967 952 79
867 2 2 2 26 952 967 953
868 2 2 2 26 953 967 968
869 2 2 2 26 953 968 969
870 2 2 2 26 969 954 953
871 2 2 2 26 954 969 955
872 2 2 2 26 955 969 970
873 2 2 2 26 955 970 971
874 2 2 2 26 971 956 955
875 2 2 2 26 956 971 957
876 2 2 2 26 957 971 972
877 2 2 2 26 957 972 973
878 2 2 2 26 973 958 957
879 2 2 2 26 958 973 959
880 2 2 2 26 959 973 974
881 2 2 2 26 959 974 975
882 2 2 2 26 975 960 959
883 2 2 2 26 960 975 961
884 2 2 2 26 961 975 976
885 2 2 2 26 961 976 977
886 2 2 2 26 977 962 961
887 2 2 2 26 962 977 963
888 2 2 2 26 963 977 978
889 2 2 2 26 963 978 979
890 2 2 2 26 979 964 963
891 2 2 2 26 964 979 965
892 2 2 2 26 965 979 980
893 2 2 2 26 965 980 981
894 2 2 2 26 981 966 965
895 2 2 2 26 966 981 103
896 2 2 2 26 103 981 102
897 2 2 2 26 80 81 967
898 2 2 2 26 967 81 982
899 2 2 2 26 967 982 983
900 2 2 2 26 983 968 967
901 2 2 2 26 968 983 969
902 2 2 2 26 969 983 984
903 2 2 2 26 969 984 985
904 2 2 2 26 985 970 969
905 2 2 2 26 970 985 971
906 2 2 2 26 971 985 986
907 2 2 2 26 971 986 987
908 2 2 2 26 987 972 971
909 2 2 2 26 972 987 973
910 2 2 2 26 973 987 988
911 2 2 2 26 973 988 989
912 2 2 2 26 989 974 973
913 2 2 2 26 974 989 975
914 2 2 2 26 975 989 990
915 2 2 2 26 975 990 991
916 2 2 2 26 991 976 975
917 2 2 2 26 976 991 977
918 2 2 2 26 977 991 992
919 2 2 2 26 977 992 993
920 2 2 2 26 993 978 977
921 2 2 2 26 978 993 979
922 2 2 2 26 979 993 994
923 2 2 2 26 979 994 995
924 2 2 2 26 995 980 979
925 2 2 2 26 980 995 981
926 2 2 2 26 981 995 996
927 2 2 2 26 981 996 101
928 2 2 2 26 101 102 981
929 2 2 2 26 81 82 997
930 2 2 2 26 997 982 81
931 2 2 2 26 982 997 983
932 2 2 2 26 983 997 998
933 2 2 2 26 983 998 999
934 2 2 2 26 999 984 983
935 2 2 2 26 984 999 985
936 2 2 2 26 985 999 1000
937 2 2 2 26 985 1000 1001
938 2 2 2 26 1001 986 985
939 2 2 2 26 986 1001 987
940 2 2 2 26 987 1001 1002
941 2 2 2 26 987 1002 1003
942 2 2 2 26 1003 988 987
943 2 2 2 26 988 1003 989
944 2 2 2 26 989 1003 1004
945 2 2 2 26 989 1004 1005
946 2 2 2 26 1005 990 989
947 2 2 2 26 990 1005 991
948 2 2 2 26 991 1005 1006
949 2 2 2 26 991 1006 1007
950 2 2 2 26 1007 992 991
951 2 2 2 26 992 1007 993
952 2 2 2 26 993 1007 1008
953 2 2 2 26 993 1008 1009
954 2 2 2 26 1009 994 993
955 2 2 2 26 994 1009 995
956 2 2 2 26 995 1009 1010
957 2 2 2 26 995 1010 1011
958 2 2 2 26 1011 996 995
959 2 2 2 26 996 1011 101
960 2 2 2 26 101 1011 100
961 2 2 2 26 82 83 997
962 2 2 2 26 997 83 1012
963 2 2 2 26 997 1012 1013
964 2 2 2 26 1013 998 997
965 2 2 2 26 998 1013 999
966 2 2 2 26 999 1013 1014
967 2 2 2 26 999 1014 1015
968 2 2 2 26 1015 1000 999
969 2 2 2 26 1000 1015 1001
970 2 2 2 26 1001 1015 1016
971 2 2 2 26 1001 1016 1017
972 2 2 2 26 1017 1002 1001
973 2 2 2 26 1002 1017 1003
974 2 2 2 26 1003 1017 1018
975 2 2 2 26 1003 1018 1019
976 2 2 2 26 1019 1004 1003
977 2 2 2 26 1004 1019 1005
978 2 2 2 26 1005 1019 1020
979 2 2 2 26 1005 1020 1021
980 2 2 2 26 1021 1006 1005
981 2 2 2 26 1006 1021 1007
982 2 2 2 26 1007 1021 1022
983 2 2 2 26 1007 1022 1023
984 2 2 2 26 1023 1008 1007
985 2 2 2 26 1008 1023 1009
986 2 2 2 26 1009 1023 1024
987 2 2 2 26 1009 1024 1025
988 2 2 2 26 1025 1010 1009
989 2 2 2 26 1010 1025 1011
990 2 2 2 26 1011 1025 1026
991 2 2 2 26 1011 1026 99
992 2 2 2 26 99 100 1011
993 2 2 2 26 83 6 84
994 2 2 2 26 84 1012 83
995 2 2 2 26 1012 84 1013
996 2 2 2 26 1013 84 85
997 2 2 2 26 1013 85 86
998 2 2 2 26 86 1014 1013
999 2 2 2 26 1014 86 1015
1000 2 2 2 26 1015 86 87
1001 2 2 2 26 1015 87 88
1002 2 2 2 26 88 1016 1015
1003 2 2 2 26 1016 88 1017
1004 2 2 2 26 1017 88 89
1005 2 2 2 26 1017 89 90
1006 2 2 2 26 90 1018 1017
1007 2 2 2 26 1018 90 1019
1008 2 2 2 26 1019 90 91
1009 2 2 2 26 1019 91 92
1010 2 2 2 26 92 1020 1019
1011 2 2 2 26 1020 92 1021
1012 2 2 2 26 1021 92 93
1013 2 2 2 26 1021 93 94
1014 2 2 2 26 94 1022 1021
1015 2 2 2 26 1022 94 1023
1016 2 2 2 26 1023 94 95
1017 2 2 2 26 1023 95 96
1018 2 2 2 26 96 1024 1023
1019 2 2 2 26 1024 96 1025
1020 2 2 2 26 1025 96 97
1021 2 2 2 26 1025 97 98
1022 2 2 2 26 98 1026 1025
1023 2 2 2 26 1026 98 99
1024 2 2 2 26 99 98 7
1025 3 2 3 13 1 9 382 129
1026 3 2 3 13 129 382 383 130
1027 3 2 3 13 130 383 384 131
1028 3 2 3 13 131 384 385 132
1029 3 2 3 13 132 385 386 133
1030 3 2 3 13 133 386 387 134
1031 3 2 3 13 134 387 388 135
1032 3 2 3 13 135 388 69 5
1033 3 2 3 13 9 10 389 382
1034 3 2 3 13 382 389 390 383
1035 3 2 3 13 383 390 391 384
1036 3 2 3 13 384 391 392 385
1037 3 2 3 13 385 392 393 386
1038 3 2 3 13 386 393 394 387
1039 3 2 3 13 387 394 395 388
1040 3 2 3 13 388 395 70 69
1041 3 2 3 13 10 11 396 389
1042 3 2 3 13 389 396 397 390
1043 3 2 3 13 390 397 398 391
1044 3 2 3 13 391 398 399 392
1045 3 2 3 13 392 399 400 393
1046 3 2 3 13 393 400 401 394
1047 3 2 3 13 394 401 402 395
1048 3 2 3 13 395 402 71 70
1049 3 2 3 13 11 12 403 396
1050 3 2 3 13 396 403 404 397
1051 3 2 3 13 397 404 405 398
1052 3 2 3 13 398 405 406 399
1053 3 2 3 13 399 406 407 400
1054 3 2 3 13 400 407 408 401
1055 3 2 3 13 401 408 409 402
1056 3 2 3 13 402 409 72 71
1057 3 2 3 13 12 13 410 403
1058 3 2 3 13 403 410 411 404
1059 3 2 3 13 404 411 412 405
1060 3 2 3 13 405 412 413 406
1061 3 2 3 13 406 413 414 407
1062 3 2 3 13 407 414 415 408
1063 3 2 3 13 408 415 416 409
1064 3 2 3 13 409 416 73 72
1065 3 2 3 13 13 14 417 410
1066 3 2 3 13 410 417 418 411
1067 3 2 3 13 411 418 419 412
1068 3 2 3 13 412 419 420 413
1069 3 2 3 13 413 420 421 414
1070 3 2 3 13 414 421 422 415
1071 3 2 3 13 415 422 423 416
1072 3 2 3 13 416 423 74 73
1073 3 2 3 13 14 15 424 417
1074 3 2 3 13 417 424 425 418
1075 3 2 3 13 418 425 426 419
1076 3 2 3 13 419 426 427 420
1077 3 2 3 13 420 427 428 421
1078 3 2 3 13 421 428 429 422
1079 3 2 3 13 422 429 430 423
1080 3 2 3 13 423 430 75 74
1081 3 2 3 13 15 16 431 424
1082 3 2 3 13 424 431 432 425
1083 3 2 3 13 425 432 433 426
1084 3 2 3 13 426 433 434 427
1085 3 2 3 13 427 434 435 428
1086 3 2 3 13 428 435 436 429
1087 3 2 3 13 429 436 437 430
1088 3 2 3 13 430 437 76 75
1089 3 2 3 13 16 17 438 431
1090 3 2 3 13 431 438 439 432
1091 3 2 3 13 432 439 440 433
1092 3 2 3 13 433 440 441 434
1093 3 2 3 13 434 441 442 435
1094 3 2 3 13 435 442 443 436
1095 3 2 3 13 436 443 444 437
1096 3 2 3 13 437 444 77 76
1097 3 2 3 13 17 18 445 438
1098 3 2 3 13 438 445 446 439
1099 3 2 3 13 439 446 447 440
1100 3 2 3 13 440 447 448 441
1101 3 2 3 13 441 448 449 442
1102 3 2 3 13 442 449 450 443
1103 3 2 3 13 443 450 451 444
1104 3 2 3 13 444 451 78 77
1105 3 2 3 13 18 19 452 445
1106 3 2 3 13 445 452 453 446
1107 3 2 3 13 446 453 454 447
1108 3 2 3 13 447 454 455 448
1109 3 2 3 13 448 455 456 449
1110 3 2 3 13 449 456 457 450
1111 3 2 3 13 450 457 458 451
1112 3 2 3 13 451 458 79 78
1113 3 2 3 13 19 20 459 452
1114 3 2 3 13 452 459 460 453
1115 3 2 3 13 453 460 461 454
1116 3 2 3 13 454 461 462 455
1117 3 2 3 13 455 462 463 456
1118 3 2 3 13 456 463 464 457
1119 3 2 3 13 457 464 465 458
1120 3 2 3 13 458 465 80 79
1121 3 2 3 13 20 21 466 459
1122 3 2 3 13 459 466 467 460
1123 3 2 3 13 460 467 468 461
1124 3 2 3 13 461 468 469 462
1125 3 2 3 13 462 469 470 463
1126 3 2 3 13 463 470 471 464
1127 3 2 3 13 464 471 472 465
1128 3 2 3 13 465 472 81 80
1129 3 2 3 13 21 22 473 466
1130 3 2 3 13 466 473 474 467
1131 3 2 3 13 467 474 475 468
1132 3 2 3 13 468 475 476 469
1133 3 2 3 13 469 476 477 470
1134 3 2 3 13 470 477 478 471
1135 3 2 3 13 471 478 479 472
1136 3 2 3 13 472 479 82 81
1137 3 2 3 13 22 23 480 473
1138 3 2 3 13 473 480 481 474
1139 3 2 3 13 474 481 482 475
1140 3 2 3 13 475 482 483 476
1141 3 2 3 13 476 483 484 477
1142 3 2 3 13 477 484 485 478
1143 3 2 3 13 478 485 486 479
1144 3 2 3 13 479 486 83 82
1145 3 2 3 13 23 2 136 480
1146 3 2 3 13 480 136 137 481
1147 3 2 3 13 481 137 138 482
1148 3 2 3 13 482 138 139 483
1149 3 2 3 13 483 139 140 484
1150 3 2 3 13 484 140 141 485
1151 3 2 3 13 485 141 142 486
1152 3 2 3 13 486 142 6 83
1153 3 2 3 17 2 24 487 136
1154 3 2 3 17 136 487 488 137
1155 3 2 3 17 137 488 489 138
1156 3 2 3 17 138 489 490 139
1157 3 2 3 17 139 490 491 140
1158 3 2 3 17 140 491 492 141
1159 3 2 3 17 141 492 493 142
1160 3 2 3 17 142 493 84 6
1161 3 2 3 17 24 25 494 487
1162 3 2 3 17 487 494 495 488
1163 3 2 3 17 488 495 496 489
1164 3 2 3 17 489 496 497 490
1165 3 2 3 17 490 497 498 491
1166 3 2 3 17 491 498 499 492
1167 3 2 3 17 492 499 500 493
1168 3 2 3 17 493 500 85 84
1169 3 2 3 17 25 26 501 494
1170 3 2 3 17 494 501 502 495
1171 3 2 3 17 495 502 503 496
1172 3 2 3 17 496 503 504 497
1173 3 2 3 17 497 504 505 498
1174 3 2 3 17 498 505 506 499
1175 3 2 3 17 499 506 507 500
1176 3 2 3 17 500 507 86 85
1177 3 2 3 17 26 27 508 501
1178 3 2 3 17 501 508 509 502
1179 3 2 3 17 502 509 510 503
1180 3 2 3 17 503 510 511 504
1181 3 2 3 17 504 511 512 505
1182 3 2 3 17 505 512 513 506
1183 3 2 3 17 506 513 514 507
1184 3 2 3 17 507 514 87 86
1185 3 2 3 17 27 28 515 508
1186 3 2 3 17 508 515 516 509
1187 3 2 3 17 509 516 517 510
1188 3 2 3 17 510 517 518 511
1189 3 2 3 17 511 518 519 512
1190 3 2 3 17 512 519 520 513
1191 3 2 3 17 513 520 521 514
1192 3 2 3 17 514 521 88 87
1193 3 2 3 17 28 29 522 515
1194 3 2 3 17 515 522 523 516
1195 3 2 3 17 516 523 524 517
1196 3 2 3 17 517 524 525 518
1197 3 2 3 17 518 525 526 519
1198 3 2 3 17 519 526 527 520
1199 3 2 3 17 520 527 528 521
1200 3 2 3 17 521 528 89 88
1201 3 2 3 17 29 30 529 522
1202 3 2 3 17 522 529 530 523
1203 3 2 3 17 523 530 531 524
1204 3 2 3 17 524 531 532 525
1205 3 2 3 17 525 532 533 526
1206 3 2 3 17 526 533 534 527
1207 3 2 3 17 527 534 535 528
1208 3 2 3 17 528 535 90 89
1209 3 2 3 17 30 31 536 529
1210 3 2 3 17 529 536 537 530
1211 3 2 3 17 530 537 538 531
1212 3 2 3 17 531 538 539 532
1213 3 2 3 17 532 539 540 533
1214 3 2 3 17 533 540 541 534
1215 3 2 3 17 534 541 542 535
1216 3 2 3 17 535 542 91 90
1217 3 2 3 17 31 32 543 536
1218 3 2 3 17 536 543 544 537
1219 3 2 3 17 537 544 545 538
1220 3 2 3 17 538 545 546 539
1221 3 2 3 17 539 546 547 540
1222 3 2 3 17 540 547 548 541
1223 3 2 3 17 541 548 549 542
1224 3 2 3 17 542 549 92 91
1225 3 2 3 17 32 33 550 543
1226 3 2 3 17 543 550 551 544
1227 3 2 3 17 544 551 552 545
1228 3 2 3 17 545 552 553 546
1229 3 2 3 17 546 553 554 547
1230 3 2 3 17 547 554 555 548
1231 3 2 3 17 548 555 556 549
1232 3 2 3 17 549 556 93 92
1233 3 2 3 17 33 34 557 550
1234 3 2 3 17 550 557 558 551
1235 3 2 3 17 551 558 559 552
1236 3 2 3 17 552 559 560 553
1237 3 2 3 17 553 560 561 554
1238 3 2 3 17 554 561 562 555
1239 3 2 3 17 555 562 563 556
1240 3 2 3 17 556 563 94 93
1241 3 2 3 17 34 35 564 557
1242 3 2 3 17 557 564 565 558
1243 3 2 3 17 558 565 566 559
1244 3 2 3 17 559 566 567 560
1245 3 2 3 17 560 567 568 561
1246 3 2 3 17 561 568 569 562
1247 3 2 3 17 562 569 570 563
1248 3 2 3 17 563 570 95 94
1249 3 2 3 17 35 36 571 564
1250 3 2 3 17 564 571 572 565
1251 3 2 3 17 565 572 573 566
1252 3 2 3 17 566 573 574 567
1253 3 2 3 17 567 574 575 568
1254 3 2 3 17 568 575 576 569
1255 3 2 3 17 569 576 577 570
1256 3 2 3 17 570 577 96 95
1257 3 2 3 17 36 37 578 571
1258 3 2 3 17 571 578 579 572
1259 3 2 3 17 572 579 580 573
1260 3 2 3 17 573 580 581 574
1261 3 2 3 17 574 581 582 575
1262 3 2 3 17 575 582 583 576
1263 3 2 3 17 576 583 584 577
1264 3 2 3 17 577 584 97 96
1265 3 2 3 17 37 38 585 578
1266 3 2 3 17 578 585 586 579
1267 3 2 3 17 579 586 587 580
1268 3 2 3 17 580 587 588 581
1269 3 2 3 17 581 588 589 582
1270 3 2 3 17 582 589 590 583
1271 3 2 3 17 583 590 591 584
1272 3 2 3 17 584 591 98 97
1273 3 2 3 17 38 3 143 585
1274 3 2 3 17 585 143 144 586
1275 3 2 3 17 586 144 145 587
1276 3 2 3 17 587 145 146 588
1277 3 2 3 17 588 146 147 589
1278 3 2 3 17 589 147 148 590
1279 3 2 3 17 590 148 149 591
1280 3 2 3 17 591 149 7 98
1281 3 2 3 21 3 39 592 143
1282 3 2 3 21 143 592 593 144
1283 3 2 3 21 144 593 594 145
1284 3 2 3 21 145 594 595 146
1285 3 2 3 21 146 595 596 147
1286 3 2 3 21 147 596 597 148
1287 3 2 3 21 148 597 598 149
1288 3 2 3 21 149 598 99 7
1289 3 2 3 21 39 40 599 592
1290 3 2 3 21 592 599 600 593
1291 3 2 3 21 593 600 601 594
1292 3 2 3 21 594 601 602 595
1293 3 2 3 21 595 602 603 596
1294 3 2 3 21 596 603 604 597
1295 3 2 3 21 597 604 605 598
1296 3 2 3 21 598 605 100 99
1297 3 2 3 21 40 41 606 599
1298 3 2 3 21 599 606 607 600
1299 3 2 3 21 600 607 608 601
1300 3 2 3 21 601 608 609 602
1301 3 2 3 21 602 609 610 603
1302 3 2 3 21 603 610 611 604
1303 3 2 3 21 604 611 612 605
1304 3 2 3 21 605 612 101 100
1305 3 2 3 21 41 42 613 606
1306 3 2 3 21 606 613 614 607
1307 3 2 3 21 607 614 615 608
1308 3 2 3 21 608 615 616 609
1309 3 2 3 21 609 616 617 610
1310 3 2 3 21 610 617 618 611
1311 3 2 3 21 611 618 619 612
1312 3 2 3 21 612 619 102 101
1313 3 2 3 21 42 43 620 613
1314 3 2 3 21 613 620 621 614
1315 3 2 3 21 614 621 622 615
1316 3 2 3 21 615 622 623 616
1317 3 2 3 21 616 623 624 617
1318 3 2 3 21 617 624 625 618
1319 3 2 3 21 618 625 626 619
1320 3 2 3 21 619 626 103 102
1321 3 2 3 21 43 44 627 620
1322 3 2 3 21 620 627 628 621
1323 3 2 3 21 621 628 629 622
1324 3 2 3 21 622 629 630 623
1325 3 2 3 21 623 630 631 624
1326 3 2 3 21 624 631 632 625
1327 3 2 3 21 625 632 633 626
1328 3 2 3 21 626 633 104 103
1329 3 2 3 21 44 45 634 627
1330 3 2 3 21 627 634 635 628
1331 3 2 3 21 628 635 636 629
1332 3 2 3 21 629 636 637 630
1333 3 2 3 21 630 637 638 631
1334 3 2 3 21 631 638 639 632
1335 3 2 3 21 632 639 640 633
1336 3 2 3 21 633 640 105 104
1337 3 2 3 21 45 46 641 634
1338 3 2 3 21 634 641 642 635
1339 3 2 3 21 635 642 643 636
1340 3 2 3 21 636 643 644 637
1341 3 2 3 21 637 644 645 638
1342 3 2 3 21 638 645 646 639
1343 3 2 3 21 639 646 647 640
1344 3 2 3 21 640 647 106 105
1345 3 2 3 21 46 47 648 641
1346 3 2 3 21 641 648 649 642
1347 3 2 3 21 642 649 650 643
1348 3 2 3 21 643 650 651 644
1349 3 2 3 21 644 651 652 645
1350 3 2 3 21 645 652 653 646
1351 3 2 3 21 646 653 654 647
1352 3 2 3 21 647 654 107 106
1353 3 2 3 21 47 48 655 648
1354 3 2 3 21 648 655 656 649
1355 3 2 3 21 649 656 657 650
1356 3 2 3 21 650 657 658 651
1357 3 2 3 21 651 658 659 652
1358 3 2 3 21 652 659 660 653
1359 3 2 3 21 653 660 661 654
1360 3 2 3 21 654 661 108 107
1361 3 2 3 21 48 49 662 655
1362 3 2 3 21 655 662 663 656
1363 3 2 3 21 656 663 664 657
1364 3 2 3 21 657 664 665 658
1365 3 2 3 21 658 665 666 659
1366 3 2 3 21 659 666 667 660
1367 3 2 3 21 660 667 668 661
1368 3 2 3 21 661 668 109 108
1369 3 2 3 21 49 50 669 662
1370 3 2 3 21 662 669 670 663
1371 3 2 3 21 663 670 671 664
1372 3 2 3 21 664 671 672 665
1373 3 2 3 21 665 672 673 666
1374 3 2 3 21 666 673 674 667
1375 3 2 3 21 667 674 675 668
1376 3 2 3 21 668 675 110 109
1377 3 2 3 21 50 51 676 669
1378 3 2 3 21 669 676 677 670
1379 3 2 3 21 670 677 678 671
1380 3 2 3 21 671 678 679 672
1381 3 2 3 21 672 679 680 673
1382 3 2 3 21 673 680 681 674
1383 3 2 3 21 674 681 682 675
1384 3 2 3 21 675 682 111 110
1385 3 2 3 21 51 52 683 676
1386 3 2 3 21 676 683 684 677
1387 3 2 3 21 677 684 685 678
1388 3 2 3 21 678 685 686 679
1389 3 2 3 21 679 686 687 680
1390 3 2 3 21 680 687 688 681
1391 3 2 3 21 681 688 689 682
1392 3 2 3 21 682 689 112 111
1393 3 2 3 21 52 53 690 683
1394 3 2 3 21 683 690 691 684
1395 3 2 3 21 684 691 692 685
1396 3 2 3 21 685 692 693 686
1397 3 2 3 21 686 693 694 687
1398 3 2 3 21 687 694 695 688
1399 3 2 3 21 688 695 696 689
1400 3 2 3 21 689 696 113 112
1401 3 2 3 21 53 4 150 690
1402 3 2 3 21 690 150 151 691
1403 3 2 3 21 691 151 152 692
1404 3 2 3 21 692 152 153 693
1405 3 2 3 21 693 153 154 694
1406 3 2 3 21 694 154 155 695
1407 3 2 3 21 695 155 156 696
1408 3 2 3 21 696 156 8 113
1409 3 2 3 25 4 54 697 150
1410 3 2 3 25 150 697 698 151
1411 3 2 3 25 151 698 699 152
1412 3 2 3 25 152 699 700 153
1413 3 2 3 25 153 700 701 154
1414 3 2 3 25 154 701 702 155
1415 3 2 3 25 155 702 703 156
1416 3 2 3 25 156 703 114 8
1417 3 2 3 25 54 55 704 697
1418 3 2 3 25 697 704 705 698
1419 3 2 3 25 698 705 706 699
1420 3 2 3 25 699 706 707 700
1421 3 2 3 25 700 707 708 701
1422 3 2 3 25 701 708 709 702
1423 3 2 3 25 702 709 710 703
1424 3 2 3 25 703 710 115 114
1425 3 2 3 25 55 56 711 704
1426 3 2 3 25 704 711 712 705
1427 3 2 3 25 705 712 713 706
1428 3 2 3 25 706 713 714 707
1429 3 2 3 25 707 714 715 708
1430 3 2 3 25 708 715 716 709
1431 3 2 3 25 709 716 717 710
1432 3 2 3 25 710 717 116 115
1433 3 2 3 25 56 57 718 711
1434 3 2 3 25 711 718 719 712
1435 3 2 3 25 712 719 720 713
1436 3 2 3 25 713 720 721 714
1437 3 2 3 25 714 721 722 715
1438 3 2 3 25 715 722 723 716
1439 3 2 3 25 716 723 724 717
1440 3 2 3 25 717 724 117 116
1441 3 2 3 25 57 58 725 718
1442 3 2 3 25 718 725 726 719
1443 3 2 3 25 719 726 727 720
1444 3 2 3 25 720 727 728 721
1445 3 2 3 25 721 728 729 722
1446 3 2 3 25 722 729 730 723
1447 3 2 3 25 723 730 731 724
1448 3 2 3 25 724 731 118 117
1449 3 2 3 25 58 59 732 725
1450 3 2 3 25 725 732 733 726
1451 3 2 3 25 726 733 734 727
1452 3 2 3 25 727 734 735 728
1453 3 2 3 25 728 735 736 729
1454 3 2 3 25 729 736 737 730
1455 3 2 3 25 730 737 738 731
1456 3 2 3 25 731 738 119 118
1457 3 2 3 25 59 60 739 732
1458 3 2 3 25 732 739 740 733
1459 3 2 3 25 733 740 741 734
1460 3 2 3 25 734 741 742 735
1461 3 2 3 25 735 742 743 736
1462 3 2 3 25 736 743 744 737
1463 3 2 3 25 737 744 745 738
1464 3 2 3 25 738 745 120 119
1465 3 2 3 25 60 61 746 739
1466 3 2 3 25 739 746 747 740
1467 3 2 3 25 740 747 748 741
1468 3 2 3 25 741 748 749 742
1469 3 2 3 25 742 749 750 743
1470 3 2 3 25 743 750 751 744
1471 3 2 3 25 744 751 752 745
1472 3 2 3 25 745 752 121 120
1473 3 2 3 25 61 62 753 746
1474 3 2 3 25 746 753 754 747
1475 3 2 3 25 747 754 755 748
1476 3 2 3 25 748 755 756 749
1477 3 2 3 25 749 756 757 750
1478 3 2 3 25 750 757 758 751
1479 3 2 3 25 751 758 759 752
1480 3 2 3 25 752 759 122 121
1481 3 2 3 25 62 63 760 753
1482 3 2 3 25 753 760 761 754
1483 3 2 3 25 754 761 762 755
1484 3 2 3 25 755 762 763 756
1485 3 2 3 25 756 763 764 757
1486 3 2 3 25 757 764 765 758
1487 3 2 3 25 758 765 766 759
1488 3 2 3 25 759 766 123 122
1489 3 2 3 25 63 64 767 760
1490 3 2 3 25 760 767 768 761
1491 3 2 3 25 761 768 769 762
1492 3 2 3 25 762 769 770 763
1493 3 2 3 25 763 770 771 764
1494 3 2 3 25 764 771 772 765
1495 3 2 3 25 765 772 773 766
1496 3 2 3 25 766 773 124 123
1497 3 2 3 25 64 65 774 767
1498 3 2 3 25 767 774 775 768
1499 3 2 3 25 768 775 776 769
1500 3 2 3 25 769 776 777 770
1501 3 2 3 25 770 777 778 771
1502 3 2 3 25 771 778 779 772
1503 3 2 3 25 772 779 780 773
1504 3 2 3 25 773 780 125 124
1505 3 2 3 25 65 66 781 774
1506 3 2 3 25 774 781 782 775
1507 3 2 3 25 775 782 783 776
1508 3 2 3 25 776 783 784 777
1509 3 2 3 25 777 784 785 778
1510 3 2 3 25 778 785 786 779
1511 3 2 3 25 779 786 787 780
1512 3 2 3 25 780 787 126 125
1513 3 2 3 25 66 67 788 781
1514 3 2 3 25 781 788 789 782
1515 3 2 3 25 782 789 790 783
1516 3 2 3 25 783 790 791 784
1517 3 2 3 25 784 791 792 785
1518 3 2 3 25 785 792 793 786
1519 3 2 3 25 786 793 794 787
1520 3 2 3 25 787 794 127 126
1521 3 2 3 25 67 68 795 788
1522 3 2 3 25 788 795 796 789
1523 3 2 3 25 789 796 797 790
1524 3 2 3 25 790 797 798 791
1525 3 2 3 25 791 798 799 792
1526 3 2 3 25 792 799 800 793
1527 3 2 3 25 793 800 801 794
1528 3 2 3 25 794 801 128 127
1529 3 2 3 25 68 1 129 795
1530 3 2 3 25 795 129 130 796
1531 3 2 3 25 796 130 131 797
1532 3 2 3 25 797 131 132 798
1533 3 2 3 25 798 132 133 799
1534 3 2 3 25 799 133 134 800
1535 3 2 3 25 800 134 135 801
1536 3 2 3 25 801 135 5 128
1537 6 2 1 1 1 9 68 129 382 795
1538 6 2 1 1 129 382 795 130 383 796
1539 6 2 1 1 130 383 796 131 384 797
1540 6 2 1 1 131 384 797 132 385 798
1541 6 2 1 1 132 385 798 133 386 799
1542 6 2 1 1 133 386 799 134 387 800
1543 6 2 1 1 134 387 800 135 388 801
1544 6 2 1 1 135 388 801 5 69 128
1545 6 2 1 1 68 9 157 795 382 1027
1546 6 2 1 1 795 382 1027 796 383 1028
1547 6 2 1 1 796 383 1028 797 384 1029
1548 6 2 1 1 797 384 1029 798 385 1030
1549 6 2 1 1 798 385 1030 799 386 1031
1550 6 2 1 1 799 386 1031 800 387 1032
1551 6 2 1 1 800 387 1032 801 388 1033
1552 6 2 1 1 801 388 1033 128 69 802
1553 6 2 1 1 68 157 158 795 1027 1034
1554 6 2 1 1 795 1027 1034 796 1028 1035
1555 6 2 1 1 796 1028 1035 797 1029 1036
1556 6 2 1 1 797 1029 1036 798 1030 1037
1557 6 2 1 1 798 1030 1037 799 1031 1038
1558 6 2 1 1 799 1031 1038 800 1032 1039
1559 6 2 1 1 800 1032 1039 801 1033 1040
1560 6 2 1 1 801 1033 1040 128 802 803
1561 6 2 1 1 158 67 68 1034 788 795
1562 6 2 1 1 1034 788 795 1035 789 796
1563 6 2 1 1 1035 789 796 1036 790 797
1564 6 2 1 1 1036 790 797 1037 791 798
1565 6 2 1 1 1037 791 798 1038 792 799
1566 6 2 1 1 1038 792 799 1039 793 800
1567 6 2 1 1 1039 793 800 1040 794 801
1568 6 2 1 1 1040 794 801 803 127 128
1569 6 2 1 1 67 158 66 788 1034 781
1570 6 2 1 1 788 1034 781 789 1035 782
1571 6 2 1 1 789 1035 782 790 1036 783
1572 6 2 1 1 790 1036 783 791 1037 784
1573 6 2 1 1 791 1037 784 792 1038 785
1574 6 2 1 1 792 1038 785 793 1039 786
1575 6 2 1 1 793 1039 786 794 1040 787
1576 6 2 1 1 794 1040 787 127 803 126
1577 6 2 1 1 66 158 159 781 1034 1041
1578 6 2 1 1 781 1034 1041 782 1035 1042
1579 6 2 1 1 782 1035 1042 783 1036 1043
1580 6 2 1 1 783 1036 1043 784 1037 1044
1581 6 2 1 1 784 1037 1044 785 1038 1045
1582 6 2 1 1 785 1038 1045 786 1039 1046
1583 6 2 1 1 786 1039 1046 787 1040 1047
1584 6 2 1 1 787 1040 1047 126 803 804
1585 6 2 1 1 66 159 160 781 1041 1048
1586 6 2 1 1 781 1041 1048 782 1042 1049
1587 6 2 1 1 782 1042 1049 783 1043 1050
1588 6 2 1 1 783 1043 1050 784 1044 1051
1589 6 2 1 1 784 1044 1051 785 1045 1052
1590 6 2 1 1 785 1045 1052 786 1046 1053
1591 6 2 1 1 786 1046 1053 787 1047 1054
1592 6 2 1 1 787 1047 1054 126 804 805
1593 6 2 1 1 160 65 66 1048 774 781
1594 6 2 1 1 1048 774 781 1049 775 782
1595 6 2 1 1 1049 775 782 1050 776 783
1596 6 2 1 1 1050 776 783 1051 777 784
1597 6 2 1 1 1051 777 784 1052 778 785
1598 6 2 1 1 1052 778 785 1053 779 786
1599 6 2 1 1 1053 779 786 1054 780 787
1600 6 2 1 1 1054 780 787 805 125 126
1601 6 2 1 1 65 160 64 774 1048 767
1602 6 2 1 1 774 1048 767 775 1049 768
1603 6 2 1 1 775 1049 768 776 1050 769
1604 6 2 1 1 776 1050 769 777 1051 770
1605 6 2 1 1 777 1051 770 778 1052 771
1606 6 2 1 1 778 1052 771 779 1053 772
1607 6 2 1 1 779 1053 772 780 1054 773
1608 6 2 1 1 780 1054 773 125 805 124
1609 6 2 1 1 64 160 161 767 1048 1055
1610 6 2 1 1 767 1048 1055 768 1049 1056
1611 6 2 1 1 768 1049 1056 769 1050 1057
1612 6 2 1 1 769 1050 1057 770 1051 1058
1613 6 2 1 1 770 1051 1058 771 1052 1059
1614 6 2 1 1 771 1052 1059 772 1053 1060
1615 6 2 1 1 772 1053 1060 773 1054 1061
1616 6 2 1 1 773 1054 1061 124 805 806
1617 6 2 1 1 64 161 162 767 1055 1062
1618 6 2 1 1 767 1055 1062 768 1056 1063
1619 6 2 1 1 768 1056 1063 769 1057 1064
1620 6 2 1 1 769 1057 1064 770 1058 1065
1621 6 2 1 1 770 1058 1065 771 1059 1066
1622 6 2 1 1 771 1059 1066 772 1060 1067
1623 6 2 1 1 772 1060 1067 773 1061 1068
1624 6 2 1 1 773 1061 1068 124 806 807
1625 6 2 1 1 162 63 64 1062 760 767
1626 6 2 1 1 1062 760 767 1063 761 768
1627 6 2 1 1 1063 761 768 1064 762 769
1628 6 2 1 1 1064 762 769 1065 763 770
1629 6 2 1 1 1065 763 770 1066 764 771
1630 6 2 1 1 1066 764 771 1067 765 772
1631 6 2 1 1 1067 765 772 1068 766 773
1632 6 2 1 1 1068 766 773 807 123 124
1633 6 2 1 1 63 162 62 760 1062 753
1634 6 2 1 1 760 1062 753 761 1063 754
1635 6 2 1 1 761 1063 754 762 1064 755
1636 6 2 1 1 762 1064 755 763 1065 756
1637 6 2 1 1 763 1065 756 764 1066 757
1638 6 2 1 1 764 1066 757 765 1067 758
1639 6 2 1 1 765 1067 758 766 1068 759
1640 6 2 1 1 766 1068 759 123 807 122
1641 6 2 1 1 62 162 163 753 1062 1069
1642 6 2 1 1 753 1062 1069 754 1063 1070
1643 6 2 1 1 754 1063 1070 755 1064 1071
1644 6 2 1 1 755 1064 1071 756 1065 1072
1645 6 2 1 1 756 1065 1072 757 1066 1073
1646 6 2 1 1 757 1066 1073 758 1067 1074
1647 6 2 1 1 758 1067 1074 759 1068 1075
1648 6 2 1 1 759 1068 1075 122 807 808
1649 6 2 1 1 62 163 164 753 1069 1076
1650 6 2 1 1 753 1069 1076 754 1070 1077
1651 6 2 1 1 754 1070 1077 755 1071 1078
1652 6 2 1 1 755 1071 1078 756 1072 1079
1653 6 2 1 1 756 1072 1079 757 1073 1080
1654 6 2 1 1 757 1073 1080 758 1074 1081
1655 6 2 1 1 758 1074 1081 759 1075 1082
1656 6 2 1 1 759 1075 1082 122 808 809
1657 6 2 1 1 164 61 62 1076 746 753
1658 6 2 1 1 1076 746 753 1077 747 754
1659 6 2 1 1 1077 747 754 1078 748 755
1660 6 2 1 1 1078 748 755 1079 749 756
1661 6 2 1 1 1079 749 756 1080 750 757
1662 6 2 1 1 1080 750 757 1081 751 758
1663 6 2 1 1 1081 751 758 1082 752 759
1664 6 2 1 1 1082 752 759 809 121 122
1665 6 2 1 1 61 164 60 746 1076 739
1666 6 2 1 1 746 1076 739 747 1077 740
1667 6 2 1 1 747 1077 740 748 1078 741
1668 6 2 1 1 748 1078 741 749 1079 742
1669 6 2 1 1 749 1079 742 750 1080 743
1670 6 2 1 1 750 1080 743 751 1081 744
1671 6 2 1 1 751 1081 744 752 1082 745
1672 6 2 1 1 752 1082 745 121 809 120
1673 6 2 1 1 60 164 165 739 1076 1083
1674 6 2 1 1 739 1076 1083 740 1077 1084
1675 6 2 1 1 740 1077 1084 741 1078 1085
1676 6 2 1 1 741 1078 1085 742 1079 1086
1677 6 2 1 1 742 1079 1086 743 1080 1087
1678 6 2 1 1 743 1080 1087 744 1081 1088
1679 6 2 1 1 744 1081 1088 745 1082 1089
1680 6 2 1 1 745 1082 1089 120 809 810
1681 6 2 1 1 60 165 166 739 1083 1090
1682 6 2 1 1 739 1083 1090 740 1084 1091
1683 6 2 1 1 740 1084 1091 741 1085 1092
1684 6 2 1 1 741 1085 1092 742 1086 1093
1685 6 2 1 1 742 1086 1093 743 1087 1094
1686 6 2 1 1 743 1087 1094 744 1088 1095
1687 6 2 1 1 744 1088 1095 745 1089 1096
1688 6 2 1 1 745 1089 1096 120 810 811
1689 6 2 1 1 166 59 60 1090 732 739
1690 6 2 1 1 1090 732 739 1091 733 740
1691 6 2 1 1 1091 733 740 1092 734 741
1692 6 2 1 1 1092 734 741 1093 735 742
1693 6 2 1 1 1093 735 742 1094 736 743
1694 6 2 1 1 1094 736 743 1095 737 744
1695 6 2 1 1 1095 737 744 1096 738 745
1696 6 2 1 1 1096 738 745 811 119 120
1697 6 2 1 1 59 166 58 732 1090 725
1698 6 2 1 1 732 1090 725 733 1091 726
1699 6 2 1 1 733 1091 726 734 1092 727
1700 6 2 1 1 734 1092 727 735 1093 728
1701 6 2 1 1 735 1093 728 736 1094 729
1702 6 2 1 1 736 1094 729 737 1095 730
1703 6 2 1 1 737 1095 730 738 1096 731
1704 6 2 1 1 738 1096 731 119 811 118
1705 6 2 1 1 58 166 167 725 1090 1097
1706 6 2 1 1 725 1090 1097 726 1091 1098
1707 6 2 1 1 726 1091 1098 727 1092 1099
1708 6 2 1 1 727 1092 1099 728 1093 1100
1709 6 2 1 1 728 1093 1100 729 1094 1101
1710 6 2 1 1 729 1094 1101 730 1095 1102
1711 6 2 1 1 730 1095 1102 731 1096 1103
1712 6 2 1 1 731 1096 1103 118 811 812
1713 6 2 1 1 58 167 168 725 1097 1104
1714 6 2 1 1 725 1097 1104 726 1098 1105
1715 6 2 1 1 726 1098 1105 727 1099 1106
1716 6 2 1 1 727 1099 1106 728 1100 1107
1717 6 2 1 1 728 1100 1107 729 1101 1108
1718 6 2 1 1 729 1101 1108 730 1102 1109
1719 6 2 1 1 730 1102 1109 731 1103 1110
1720 6 2 1 1 731 1103 1110 118 812 813
1721 6 2 1 1 168 57 58 1104 718 725
1722 6 2 1 1 1104 718 725 1105 719 726
1723 6 2 1 1 1105 719 726 1106 720 727
1724 6 2 1 1 1106 720 727 1107 721 728
1725 6 2 1 1 1107 721 728 1108 722 729
1726 6 2 1 1 1108 722 729 1109 723 730
1727 6 2 1 1 1109 723 730 1110 724 731
1728 6 2 1 1 1110 724 731 813 117 118
1729 6 2 1 1 57 168 56 718 1104 711
1730 6 2 1 1 718 1104 711 719 1105 712
1731 6 2 1 1 719 1105 712 720 1106 713
1732 6 2 1 1 720 1106 713 721 1107 714
1733 6 2 1 1 721 1107 714 722 1108 715
1734 6 2 1 1 722 1108 715 723 1109 716
1735 6 2 1 1 723 1109 716 724 1110 717
1736 6 2 1 1 724 1110 717 117 813 116
1737 6 2 1 1 56 168 169 711 1104 1111
1738 6 2 1 1 711 1104 1111 712 1105 1112
1739 6 2 1 1 712 1105 1112 713 1106 1113
1740 6 2 1 1 713 1106 1113 714 1107 1114
1741 6 2 1 1 714 1107 1114 715 1108 1115
1742 6 2 1 1 715 1108 1115 716 1109 1116
1743 6 2 1 1 716 1109 1116 717 1110 1117
1744 6 2 1 1 717 1110 1117 116 813 814
1745 6 2 1 1 56 169 170 711 1111 1118
1746 6 2 1 1 711 1111 1118 712 1112 1119
1747 6 2 1 1 712 1112 1119 713 1113 1120
1748 6 2 1 1 713 1113 1120 714 1114 1121
1749 6 2 1 1 714 1114 1121 715 1115 1122
1750 6 2 1 1 715 1115 1122 716 1116 1123
1751 6 2 1 1 716 1116 1123 717 1117 1124
1752 6 2 1 1 717 1117 1124 116 814 815
1753 6 2 1 1 170 55 56 1118 704 711
1754 6 2 1 1 1118 704 711 1119 705 712
1755 6 2 1 1 1119 705 712 1120 706 713
1756 6 2 1 1 1120 706 713 1121 707 714
1757 6 2 1 1 1121 707 714 1122 708 715
1758 6 2 1 1 1122 708 715 1123 709 716
1759 6 2 1 1 1123 709 716 1124 710 717
1760 6 2 1 1 1124 710 717 815 115 116
1761 6 2 1 1 55 170 54 704 1118 697
1762 6 2 1 1 704 1118 697 705 1119 698
1763 6 2 1 1 705 1119 698 706 1120 699
1764 6 2 1 1 706 1120 699 707 1121 700
1765 6 2 1 1 707 1121 700 708 1122 701
1766 6 2 1 1 708 1122 701 709 1123 702
1767 6 2 1 1 709 1123 702 710 1124 703
1768 6 2 1 1 710 1124 703 115 815 114
1769 6 2 1 1 54 170 171 697 1118 1125
1770 6 2 1 1 697 1118 1125 698 1119 1126
1771 6 2 1 1 698 1119 1126 699 1120 1127
1772 6 2 1 1 699 1120 1127 700 1121 1128
1773 6 2 1 1 700 1121 1128 701 1122 1129
1774 6 2 1 1 701 1122 1129 702 1123 1130
1775 6 2 1 1 702 1123 1130 703 1124 1131
1776 6 2 1 1 703 1124 1131 114 815 816
1777 6 2 1 1 54 171 53 697 1125 690
1778 6 2 1 1 697 1125 690 698 1126 691
1779 6 2 1 1 698 1126 691 699 1127 692
1780 6 2 1 1 699 1127 692 700 1128 693
1781 6 2 1 1 700 1128 693 701 1129 694
1782 6 2 1 1 701 1129 694 702 1130 695
1783 6 2 1 1 702 1130 695 703 1131 696
1784 6 2 1 1 703 1131 696 114 816 113
1785 6 2 1 1 53 4 54 690 150 697
1786 6 2 1 1 690 150 697 691 151 698
1787 6 2 1 1 691 151 698 692 152 699
1788 6 2 1 1 692 152 699 693 153 700
1789 6 2 1 1 693 153 700 694 154 701
1790 6 2 1 1 694 154 701 695 155 702
1791 6 2 1 1 695 155 702 696 156 703
1792 6 2 1 1 696 156 703 113 8 114
1793 6 2 1 1 9 10 172 382 389 1132
1794 6 2 1 1 382 389 1132 383 390 1133
1795 6 2 1 1 383 390 1133 384 391 1134
1796 6 2 1 1 384 391 1134 385 392 1135
1797 6 2 1 1 385 392 1135 386 393 1136
1798 6 2 1 1 386 393 1136 387 394 1137
1799 6 2 1 1 387 394 1137 388 395 1138
1800 6 2 1 1 388 395 1138 69 70 817
1801 6 2 1 1 172 157 9 1132 1027 382
1802 6 2 1 1 1132 1027 382 1133 1028 383
1803 6 2 1 1 1133 1028 383 1134 1029 384
1804 6 2 1 1 1134 1029 384 1135 1030 385
1805 6 2 1 1 1135 1030 385 1136 1031 386
1806 6 2 1 1 1136 1031 386 1137 1032 387
1807 6 2 1 1 1137 1032 387 1138 1033 388
1808 6 2 1 1 1138 1033 388 817 802 69
1809 6 2 1 1 157 172 158 1027 1132 1034
1810 6 2 1 1 1027 1132 1034 1028 1133 1035
1811 6 2 1 1 1028 1133 1035 1029 1134 1036
1812 6 2 1 1 1029 1134 1036 1030 1135 1037
1813 6 2 1 1 1030 1135 1037 1031 1136 1038
1814 6 2 1 1 1031 1136 1038 1032 1137 1039
1815 6 2 1 1 1032 1137 1039 1033 1138 1040
1816 6 2 1 1 1033 1138 1040 802 817 803
1817 6 2 1 1 158 172 173 1034 1132 1139
1818 6 2 1 1 1034 1132 1139 1035 1133 1140
1819 6 2 1 1 1035 1133 1140 1036 1134 1141
1820 6 2 1 1 1036 1134 1141 1037 1135 1142
1821 6 2 1 1 1037 1135 1142 1038 1136 1143
1822 6 2 1 1 1038 1136 1143 1039 1137 1144
1823 6 2 1 1 1039 1137 1144 1040 1138 1145
1824 6 2 1 1 1040 1138 1145 803 817 818
1825 6 2 1 1 158 173 174 1034 1139 1146
1826 6 2 1 1 1034 1139 1146 1035 1140 1147
1827 6 2 1 1 1035 1140 1147 1036 1141 1148
1828 6 2 1 1 1036 1141 1148 1037 1142 1149
1829 6 2 1 1 1037 1142 1149 1038 1143 1150
1830 6 2 1 1 1038 1143 1150 1039 1144 1151
1831 6 2 1 1 1039 1144 1151 1040 1145 1152
1832 6 2 1 1 1040 1145 1152 803 818 819
1833 6 2 1 1 174 159 158 1146 1041 1034
1834 6 2 1 1 1146 1041 1034 1147 1042 1035
1835 6 2 1 1 1147 1042 1035 1148 1043 1036
1836 6 2 1 1 1148 1043 1036 1149 1044 1037
1837 6 2 1 1 1149 1044 1037 1150 1045 1038
1838 6 2 1 1 1150 1045 1038 1151 1046 1039
1839 6 2 1 1 1151 1046 1039 1152 1047 1040
1840 6 2 1 1 1152 1047 1040 819 804 803
1841 6 2 1 1 159 174 160 1041 1146 1048
1842 6 2 1 1 1041 1146 1048 1042 1147 1049
1843 6 2 1 1 1042 1147 1049 1043 1148 1050
1844 6 2 1 1 1043 1148 1050 1044 1149 1051
1845 6 2 1 1 1044 1149 1051 1045 1150 1052
1846 6 2 1 1 1045 1150 1052 1046 1151 1053
1847 6 2 1 1 1046 1151 1053 1047 1152 1054
1848 6 2 1 1 1047 1152 1054 804 819 805
1849 6 2 1 1 160 174 175 1048 1146 1153
1850 6 2 1 1 1048 1146 1153 1049 1147 1154
1851 6 2 1 1 1049 1147 1154 1050 1148 1155
1852 6 2 1 1 1050 1148 1155 1051 1149 1156
1853 6 2 1 1 1051 1149 1156 1052 1150 1157
1854 6 2 1 1 1052 1150 1157 1053 1151 1158
1855 6 2 1 1 1053 1151 1158 1054 1152 1159
1856 6 2 1 1 1054 1152 1159 805 819 820
1857 6 2 1 1 160 175 176 1048 1153 1160
1858 6 2 1 1 1048 1153 1160 1049 1154 1161
1859 6 2 1 1 1049 1154 1161 1050 1155 1162
1860 6 2 1 1 1050 1155 1162 1051 1156 1163
1861 6 2 1 1 1051 1156 1163 1052 1157 1164
1862 6 2 1 1 1052 1157 1164 1053 1158 1165
1863 6 2 1 1 1053 1158 1165 1054 1159 1166
1864 6 2 1 1 1054 1159 1166 805 820 821
1865 6 2 1 1 176 161 160 1160 1055 1048
1866 6 2 1 1 1160 1055 1048 1161 1056 1049
1867 6 2 1 1 1161 1056 1049 1162 1057 1050
1868 6 2 1 1 1162 1057 1050 1163 1058 1051
1869 6 2 1 1 1163 1058 1051 1164 1059 1052
1870 6 2 1 1 1164 1059 1052 1165 1060 1053
1871 6 2 1 1 1165 1060 1053 1166 1061 1054
1872 6 2 1 1 1166 1061 1054 821 806 805
1873 6 2 1 1 161 176 162 1055 1160 1062
1874 6 2 1 1 1055 1160 1062 1056 1161 1063
1875 6 2 1 1 1056 1161 1063 1057 1162 1064
1876 6 2 1 1 1057 1162 1064 1058 1163 1065
1877 6 2 1 1 1058 1163 1065 1059 1164 1066
1878 6 2 1 1 1059 1164 1066 1060 1165 1067
1879 6 2 1 1 1060 1165 1067 1061 1166 1068
1880 6 2 1 1 1061 1166 1068 806 821 807
1881 6 2 1 1 162 176 177 1062 1160 1167
1882 6 2 1 1 1062 1160 1167 1063 1161 1168
1883 6 2 1 1 1063 1161 1168 1064 1162 1169
1884 6 2 1 1 1064 1162 1169 1065 1163 1170
1885 6 2 1 1 1065 1163 1170 1066 1164 1171
1886 6 2 1 1 1066 1164 1171 1067 1165 1172
1887 6 2 1 1 1067 1165 1172 1068 1166 1173
1888 6 2 1 1 1068 1166 1173 807 821 822
1889 6 2 1 1 162 177 178 1062 1167 1174
1890 6 2 1 1 1062 1167 1174 1063 1168 1175
1891 6 2 1 1 1063 1168 1175 1064 1169 1176
1892 6 2 1 1 1064 1169 1176 1065 1170 1177
1893 6 2 1 1 1065 1170 1177 1066 1171 1178
1894 6 2 1 1 1066 1171 1178 1067 1172 1179
1895 6 2 1 1 1067 1172 1179 1068 1173 1180
1896 6 2 1 1 1068 1173 1180 807 822 823
1897 6 2 1 1 178 163 162 1174 1069 1062
1898 6 2 1 1 1174 1069 1062 1175 1070 1063
1899 6 2 1 1 1175 1070 1063 1176 1071 1064
1900 6 2 1 1 1176 1071 1064 1177 1072 1065
1901 6 2 1 1 1177 1072 1065 1178 1073 1066
1902 6 2 1 1 1178 1073 1066 1179 1074 1067
1903 6 2 1 1 1179 1074 1067 1180 1075 1068
1904 6 2 1 1 1180 1075 1068 823 808 807
1905 6 2 1 1 163 178 164 1069 1174 1076
1906 6 2 1 1 1069 1174 1076 1070 1175 1077
1907 6 2 1 1 1070 1175 1077 1071 1176 1078
1908 6 2 1 1 1071 1176 1078 1072 1177 1079
1909 6 2 1 1 1072 1177 1079 1073 1178 1080
1910 6 2 1 1 1073 1178 1080 1074 1179 1081
1911 6 2 1 1 1074 1179 1081 1075 1180 1082
1912 6 2 1 1 1075 1180 1082 808 823 809
1913 6 2 1 1 164 178 179 1076 1174 1181
1914 6 2 1 1 1076 1174 1181 1077 1175 1182
1915 6 2 1 1 1077 1175 1182 1078 1176 1183
1916 6 2 1 1 1078 1176 1183 1079 1177 1184
1917 6 2 1 1 1079 1177 1184 1080 1178 1185
1918 6 2 1 1 1080 1178 1185 1081 1179 1186
1919 6 2 1 1 1081 1179 1186 1082 1180 1187
1920 6 2 1 1 1082 1180 1187 809 823 824
1921 6 2 1 1 164 179 180 1076 1181 1188
1922 6 2 1 1 1076 1181 1188 1077 1182 1189
1923 6 2 1 1 1077 1182 1189 1078 1183 1190
1924 6 2 1 1 1078 1183 1190 1079 1184 1191
1925 6 2 1 1 1079 1184 1191 1080 1185 1192
1926 6 2 1 1 1080 1185 1192 1081 1186 1193
1927 6 2 1 1 1081 1186 1193 1082 1187 1194
1928 6 2 1 1 1082 1187 1194 809 824 825
1929 6 2 1 1 180 165 164 1188 1083 1076
1930 6 2 1 1 1188 1083 1076 1189 1084 1077
1931 6 2 1 1 1189 1084 1077 1190 1085 1078
1932 6 2 1 1 1190 1085 1078 1191 1086 1079
1933 6 2 1 1 1191 1086 1079 1192 1087 1080
1934 6 2 1 1 1192 1087 1080 1193 1088 1081
1935 6 2 1 1 1193 1088 1081 1194 1089 1082
1936 6 2 1 1 1194 1089 1082 825 810 809
1937 6 2 1 1 165 180 166 1083 1188 1090
1938 6 2 1 1 1083 1188 1090 1084 1189 1091
1939 6 2 1 1 1084 1189 1091 1085 1190 1092
1940 6 2 1 1 1085 1190 1092 1086 1191 1093
1941 6 2 1 1 1086 1191 1093 1087 1192 1094
1942 6 2 1 1 1087 1192 1094 1088 1193 1095
1943 6 2 1 1 1088 1193 1095 1089 1194 1096
1944 6 2 1 1 1089 1194 1096 810 825 811
1945 6 2 1 1 166 180 181 1090 1188 1195
1946 6 2 1 1 1090 1188 1195 1091 1189 1196
1947 6 2 1 1 1091 1189 1196 1092 1190 1197
1948 6 2 1 1 1092 1190 1197 1093 1191 1198
1949 6 2 1 1 1093 1191 1198 1094 1192 1199
1950 6 2 1 1 1094 1192 1199 1095 1193 1200
1951 6 2 1 1 1095 1193 1200 1096 1194 1201
1952 6 2 1 1 1096 1194 1201 811 825 826
1953 6 2 1 1 166 181 182 1090 1195 1202
1954 6 2 1 1 1090 1195 1202 1091 1196 1203
1955 6 2 1 1 1091 1196 1203 1092 1197 1204
1956 6 2 1 1 1092 1197 1204 1093 1198 1205
1957 6 2 1 1 1093 1198 1205 1094 1199 1206
1958 6 2 1 1 1094 1199 1206 1095 1200 1207
1959 6 2 1 1 1095 1200 1207 1096 1201 1208
1960 6 2 1 1 1096 1201 1208 811 826 827
1961 6 2 1 1 182 167 166 1202 1097 1090
1962 6 2 1 1 1202 1097 1090 1203 1098 1091
1963 6 2 1 1 1203 1098 1091 1204 1099 1092
1964 6 2 1 1 1204 1099 1092 1205 1100 1093
1965 6 2 1 1 1205 1100 1093 1206 1101 1094
1966 6 2 1 1 1206 1101 1094 1207 1102 1095
1967 6 2 1 1 1207 1102 1095 1208 1103 1096
1968 6 2 1 1 1208 1103 1096 827 812 811
1969 6 2 1 1 167 182 168 1097 1202 1104
1970 6 2 1 1 1097 1202 1104 1098 1203 1105
1971 6 2 1 1 1098 1203 1105 1099 1204 1106
1972 6 2 1 1 1099 1204 1106 1100 1205 1107
1973 6 2 1 1 1100 1205 1107 1101 1206 1108
1974 6 2 1 1 1101 1206 1108 1102 1207 1109
1975 6 2 1 1 1102 1207 1109 1103 1208 1110
1976 6 2 1 1 1103 1208 1110 812 827 813
1977 6 2 1 1 168 182 183 1104 1202 1209
1978 6 2 1 1 1104 1202 1209 1105 1203 1210
1979 6 2 1 1 1105 1203 1210 1106 1204 1211
1980 6 2 1 1 1106 1204 1211 1107 1205 1212
1981 6 2 1 1 1107 1205 1212 1108 1206 1213
1982 6 2 1 1 1108 1206 1213 1109 1207 1214
1983 6 2 1 1 1109 1207 1214 1110 1208 1215
1984 6 2 1 1 1110 1208 1215 813 827 828
1985 6 2 1 1 168 183 184 1104 1209 1216
1986 6 2 1 1 1104 1209 1216 1105 1210 1217
1987 6 2 1 1 1105 1210 1217 1106 1211 1218
1988 6 2 1 1 1106 1211 1218 1107 1212 1219
1989 6 2 1 1 1107 1212 1219 1108 1213 1220
1990 6 2 1 1 1108 1213 1220 1109 1214 1221
1991 6 2 1 1 1109 1214 1221 1110 1215 1222
1992 6 2 1 1 1110 1215 1222 813 828 829
1993 6 2 1 1 184 169 168 1216 1111 1104
1994 6 2 1 1 1216 1111 1104 1217 1112 1105
1995 6 2 1 1 1217 1112 1105 1218 1113 1106
1996 6 2 1 1 1218 1113 1106 1219 1114 1107
1997 6 2 1 1 1219 1114 1107 1220 1115 1108
1998 6 2 1 1 1220 1115 1108 1221 1116 1109
1999 6 2 1 1 1221 1116 1109 1222 1117 1110
2000 6 2 1 1 1222 1117 1110 829 814 813
2001 6 2 1 1 169 184 170 1111 1216 1118
2002 6 2 1 1 1111 1216 1118 1112 1217 1119
2003 6 2 1 1 1112 1217 1119 1113 1218 1120
2004 6 2 1 1 1113 1218 1120 1114 1219 1121
2005 6 2 1 1 1114 1219 1121 1115 1220 1122
2006 6 2 1 1 1115 1220 1122 1116 1221 1123
2007 6 2 1 1 1116 1221 1123 1117 1222 1124
2008 6 2 1 1 1117 1222 1124 814 829 815
2009 6 2 1 1 170 184 185 1118 1216 1223
2010 6 2 1 1 1118 1216 1223 1119 1217 1224
2011 6 2 1 1 1119 1217 1224 1120 1218 1225
2012 6 2 1 1 1120 1218 1225 1121 1219 1226
2013 6 2 1 1 1121 1219 1226 1122 1220 1227
2014 6 2 1 1 1122 1220 1227 1123 1221 1228
2015 6 2 1 1 1123 1221 1228 1124 1222 1229
2016 6 2 1 1 1124 1222 1229 815 829 830
2017 6 2 1 1 170 185 186 1118 1223 1230
2018 6 2 1 1 1118 1223 1230 1119 1224 1231
2019 6 2 1 1 1119 1224 1231 1120 1225 1232
2020 6 2 1 1 1120 1225 1232 1121 1226 1233
2021 6 2 1 1 1121 1226 1233 1122 1227 1234
2022 6 2 1 1 1122 1227 1234 1123 1228 1235
2023 6 2 1 1 1123 1228 1235 1124 1229 1236
2024 6 2 1 1 1124 1229 1236 815 830 831
2025 6 2 1 1 186 171 170 1230 1125 1118
2026 6 2 1 1 1230 1125 1118 1231 1126 1119
2027 6 2 1 1 1231 1126 1119 1232 1127 1120
2028 6 2 1 1 1232 1127 1120 1233 1128 1121
2029 6 2 1 1 1233 1128 1121 1234 1129 1122
2030 6 2 1 1 1234 1129 1122 1235 1130 1123
2031 6 2 1 1 1235 1130 1123 1236 1131 1124
2032 6 2 1 1 1236 1131 1124 831 816 815
2033 6 2 1 1 171 186 53 1125 1230 690
2034 6 2 1 1 1125 1230 690 1126 1231 691
2035 6 2 1 1 1126 1231 691 1127 1232 692
2036 6 2 1 1 1127 1232 692 1128 1233 693
2037 6 2 1 1 1128 1233 693 1129 1234 694
2038 6 2 1 1 1129 1234 694 1130 1235 695
2039 6 2 1 1 1130 1235 695 1131 1236 696
2040 6 2 1 1 1131 1236 696 816 831 113
2041 6 2 1 1 53 186 52 690 1230 683
2042 6 2 1 1 690 1230 683 691 1231 684
2043 6 2 1 1 691 1231 684 692 1232 685
2044 6 2 1 1 692 1232 685 693 1233 686
2045 6 2 1 1 693 1233 686 694 1234 687
2046 6 2 1 1 694 1234 687 695 1235 688
2047 6 2 1 1 695 1235 688 696 1236 689
2048 6 2 1 1 696 1236 689 113 831 112
2049 6 2 1 1 10 11 172 389 396 1132
2050 6 2 1 1 389 396 1132 390 397 1133
2051 6 2 1 1 390 397 1133 391 398 1134
2052 6 2 1 1 391 398 1134 392 399 1135
2053 6 2 1 1 392 399 1135 393 400 1136
2054 6 2 1 1 393 400 1136 394 401 1137
2055 6 2 1 1 394 401 1137 395 402 1138
2056 6 2 1 1 395 402 1138 70 71 817
2057 6 2 1 1 172 11 187 1132 396 1237
2058 6 2 1 1 1132 396 1237 1133 397 1238
2059 6 2 1 1 1133 397 1238 1134 398 1239
2060 6 2 1 1 1134 398 1239 1135 399 1240
2061 6 2 1 1 1135 399 1240 1136 400 1241
2062 6 2 1 1 1136 400 1241 1137 401 1242
2063 6 2 1 1 1137 401 1242 1138 402 1243
2064 6 2 1 1 1138 402 1243 817 71 832
2065 6 2 1 1 172 187 188 1132 1237 1244
2066 6 2 1 1 1132 1237 1244 1133 1238 1245
2067 6 2 1 1 1133 1238 1245 1134 1239 1246
2068 6 2 1 1 1134 1239 1246 1135 1240 1247
2069 6 2 1 1 1135 1240 1247 1136 1241 1248
2070 6 2 1 1 1136 1241 1248 1137 1242 1249
2071 6 2 1 1 1137 1242 1249 1138 1243 1250
2072 6 2 1 1 1138 1243 1250 817 832 833
2073 6 2 1 1 188 173 172 1244 1139 1132
2074 6 2 1 1 1244 1139 1132 1245 1140 1133
2075 6 2 1 1 1245 1140 1133 1246 1141 1134
2076 6 2 1 1 1246 1141 1134 1247 1142 1135
2077 6 2 1 1 1247 1142 1135 1248 1143 1136
2078 6 2 1 1 1248 1143 1136 1249 1144 1137
2079 6 2 1 1 1249 1144 1137 1250 1145 1138
2080 6 2 1 1 1250 1145 1138 833 818 817
2081 6 2 1 1 173 188 174 1139 1244 1146
2082 6 2 1 1 1139 1244 1146 1140 1245 1147
2083 6 2 1 1 1140 1245 1147 1141 1246 1148
2084 6 2 1 1 1141 1246 1148 1142 1247 1149
2085 6 2 1 1 1142 1247 1149 1143 1248 1150
2086 6 2 1 1 1143 1248 1150 1144 1249 1151
2087 6 2 1 1 1144 1249 1151 1145 1250 1152
2088 6 2 1 1 1145 1250 1152 818 833 819
2089 6 2 1 1 174 188 189 1146 1244 1251
2090 6 2 1 1 1146 1244 1251 1147 1245 1252
2091 6 2 1 1 1147 1245 1252 1148 1246 1253
2092 6 2 1 1 1148 1246 1253 1149 1247 1254
2093 6 2 1 1 1149 1247 1254 1150 1248 1255
2094 6 2 1 1 1150 1248 1255 1151 1249 1256
2095 6 2 1 1 1151 1249 1256 1152 1250 1257
2096 6 2 1 1 1152 1250 1257 819 833 834
2097 6 2 1 1 174 189 190 1146 1251 1258
2098 6 2 1 1 1146 1251 1258 1147 1252 1259
2099 6 2 1 1 1147 1252 1259 1148 1253 1260
2100 6 2 1 1 1148 1253 1260 1149 1254 1261
2101 6 2 1 1 1149 1254 1261 1150 1255 1262
2102 6 2 1 1 1150 1255 1262 1151 1256 1263
2103 6 2 1 1 1151 1256 1263 1152 1257 1264
2104 6 2 1 1 1152 1257 1264 819 834 835
2105 6 2 1 1 190 175 174 1258 1153 1146
2106 6 2 1 1 1258 1153 1146 1259 1154 1147
2107 6 2 1 1 1259 1154 1147 1260 1155 1148
2108 6 2 1 1 1260 1155 1148 1261 1156 1149
2109 6 2 1 1 1261 1156 1149 1262 1157 1150
2110 6 2 1 1 1262 1157 1150 1263 1158 1151
2111 6 2 1 1 1263 1158 1151 1264 1159 1152
2112 6 2 1 1 1264 1159 1152 835 820 819
2113 6 2 1 1 175 190 176 1153 1258 1160
2114 6 2 1 1 1153 1258 1160 1154 1259 1161
2115 6 2 1 1 1154 1259 1161 1155 1260 1162
2116 6 2 1 1 1155 1260 1162 1156 1261 1163
2117 6 2 1 1 1156 1261 1163 1157 1262 1164
2118 6 2 1 1 1157 1262 1164 1158 1263 1165
2119 6 2 1 1 1158 1263 1165 1159 1264 1166
2120 6 2 1 1 1159 1264 1166 820 835 821
2121 6 2 1 1 176 190 191 1160 1258 1265
2122 6 2 1 1 1160 1258 1265 1161 1259 1266
2123 6 2 1 1 1161 1259 1266 1162 1260 1267
2124 6 2 1 1 1162 1260 1267 1163 1261 1268
2125 6 2 1 1 1163 1261 1268 1164 1262 1269
2126 6 2 1 1 1164 1262 1269 1165 1263 1270
2127 6 2 1 1 1165 1263 1270 1166 1264 1271
2128 6 2 1 1 1166 1264 1271 821 835 836
2129 6 2 1 1 176 191 192 1160 1265 1272
2130 6 2 1 1 1160 1265 1272 1161 1266 1273
2131 6 2 1 1 1161 1266 1273 1162 1267 1274
2132 6 2 1 1 1162 1267 1274 1163 1268 1275
2133 6 2 1 1 1163 1268 1275 1164 1269 1276
2134 6 2 1 1 1164 1269 1276 1165 1270 1277
2135 6 2 1 1 1165 1270 1277 1166 1271 1278
2136 6 2 1 1 1166 1271 1278 821 836 837
2137 6 2 1 1 192 177 176 1272 1167 1160
2138 6 2 1 1 1272 1167 1160 1273 1168 1161
2139 6 2 1 1 1273 1168 1161 1274 1169 1162
2140 6 2 1 1 1274 1169 1162 1275 1170 1163
2141 6 2 1 1 1275 1170 1163 1276 1171 1164
2142 6 2 1 1 1276 1171 1164 1277 1172 1165
2143 6 2 1 1 1277 1172 1165 1278 1173 1166
2144 6 2 1 1 1278 1173 1166 837 822 821
2145 6 2 1 1 177 192 178 1167 1272 1174
2146 6 2 1 1 1167 1272 1174 1168 1273 1175
2147 6 2 1 1 1168 1273 1175 1169 1274 1176
2148 6 2 1 1 1169 1274 1176 1170 1275 1177
2149 6 2 1 1 1170 1275 1177 1171 1276 1178
2150 6 2 1 1 1171 1276 1178 1172 1277 1179
2151 6 2 1 1 1172 1277 1179 1173 1278 1180
2152 6 2 1 1 1173 1278 1180 822 837 823
2153 6 2 1 1 178 192 193 1174 1272 1279
2154 6 2 1 1 1174 1272 1279 1175 1273 1280
2155 6 2 1 1 1175 1273 1280 1176 1274 1281
2156 6 2 1 1 1176 1274 1281 1177 1275 1282
2157 6 2 1 1 1177 1275 1282 1178 1276 1283
2158 6 2 1 1 1178 1276 1283 1179 1277 1284
2159 6 2 1 1 1179 1277 1284 1180 1278 1285
2160 6 2 1 1 1180 1278 1285 823 837 838
2161 6 2 1 1 178 193 194 1174 1279 1286
2162 6 2 1 1 1174 1279 1286 1175 1280 1287
2163 6 2 1 1 1175 1280 1287 1176 1281 1288
2164 6 2 1 1 1176 1281 1288 1177 1282 1289
2165 6 2 1 1 1177 1282 1289 1178 1283 1290
2166 6 2 1 1 1178 1283 1290 1179 1284 1291
2167 6 2 1 1 1179 1284 1291 1180 1285 1292
2168 6 2 1 1 1180 1285 1292 823 838 839
2169 6 2 1 1 194 179 178 1286 1181 1174
2170 6 2 1 1 1286 1181 1174 1287 1182 1175
2171 6 2 1 1 1287 1182 1175 1288 1183 1176
2172 6 2 1 1 1288 1183 1176 1289 1184 1177
2173 6 2 1 1 1289 1184 1177 1290 1185 1178
2174 6 2 1 1 1290 1185 1178 1291 1186 1179
2175 6 2 1 1 1291 1186 1179 1292 1187 1180
2176 6 2 1 1 1292 1187 1180 839 824 823
2177 6 2 1 1 179 194 180 1181 1286 1188
2178 6 2 1 1 1181 1286 1188 1182 1287 1189
2179 6 2 1 1 1182 1287 1189 1183 1288 1190
2180 6 2 1 1 1183 1288 1190 1184 1289 1191
2181 6 2 1 1 1184 1289 1191 1185 1290 1192
2182 6 2 1 1 1185 1290 1192 1186 1291 1193
2183 6 2 1 1 1186 1291 1193 1187 1292 1194
2184 6 2 1 1 1187 1292 1194 824 839 825
2185 6 2 1 1 180 194 195 1188 1286 1293
2186 6 2 1 1 1188 1286 1293 1189 1287 1294
2187 6 2 1 1 1189 1287 1294 1190 1288 1295
2188 6 2 1 1 1190 1288 1295 1191 1289 1296
2189 6 2 1 1 1191 1289 1296 1192 1290 1297
2190 6 2 1 1 1192 1290 1297 1193 1291 1298
2191 6 2 1 1 1193 1291 1298 1194 1292 1299
2192 6 2 1 1 1194 1292 1299 825 839 840
2193 6 2 1 1 180 195 196 1188 1293 1300
2194 6 2 1 1 1188 1293 1300 1189 1294 1301
2195 6 2 1 1 1189 1294 1301 1190 1295 1302
2196 6 2 1 1 1190 1295 1302 1191 1296 1303
2197 6 2 1 1 1191 1296 1303 1192 1297 1304
2198 6 2 1 1 1192 1297 1304 1193 1298 1305
2199 6 2 1 1 1193 1298 1305 1194 1299 1306
2200 6 2 1 1 1194 1299 1306 825 840 841
2201 6 2 1 1 196 181 180 1300 1195 1188
2202 6 2 1 1 1300 1195 1188 1301 1196 1189
2203 6 2 1 1 1301 1196 1189 1302 1197 1190
2204 6 2 1 1 1302 1197 1190 1303 1198 1191
2205 6 2 1 1 1303 1198 1191 1304 1199 1192
2206 6 2 1 1 1304 1199 1192 1305 1200 1193
2207 6 2 1 1 1305 1200 1193 1306 1201 1194
2208 6 2 1 1 1306 1201 1194 841 826 825
2209 6 2 1 1 181 196 182 1195 1300 1202
2210 6 2 1 1 1195 1300 1202 1196 1301 1203
2211 6 2 1 1 1196 1301 1203 1197 1302 1204
2212 6 2 1 1 1197 1302 1204 1198 1303 1205
2213 6 2 1 1 1198 1303 1205 1199 1304 1206
2214 6 2 1 1 1199 1304 1206 1200 1305 1207
2215 6 2 1 1 1200 1305 1207 1201 1306 1208
2216 6 2 1 1 1201 1306 1208 826 841 827
2217 6 2 1 1 182 196 197 1202 1300 1307
2218 6 2 1 1 1202 1300 1307 1203 1301 1308
2219 6 2 1 1 1203 1301 1308 1204 1302 1309
2220 6 2 1 1 1204 1302 1309 1205 1303 1310
2221 6 2 1 1 1205 1303 1310 1206 1304 1311
2222 6 2 1 1 1206 1304 1311 1207 1305 1312
2223 6 2 1 1 1207 1305 1312 1208 1306 1313
2224 6 2 1 1 1208 1306 1313 827 841 842
2225 6 2 1 1 182 197 198 1202 1307 1314
2226 6 2 1 1 1202 1307 1314 1203 1308 1315
2227 6 2 1 1 1203 1308 1315 1204 1309 1316
2228 6 2 1 1 1204 1309 1316 1205 1310 1317
2229 6 2 1 1 1205 1310 1317 1206 1311 1318
2230 6 2 1 1 1206 1311 1318 1207 1312 1319
2231 6 2 1 1 1207 1312 1319 1208 1313 1320
2232 6 2 1 1 1208 1313 1320 827 842 843
2233 6 2 1 1 198 183 182 1314 1209 1202
2234 6 2 1 1 1314 1209 1202 1315 1210 1203
2235 6 2 1 1 1315 1210 1203 1316 1211 1204
2236 6 2 1 1 1316 1211 1204 1317 1212 1205
2237 6 2 1 1 1317 1212 1205 1318 1213 1206
2238 6 2 1 1 1318 1213 1206 1319 1214 1207
2239 6 2 1 1 1319 1214 1207 1320 1215 1208
2240 6 2 1 1 1320 1215 1208 843 828 827
2241 6 2 1 1 183 198 184 1209 1314 1216
2242 6 2 1 1 1209 1314 1216 1210 1315 1217
2243 6 2 1 1 1210 1315 1217 1211 1316 1218
2244 6 2 1 1 1211 1316 1218 1212 1317 1219
2245 6 2 1 1 1212 1317 1219 1213 1318 1220
2246 6 2 1 1 1213 1318 1220 1214 1319 1221
2247 6 2 1 1 1214 1319 1221 1215 1320 1222
2248 6 2 1 1 1215 1320 1222 828 843 829
2249 6 2 1 1 184 198 199 1216 1314 1321
2250 6 2 1 1 1216 1314 1321 1217 1315 1322
2251 6 2 1 1 1217 1315 1322 1218 1316 1323
2252 6 2 1 1 1218 1316 1323 1219 1317 1324
2253 6 2 1 1 1219 1317 1324 1220 1318 1325
2254 6 2 1 1 1220 1318 1325 1221 1319 1326
2255 6 2 1 1 1221 1319 1326 1222 1320 1327
2256 6 2 1 1 1222 1320 1327 829 843 844
2257 6 2 1 1 184 199 200 1216 1321 1328
2258 6 2 1 1 1216 1321 1328 1217 1322 1329
2259 6 2 1 1 1217 1322 1329 1218 1323 1330
2260 6 2 1 1 1218 1323 1330 1219 1324 1331
2261 6 2 1 1 1219 1324 1331 1220 1325 1332
2262 6 2 1 1 1220 1325 1332 1221 1326 1333
2263 6 2 1 1 1221 1326 1333 1222 1327 1334
2264 6 2 1 1 1222 1327 1334 829 844 845
2265 6 2 1 1 200 185 184 1328 1223 1216
2266 6 2 1 1 1328 1223 1216 1329 1224 1217
2267 6 2 1 1 1329 1224 1217 1330 1225 1218
2268 6 2 1 1 1330 1225 1218 1331 1226 1219
2269 6 2 1 1 1331 1226 1219 1332 1227 1220
2270 6 2 1 1 1332 1227 1220 1333 1228 1221
2271 6 2 1 1 1333 1228 1221 1334 1229 1222
2272 6 2 1 1 1334 1229 1222 845 830 829
2273 6 2 1 1 185 200 186 1223 1328 1230
2274 6 2 1 1 1223 1328 1230 1224 1329 1231
2275 6 2 1 1 1224 1329 1231 1225 1330 1232
2276 6 2 1 1 1225 1330 1232 1226 1331 1233
2277 6 2 1 1 1226 1331 1233 1227 1332 1234
2278 6 2 1 1 1227 1332 1234 1228 1333 1235
2279 6 2 1 1 1228 1333 1235 1229 1334 1236
2280 6 2 1 1 1229 1334 1236 830 845 831
2281 6 2 1 1 186 200 201 1230 1328 1335
2282 6 2 1 1 1230 1328 1335 1231 1329 1336
2283 6 2 1 1 1231 1329 1336 1232 1330 1337
2284 6 2 1 1 1232 1330 1337 1233 1331 1338
2285 6 2 1 1 1233 1331 1338 1234 1332 1339
2286 6 2 1 1 1234 1332 1339 1235 1333 1340
2287 6 2 1 1 1235 1333 1340 1236 1334 1341
2288 6 2 1 1 1236 1334 1341 831 845 846
2289 6 2 1 1 186 201 51 1230 1335 676
2290 6 2 1 1 1230 1335 676 1231 1336 677
2291 6 2 1 1 1231 1336 677 1232 1337 678
2292 6 2 1 1 1232 1337 678 1233 1338 679
2293 6 2 1 1 1233 1338 679 1234 1339 680
2294 6 2 1 1 1234 1339 680 1235 1340 681
2295 6 2 1 1 1235 1340 681 1236 1341 682
2296 6 2 1 1 1236 1341 682 831 846 111
2297 6 2 1 1 51 52 186 676 683 1230
2298 6 2 1 1 676 683 1230 677 684 1231
2299 6 2 1 1 677 684 1231 678 685 1232
2300 6 2 1 1 678 685 1232 679 686 1233
2301 6 2 1 1 679 686 1233 680 687 1234
2302 6 2 1 1 680 687 1234 681 688 1235
2303 6 2 1 1 681 688 1235 682 689 1236
2304 6 2 1 1 682 689 1236 111 112 831
2305 6 2 1 1 11 12 202 396 403 1342
2306 6 2 1 1 396 403 1342 397 404 1343
2307 6 2 1 1 397 404 1343 398 405 1344
2308 6 2 1 1 398 405 1344 399 406 1345
2309 6 2 1 1 399 406 1345 400 407 1346
2310 6 2 1 1 400 407 1346 401 408 1347
2311 6 2 1 1 401 408 1347 402 409 1348
2312 6 2 1 1 402 409 1348 71 72 847
2313 6 2 1 1 202 187 11 1342 1237 396
2314 6 2 1 1 1342 1237 396 1343 1238 397
2315 6 2 1 1 1343 1238 397 1344 1239 398
2316 6 2 1 1 1344 1239 398 1345 1240 399
2317 6 2 1 1 1345 1240 399 1346 1241 400
2318 6 2 1 1 1346 1241 400 1347 1242 401
2319 6 2 1 1 1347 1242 401 1348 1243 402
2320 6 2 1 1 1348 1243 402 847 832 71
2321 6 2 1 1 187 202 188 1237 1342 1244
2322 6 2 1 1 1237 1342 1244 1238 1343 1245
2323 6 2 1 1 1238 1343 1245 1239 1344 1246
2324 6 2 1 1 1239 1344 1246 1240 1345 1247
2325 6 2 1 1 1240 1345 1247 1241 1346 1248
2326 6 2 1 1 1241 1346 1248 1242 1347 1249
2327 6 2 1 1 1242 1347 1249 1243 1348 1250
2328 6 2 1 1 1243 1348 1250 832 847 833
2329 6 2 1 1 188 202 203 1244 1342 1349
2330 6 2 1 1 1244 1342 1349 1245 1343 1350
2331 6 2 1 1 1245 1343 1350 1246 1344 1351
2332 6 2 1 1 1246 1344 1351 1247 1345 1352
2333 6 2 1 1 1247 1345 1352 1248 1346 1353
2334 6 2 1 1 1248 1346 1353 1249 1347 1354
2335 6 2 1 1 1249 1347 1354 1250 1348 1355
2336 6 2 1 1 1250 1348 1355 833 847 848
2337 6 2 1 1 188 203 204 1244 1349 1356
2338 6 2 1 1 1244 1349 1356 1245 1350 1357
2339 6 2 1 1 1245 1350 1357 1246 1351 1358
2340 6 2 1 1 1246 1351 1358 1247 1352 1359
2341 6 2 1 1 1247 1352 1359 1248 1353 1360
2342 6 2 1 1 1248 1353 1360 1249 1354 1361
2343 6 2 1 1 1249 1354 1361 1250 1355 1362
2344 6 2 1 1 1250 1355 1362 833 848 849
2345 6 2 1 1 204 189 188 1356 1251 1244
2346 6 2 1 1 1356 1251 1244 1357 1252 1245
2347 6 2 1 1 1357 1252 1245 1358 1253 1246
2348 6 2 1 1 1358 1253 1246 1359 1254 1247
2349 6 2 1 1 1359 1254 1247 1360 1255 1248
2350 6 2 1 1 1360 1255 1248 1361 1256 1249
2351 6 2 1 1 1361 1256 1249 1362 1257 1250
2352 6 2 1 1 1362 1257 1250 849 834 833
2353 6 2 1 1 189 204 190 1251 1356 1258
2354 6 2 1 1 1251 1356 1258 1252 1357 1259
2355 6 2 1 1 1252 1357 1259 1253 1358 1260
2356 6 2 1 1 1253 1358 1260 1254 1359 1261
2357 6 2 1 1 1254 1359 1261 1255 1360 1262
2358 6 2 1 1 1255 1360 1262 1256 1361 1263
2359 6 2 1 1 1256 1361 1263 1257 1362 1264
2360 6 2 1 1 1257 1362 1264 834 849 835
2361 6 2 1 1 190 204 205 1258 1356 1363
2362 6 2 1 1 1258 1356 1363 1259 1357 1364
2363 6 2 1 1 1259 1357 1364 1260 1358 1365
2364 6 2 1 1 1260 1358 1365 1261 1359 1366
2365 6 2 1 1 1261 1359 1366 1262 1360 1367
2366 6 2 1 1 1262 1360 1367 1263 1361 1368
2367 6 2 1 1 1263 1361 1368 1264 1362 1369
2368 6 2 1 1 1264 1362 1369 835 849 850
2369 6 2 1 1 190 205 206 1258 1363 1370
2370 6 2 1 1 1258 1363 1370 1259 1364 1371
2371 6 2 1 1 1259 1364 1371 1260 1365 1372
2372 6 2 1 1 1260 1365 1372 1261 1366 1373
2373 6 2 1 1 1261 1366 1373 1262 1367 1374
2374 6 2 1 1 1262 1367 1374 1263 1368 1375
2375 6 2 1 1 1263 1368 1375 1264 1369 1376
2376 6 2 1 1 1264 1369 1376 835 850 851
2377 6 2 1 1 206 191 190 1370 1265 1258
2378 6 2 1 1 1370 1265 1258 1371 1266 1259
2379 6 2 1 1 1371 1266 1259 1372 1267 1260
2380 6 2 1 1 1372 1267 1260 1373 1268 1261
2381 6 2 1 1 1373 1268 1261 1374 1269 1262
2382 6 2 1 1 1374 1269 1262 1375 1270 1263
2383 6 2 1 1 1375 1270 1263 1376 1271 1264
2384 6 2 1 1 1376 1271 1264 851 836 835
2385 6 2 1 1 191 206 192 1265 1370 1272
2386 6 2 1 1 1265 1370 1272 1266 1371 1273
2387 6 2 1 1 1266 1371 1273 1267 1372 1274
2388 6 2 1 1 1267 1372 1274 1268 1373 1275
2389 6 2 1 1 1268 1373 1275 1269 1374 1276
2390 6 2 1 1 1269 1374 1276 1270 1375 1277
2391 6 2 1 1 1270 1375 1277 1271 1376 1278
2392 6 2 1 1 1271 1376 1278 836 851 837
2393 6 2 1 1 192 206 207 1272 1370 1377
2394 6 2 1 1 1272 1370 1377 1273 1371 1378
2395 6 2 1 1 1273 1371 1378 1274 1372 1379
2396 6 2 1 1 1274 1372 1379 1275 1373 1380
2397 6 2 1 1 1275 1373 1380 1276 1374 1381
2398 6 2 1 1 1276 1374 1381 1277 1375 1382
2399 6 2 1 1 1277 1375 1382 1278 1376 1383
2400 6 2 1 1 1278 1376 1383 837 851 852
2401 6 2 1 1 192 207 208 1272 1377 1384
2402 6 2 1 1 1272 1377 1384 1273 1378 1385
2403 6 2 1 1 1273 1378 1385 1274 1379 1386
2404 6 2 1 1 1274 1379 1386 1275 1380 1387
2405 6 2 1 1 1275 1380 1387 1276 1381 1388
2406 6 2 1 1 1276 1381 1388 1277 1382 1389
2407 6 2 1 1 1277 1382 1389 1278 1383 1390
2408 6 2 1 1 1278 1383 1390 837 852 853
2409 6 2 1 1 208 193 192 1384 1279 1272
2410 6 2 1 1 1384 1279 1272 1385 1280 1273
2411 6 2 1 1 1385 1280 1273 1386 1281 1274
2412 6 2 1 1 1386 1281 1274 1387 1282 1275
2413 6 2 1 1 1387 1282 1275 1388 1283 1276
2414 6 2 1 1 1388 1283 1276 1389 1284 1277
2415 6 2 1 1 1389 1284 1277 1390 1285 1278
2416 6 2 1 1 1390 1285 1278 853 838 837
2417 6 2 1 1 193 208 194 1279 1384 1286
2418 6 2 1 1 1279 1384 1286 1280 1385 1287
2419 6 2 1 1 1280 1385 1287 1281 1386 1288
2420 6 2 1 1 1281 1386 1288 1282 1387 1289
2421 6 2 1 1 1282 1387 1289 1283 1388 1290
2422 6 2 1 1 1283 1388 1290 1284 1389 1291
2423 6 2 1 1 1284 1389 1291 1285 1390 1292
2424 6 2 1 1 1285 1390 1292 838 853 839
2425 6 2 1 1 194 208 209 1286 1384 1391
2426 6 2 1 1 1286 1384 1391 1287 1385 1392
2427 6 2 1 1 1287 1385 1392 1288 1386 1393
2428 6 2 1 1 1288 1386 1393 1289 1387 1394
2429 6 2 1 1 1289 1387 1394 1290 1388 1395
2430 6 2 1 1 1290 1388 1395 1291 1389 1396
2431 6 2 1 1 1291 1389 1396 1292 1390 1397
2432 6 2 1 1 1292 1390 1397 839 853 854
2433 6 2 1 1 194 209 210 1286 1391 1398
2434 6 2 1 1 1286 1391 1398 1287 1392 1399
2435 6 2 1 1 1287 1392 1399 1288 1393 1400
2436 6 2 1 1 1288 1393 1400 1289 1394 1401
2437 6 2 1 1 1289 1394 1401 1290 1395 1402
2438 6 2 1 1 1290 1395 1402 1291 1396 1403
2439 6 2 1 1 1291 1396 1403 1292 1397 1404
2440 6 2 1 1 1292 1397 1404 839 854 855
2441 6 2 1 1 210 195 194 1398 1293 1286
2442 6 2 1 1 1398 1293 1286 1399 1294 1287
2443 6 2 1 1 1399 1294 1287 1400 1295 1288
2444 6 2 1 1 1400 1295 1288 1401 1296 1289
2445 6 2 1 1 1401 1296 1289 1402 1297 1290
2446 6 2 1 1 1402 1297 1290 1403 1298 1291
2447 6 2 1 1 1403 1298 1291 1404 1299 1292
2448 6 2 1 1 1404 1299 1292 855 840 839
2449 6 2 1 1 195 210 196 1293 1398 1300
2450 6 2 1 1 1293 1398 1300 1294 1399 1301
2451 6 2 1 1 1294 1399 1301 1295 1400 1302
2452 6 2 1 1 1295 1400 1302 1296 1401 1303
2453 6 2 1 1 1296 1401 1303 1297 1402 1304
2454 6 2 1 1 1297 1402 1304 1298 1403 1305
2455 6 2 1 1 1298 1403 1305 1299 1404 1306
2456 6 2 1 1 1299 1404 1306 840 855 841
2457 6 2 1 1 196 210 211 1300 1398 1405
2458 6 2 1 1 1300 1398 1405 1301 1399 1406
2459 6 2 1 1 1301 1399 1406 1302 1400 1407
2460 6 2 1 1 1302 1400 1407 1303 1401 1408
2461 6 2 1 1 1303 1401 1408 1304 1402 1409
2462 6 2 1 1 1304 1402 1409 1305 1403 1410
2463 6 2 1 1 1305 1403 1410 1306 1404 1411
2464 6 2 1 1 1306 1404 1411 841 855 856
2465 6 2 1 1 196 211 212 1300 1405 1412
2466 6 2 1 1 1300 1405 1412 1301 1406 1413
2467 6 2 1 1 1301 1406 1413 1302 1407 1414
2468 6 2 1 1 1302 1407 1414 1303 1408 1415
2469 6 2 1 1 1303 1408 1415 1304 1409 1416
2470 6 2 1 1 1304 1409 1416 1305 1410 1417
2471 6 2 1 1 1305 1410 1417 1306 1411 1418
2472 6 2 1 1 1306 1411 1418 841 856 857
2473 6 2 1 1 212 197 196 1412 1307 1300
2474 6 2 1 1 1412 1307 1300 1413 1308 1301
2475 6 2 1 1 1413 1308 1301 1414 1309 1302
2476 6 2 1 1 1414 1309 1302 1415 1310 1303
2477 6 2 1 1 1415 1310 1303 1416 1311 1304
2478 6 2 1 1 1416 1311 1304 1417 1312 1305
2479 6 2 1 1 1417 1312 1305 1418 1313 1306
2480 6 2 1 1 1418 1313 1306 857 842 841
2481 6 2 1 1 197 212 198 1307 1412 1314
2482 6 2 1 1 1307 1412 1314 1308 1413 1315
2483 6 2 1 1 1308 1413 1315 1309 1414 1316
2484 6 2 1 1 1309 1414 1316 1310 1415 1317
2485 6 2 1 1 1310 1415 1317 1311 1416 1318
2486 6 2 1 1 1311 1416 1318 1312 1417 1319
2487 6 2 1 1 1312 1417 1319 1313 1418 1320
2488 6 2 1 1 1313 1418 1320 842 857 843
2489 6 2 1 1 198 212 213 1314 1412 1419
2490 6 2 1 1 1314 1412 1419 1315 1413 1420
2491 6 2 1 1 1315 1413 1420 1316 1414 1421
2492 6 2 1 1 1316 1414 1421 1317 1415 1422
2493 6 2 1 1 1317 1415 1422 1318 1416 1423
2494 6 2 1 1 1318 1416 1423 1319 1417 1424
2495 6 2 1 1 1319 1417 1424 1320 1418 1425
2496 6 2 1 1 1320 1418 1425 843 857 858
2497 6 2 1 1 198 213 214 1314 1419 1426
2498 6 2 1 1 1314 1419 1426 1315 1420 1427
2499 6 2 1 1 1315 1420 1427 1316 1421 1428
2500 6 2 1 1 1316 1421 1428 1317 1422 1429
2501 6 2 1 1 1317 1422 1429 1318 1423 1430
2502 6 2 1 1 1318 1423 1430 1319 1424 1431
2503 6 2 1 1 1319 1424 1431 1320 1425 1432
2504 6 2 1 1 1320 1425 1432 843 858 859
2505 6 2 1 1 214 199 198 1426 1321 1314
2506 6 2 1 1 1426 1321 1314 1427 1322 1315
2507 6 2 1 1 1427 1322 1315 1428 1323 1316
2508 6 2 1 1 1428 1323 1316 1429 1324 1317
2509 6 2 1 1 1429 1324 1317 1430 1325 1318
2510 6 2 1 1 1430 1325 1318 1431 1326 1319
2511 6 2 1 1 1431 1326 1319 1432 1327 1320
2512 6 2 1 1 1432 1327 1320 859 844 843
2513 6 2 1 1 199 214 200 1321 1426 1328
2514 6 2 1 1 1321 1426 1328 1322 1427 1329
2515 6 2 1 1 1322 1427 1329 1323 1428 1330
2516 6 2 1 1 1323 1428 1330 1324 1429 1331
2517 6 2 1 1 1324 1429 1331 1325 1430 1332
2518 6 2 1 1 1325 1430 1332 1326 1431 1333
2519 6 2 1 1 1326 1431 1333 1327 1432 1334
2520 6 2 1 1 1327 1432 1334 844 859 845
2521 6 2 1 1 200 214 215 1328 1426 1433
2522 6 2 1 1 1328 1426 1433 1329 1427 1434
2523 6 2 1 1 1329 1427 1434 1330 1428 1435
2524 6 2 1 1 1330 1428 1435 1331 1429 1436
2525 6 2 1 1 1331 1429 1436 1332 1430 1437
2526 6 2 1 1 1332 1430 1437 1333 1431 1438
2527 6 2 1 1 1333 1431 1438 1334 1432 1439
2528 6 2 1 1 1334 1432 1439 845 859 860
2529 6 2 1 1 200 215 216 1328 1433 1440
2530 6 2 1 1 1328 1433 1440 1329 1434 1441
2531 6 2 1 1 1329 1434 1441 1330 1435 1442
2532 6 2 1 1 1330 1435 1442 1331 1436 1443
2533 6 2 1 1 1331 1436 1443 1332 1437 1444
2534 6 2 1 1 1332 1437 1444 1333 1438 1445
2535 6 2 1 1 1333 1438 1445 1334 1439 1446
2536 6 2 1 1 1334 1439 1446 845 860 861
2537 6 2 1 1 216 201 200 1440 1335 1328
2538 6 2 1 1 1440 1335 1328 1441 1336 1329
2539 6 2 1 1 1441 1336 1329 1442 1337 1330
2540 6 2 1 1 1442 1337 1330 1443 1338 1331
2541 6 2 1 1 1443 1338 1331 1444 1339 1332
2542 6 2 1 1 1444 1339 1332 1445 1340 1333
2543 6 2 1 1 1445 1340 1333 1446 1341 1334
2544 6 2 1 1 1446 1341 1334 861 846 845
2545 6 2 1 1 201 216 51 1335 1440 676
2546 6 2 1 1 1335 1440 676 1336 1441 677
2547 6 2 1 1 1336 1441 677 1337 1442 678
2548 6 2 1 1 1337 1442 678 1338 1443 679
2549 6 2 1 1 1338 1443 679 1339 1444 680
2550 6 2 1 1 1339 1444 680 1340 1445 681
2551 6 2 1 1 1340 1445 681 1341 1446 682
2552 6 2 1 1 1341 1446 682 846 861 111
2553 6 2 1 1 51 216 50 676 1440 669
2554 6 2 1 1 676 1440 669 677 1441 670
2555 6 2 1 1 677 1441 670 678 1442 671
2556 6 2 1 1 678 1442 671 679 1443 672
2557 6 2 1 1 679 1443 672 680 1444 673
2558 6 2 1 1 680 1444 673 681 1445 674
2559 6 2 1 1 681 1445 674 682 1446 675
2560 6 2 1 1 682 1446 675 111 861 110
2561 6 2 1 1 12 13 202 403 410 1342
2562 6 2 1 1 403 410 1342 404 411 1343
2563 6 2 1 1 404 411 1343 405 412 1344
2564 6 2 1 1 405 412 1344 406 413 1345
2565 6 2 1 1 406 413 1345 407 414 1346
2566 6 2 1 1 407 414 1346 408 415 1347
2567 6 2 1 1 408 415 1347 409 416 1348
2568 6 2 1 1 409 416 1348 72 73 847
2569 6 2 1 1 202 13 217 1342 410 1447
2570 6 2 1 1 1342 410 1447 1343 411 1448
2571 6 2 1 1 1343 411 1448 1344 412 1449
2572 6 2 1 1 1344 412 1449 1345 413 1450
2573 6 2 1 1 1345 413 1450 1346 414 1451
2574 6 2 1 1 1346 414 1451 1347 415 1452
2575 6 2 1 1 1347 415 1452 1348 416 1453
2576 6 2 1 1 1348 416 1453 847 73 862
2577 6 2 1 1 202 217 218 1342 1447 1454
2578 6 2 1 1 1342 1447 1454 1343 1448 1455
2579 6 2 1 1 1343 1448 1455 1344 1449 1456
2580 6 2 1 1 1344 1449 1456 1345 1450 1457
2581 6 2 1 1 1345 1450 1457 1346 1451 1458
2582 6 2 1 1 1346 1451 1458 1347 1452 1459
2583 6 2 1 1 1347 1452 1459 1348 1453 1460
2584 6 2 1 1 1348 1453 1460 847 862 863
2585 6 2 1 1 218 203 202 1454 1349 1342
2586 6 2 1 1 1454 1349 1342 1455 1350 1343
2587 6 2 1 1 1455 1350 1343 1456 1351 1344
2588 6 2 1 1 1456 1351 1344 1457 1352 1345
2589 6 2 1 1 1457 1352 1345 1458 1353 1346
2590 6 2 1 1 1458 1353 1346 1459 1354 1347
2591 6 2 1 1 1459 1354 1347 1460 1355 1348
2592 6 2 1 1 1460 1355 1348 863 848 847
2593 6 2 1 1 203 218 204 1349 1454 1356
2594 6 2 1 1 1349 1454 1356 1350 1455 1357
2595 6 2 1 1 1350 1455 1357 1351 1456 1358
2596 6 2 1 1 1351 1456 1358 1352 1457 1359
2597 6 2 1 1 1352 1457 1359 1353 1458 1360
2598 6 2 1 1 1353 1458 1360 1354 1459 1361
2599 6 2 1 1 1354 1459 1361 1355 1460 1362
2600 6 2 1 1 1355 1460 1362 848 863 849
2601 6 2 1 1 204 218 219 1356 1454 1461
2602 6 2 1 1 1356 1454 1461 1357 1455 1462
2603 6 2 1 1 1357 1455 1462 1358 1456 1463
2604 6 2 1 1 1358 1456 1463 1359 1457 1464
2605 6 2 1 1 1359 1457 1464 1360 1458 1465
2606 6 2 1 1 1360 1458 1465 1361 1459 1466
2607 6 2 1 1 1361 1459 1466 1362 1460 1467
2608 6 2 1 1 1362 1460 1467 849 863 864
2609 6 2 1 1 204 219 220 1356 1461 1468
2610 6 2 1 1 1356 1461 1468 1357 1462 1469
2611 6 2 1 1 1357 1462 1469 1358 1463 1470
2612 6 2 1 1 1358 1463 1470 1359 1464 1471
2613 6 2 1 1 1359 1464 1471 1360 1465 1472
2614 6 2 1 1 1360 1465 1472 1361 1466 1473
2615 6 2 1 1 1361 1466 1473 1362 1467 1474
2616 6 2 1 1 1362 1467 1474 849 864 865
2617 6 2 1 1 220 205 204 1468 1363 1356
2618 6 2 1 1 1468 1363 1356 1469 1364 1357
2619 6 2 1 1 1469 1364 1357 1470 1365 1358
2620 6 2 1 1 1470 1365 1358 1471 1366 1359
2621 6 2 1 1 1471 1366 1359 1472 1367 1360
2622 6 2 1 1 1472 1367 1360 1473 1368 1361
2623 6 2 1 1 1473 1368 1361 1474 1369 1362
2624 6 2 1 1 1474 1369 1362 865 850 849
2625 6 2 1 1 205 220 206 1363 1468 1370
2626 6 2 1 1 1363 1468 1370 1364 1469 1371
2627 6 2 1 1 1364 1469 1371 1365 1470 1372
2628 6 2 1 1 1365 1470 1372 1366 1471 1373
2629 6 2 1 1 1366 1471 1373 1367 1472 1374
2630 6 2 1 1 1367 1472 1374 1368 1473 1375
2631 6 2 1 1 1368 1473 1375 1369 1474 1376
2632 6 2 1 1 1369 1474 1376 850 865 851
2633 6 2 1 1 206 220 221 1370 1468 1475
2634 6 2 1 1 1370 1468 1475 1371 1469 1476
2635 6 2 1 1 1371 1469 1476 1372 1470 1477
2636 6 2 1 1 1372 1470 1477 1373 1471 1478
2637 6 2 1 1 1373 1471 1478 1374 1472 1479
2638 6 2 1 1 1374 1472 1479 1375 1473 1480
2639 6 2 1 1 1375 1473 1480 1376 1474 1481
2640 6 2 1 1 1376 1474 1481 851 865 866
2641 6 2 1 1 206 221 222 1370 1475 1482
2642 6 2 1 1 1370 1475 1482 1371 1476 1483
2643 6 2 1 1 1371 1476 1483 1372 1477 1484
2644 6 2 1 1 1372 1477 1484 1373 1478 1485
2645 6 2 1 1 1373 1478 1485 1374 1479 1486
2646 6 2 1 1 1374 1479 1486 1375 1480 1487
2647 6 2 1 1 1375 1480 1487 1376 1481 1488
2648 6 2 1 1 1376 1481 1488 851 866 867
2649 6 2 1 1 222 207 206 1482 1377 1370
2650 6 2 1 1 1482 1377 1370 1483 1378 1371
2651 6 2 1 1 1483 1378 1371 1484 1379 1372
2652 6 2 1 1 1484 1379 1372 1485 1380 1373
2653 6 2 1 1 1485 1380 1373 1486 1381 1374
2654 6 2 1 1 1486 1381 1374 1487 1382 1375
2655 6 2 1 1 1487 1382 1375 1488 1383 1376
2656 6 2 1 1 1488 1383 1376 867 852 851
2657 6 2 1 1 207 222 208 1377 1482 1384
2658 6 2 1 1 1377 1482 1384 1378 1483 1385
2659 6 2 1 1 1378 1483 1385 1379 1484 1386
2660 6 2 1 1 1379 1484 1386 1380 1485 1387
2661 6 2 1 1 1380 1485 1387 1381 1486 1388
2662 6 2 1 1 1381 1486 1388 1382 1487 1389
2663 6 2 1 1 1382 1487 1389 1383 1488 1390
2664 6 2 1 1 1383 1488 1390 852 867 853
2665 6 2 1 1 208 222 223 1384 1482 1489
2666 6 2 1 1 1384 1482 1489 1385 1483 1490
2667 6 2 1 1 1385 1483 1490 1386 1484 1491
2668 6 2 1 1 1386 1484 1491 1387 1485 1492
2669 6 2 1 1 1387 1485 1492 1388 1486 1493
2670 6 2 1 1 1388 1486 1493 1389 1487 1494
2671 6 2 1 1 1389 1487 1494 1390 1488 1495
2672 6 2 1 1 1390 1488 1495 853 867 868
2673 6 2 1 1 208 223 224 1384 1489 1496
2674 6 2 1 1 1384 1489 1496 1385 1490 1497
2675 6 2 1 1 1385 1490 1497 1386 1491 1498
2676 6 2 1 1 1386 1491 1498 1387 1492 1499
2677 6 2 1 1 1387 1492 1499 1388 1493 1500
2678 6 2 1 1 1388 1493 1500 1389 1494 1501
2679 6 2 1 1 1389 1494 1501 1390 1495 1502
2680 6 2 1 1 1390 1495 1502 853 868 869
2681 6 2 1 1 224 209 208 1496 1391 1384
2682 6 2 1 1 1496 1391 1384 1497 1392 1385
2683 6 2 1 1 1497 1392 1385 1498 1393 1386
2684 6 2 1 1 1498 1393 1386 1499 1394 1387
2685 6 2 1 1 1499 1394 1387 1500 1395 1388
2686 6 2 1 1 1500 1395 1388 1501 1396 1389
2687 6 2 1 1 1501 1396 1389 1502 1397 1390
2688 6 2 1 1 1502 1397 1390 869 854 853
2689 6 2 1 1 209 224 210 1391 1496 1398
2690 6 2 1 1 1391 1496 1398 1392 1497 1399
2691 6 2 1 1 1392 1497 1399 1393 1498 1400
2692 6 2 1 1 1393 1498 1400 1394 1499 1401
2693 6 2 1 1 1394 1499 1401 1395 1500 1402
2694 6 2 1 1 1395 1500 1402 1396 1501 1403
2695 6 2 1 1 1396 1501 1403 1397 1502 1404
2696 6 2 1 1 1397 1502 1404 854 869 855
2697 6 2 1 1 210 224 225 1398 1496 1503
2698 6 2 1 1 1398 1496 1503 1399 1497 1504
2699 6 2 1 1 1399 1497 1504 1400 1498 1505
2700 6 2 1 1 1400 1498 1505 1401 1499 1506
2701 6 2 1 1 1401 1499 1506 1402 1500 1507
2702 6 2 1 1 1402 1500 1507 1403 1501 1508
2703 6 2 1 1 1403 1501 1508 1404 1502 1509
2704 6 2 1 1 1404 1502 1509 855 869 870
2705 6 2 1 1 210 225 226 1398 1503 1510
2706 6 2 1 1 1398 1503 1510 1399 1504 1511
2707 6 2 1 1 1399 1504 1511 1400 1505 1512
2708 6 2 1 1 1400 1505 1512 1401 1506 1513
2709 6 2 1 1 1401 1506 1513 1402 1507 1514
2710 6 2 1 1 1402 1507 1514 1403 1508 1515
2711 6 2 1 1 1403 1508 1515 1404 1509 1516
2712 6 2 1 1 1404 1509 1516 855 870 871
2713 6 2 1 1 226 211 210 1510 1405 1398
2714 6 2 1 1 1510 1405 1398 1511 1406 1399
2715 6 2 1 1 1511 1406 1399 1512 1407 1400
2716 6 2 1 1 1512 1407 1400 1513 1408 1401
2717 6 2 1 1 1513 1408 1401 1514 1409 1402
2718 6 2 1 1 1514 1409 1402 1515 1410 1403
2719 6 2 1 1 1515 1410 1403 1516 1411 1404
2720 6 2 1 1 1516 1411 1404 871 856 855
2721 6 2 1 1 211 226 212 1405 1510 1412
2722 6 2 1 1 1405 1510 1412 1406 1511 1413
2723 6 2 1 1 1406 1511 1413 1407 1512 1414
2724 6 2 1 1 1407 1512 1414 1408 1513 1415
2725 6 2 1 1 1408 1513 1415 1409 1514 1416
2726 6 2 1 1 1409 1514 1416 1410 1515 1417
2727 6 2 1 1 1410 1515 1417 1411 1516 1418
2728 6 2 1 1 1411 1516 1418 856 871 857
2729 6 2 1 1 212 226 227 1412 1510 1517
2730 6 2 1 1 1412 1510 1517 1413 1511 1518
2731 6 2 1 1 1413 1511 1518 1414 1512 1519
2732 6 2 1 1 1414 1512 1519 1415 1513 1520
2733 6 2 1 1 1415 1513 1520 1416 1514 1521
2734 6 2 1 1 1416 1514 1521 1417 1515 1522
2735 6 2 1 1 1417 1515 1522 1418 1516 1523
2736 6 2 1 1 1418 1516 1523 857 871 872
2737 6 2 1 1 212 227 228 1412 1517 1524
2738 6 2 1 1 1412 1517 1524 1413 1518 1525
2739 6 2 1 1 1413 1518 1525 1414 1519 1526
2740 6 2 1 1 1414 1519 1526 1415 1520 1527
2741 6 2 1 1 1415 1520 1527 1416 1521 1528
2742 6 2 1 1 1416 1521 1528 1417 1522 1529
2743 6 2 1 1 1417 1522 1529 1418 1523 1530
2744 6 2 1 1 1418 1523 1530 857 872 873
2745 6 2 1 1 228 213 212 1524 1419 1412
2746 6 2 1 1 1524 1419 1412 1525 1420 1413
2747 6 2 1 1 1525 1420 1413 1526 1421 1414
2748 6 2 1 1 1526 1421 1414 1527 1422 1415
2749 6 2 1 1 1527 1422 1415 1528 1423 1416
2750 6 2 1 1 1528 1423 1416 1529 1424 1417
2751 6 2 1 1 1529 1424 1417 1530 1425 1418
2752 6 2 1 1 1530 1425 1418 873 858 857
2753 6 2 1 1 213 228 214 1419 1524 1426
2754 6 2 1 1 1419 1524 1426 1420 1525 1427
2755 6 2 1 1 1420 1525 1427 1421 1526 1428
2756 6 2 1 1 1421 1526 1428 1422 1527 1429
2757 6 2 1 1 1422 1527 1429 1423 1528 1430
2758 6 2 1 1 1423 1528 1430 1424 1529 1431
2759 6 2 1 1 1424 1529 1431 1425 1530 1432
2760 6 2 1 1 1425 1530 1432 858 873 859
2761 6 2 1 1 214 228 229 1426 1524 1531
2762 6 2 1 1 1426 1524 1531 1427 1525 1532
2763 6 2 1 1 1427 1525 1532 1428 1526 1533
2764 6 2 1 1 1428 1526 1533 1429 1527 1534
2765 6 2 1 1 1429 1527 1534 1430 1528 1535
2766 6 2 1 1 1430 1528 1535 1431 1529 1536
2767 6 2 1 1 1431 1529 1536 1432 1530 1537
2768 6 2 1 1 1432 1530 1537 859 873 874
2769 6 2 1 1 214 229 230 1426 1531 1538
2770 6 2 1 1 1426 1531 1538 1427 1532 1539
2771 6 2 1 1 1427 1532 1539 1428 1533 1540
2772 6 2 1 1 1428 1533 1540 1429 1534 1541
2773 6 2 1 1 1429 1534 1541 1430 1535 1542
2774 6 2 1 1 1430 1535 1542 1431 1536 1543
2775 6 2 1 1 1431 1536 1543 1432 1537 1544
2776 6 2 1 1 1432 1537 1544 859 874 875
2777 6 2 1 1 230 215 214 1538 1433 1426
2778 6 2 1 1 1538 1433 1426 1539 1434 1427
2779 6 2 1 1 1539 1434 1427 1540 1435 1428
2780 6 2 1 1 1540 1435 1428 1541 1436 1429
2781 6 2 1 1 1541 1436 1429 1542 1437 1430
2782 6 2 1 1 1542 1437 1430 1543 1438 1431
2783 6 2 1 1 1543 1438 1431 1544 1439 1432
2784 6 2 1 1 1544 1439 1432 875 860 859
2785 6 2 1 1 215 230 216 1433 1538 1440
2786 6 2 1 1 1433 1538 1440 1434 1539 1441
2787 6 2 1 1 1434 1539 1441 1435 1540 1442
2788 6 2 1 1 1435 1540 1442 1436 1541 1443
2789 6 2 1 1 1436 1541 1443 1437 1542 1444
2790 6 2 1 1 1437 1542 1444 1438 1543 1445
2791 6 2 1 1 1438 1543 1445 1439 1544 1446
2792 6 2 1 1 1439 1544 1446 860 875 861
2793 6 2 1 1 216 230 231 1440 1538 1545
2794 6 2 1 1 1440 1538 1545 1441 1539 1546
2795 6 2 1 1 1441 1539 1546 1442 1540 1547
2796 6 2 1 1 1442 1540 1547 1443 1541 1548
2797 6 2 1 1 1443 1541 1548 1444 1542 1549
2798 6 2 1 1 1444 1542 1549 1445 1543 1550
2799 6 2 1 1 1445 1543 1550 1446 1544 1551
2800 6 2 1 1 1446 1544 1551 861 875 876
2801 6 2 1 1 216 231 49 1440 1545 662
2802 6 2 1 1 1440 1545 662 1441 1546 663
2803 6 2 1 1 1441 1546 663 1442 1547 664
2804 6 2 1 1 1442 1547 664 1443 1548 665
2805 6 2 1 1 1443 1548 665 1444 1549 666
2806 6 2 1 1 1444 1549 666 1445 1550 667
2807 6 2 1 1 1445 1550 667 1446 1551 668
2808 6 2 1 1 1446 1551 668 861 876 109
2809 6 2 1 1 49 50 216 662 669 1440
2810 6 2 1 1 662 669 1440 663 670 1441
2811 6 2 1 1 663 670 1441 664 671 1442
2812 6 2 1 1 664 671 1442 665 672 1443
2813 6 2 1 1 665 672 1443 666 673 1444
2814 6 2 1 1 666 673 1444 667 674 1445
2815 6 2 1 1 667 674 1445 668 675 1446
2816 6 2 1 1 668 675 1446 109 110 861
2817 6 2 1 1 13 14 232 410 417 1552
2818 6 2 1 1 410 417 1552 411 418 1553
2819 6 2 1 1 411 418 1553 412 419 1554
2820 6 2 1 1 412 419 1554 413 420 1555
2821 6 2 1 1 413 420 1555 414 421 1556
2822 6 2 1 1 414 421 1556 415 422 1557
2823 6 2 1 1 415 422 1557 416 423 1558
2824 6 2 1 1 416 423 1558 73 74 877
2825 6 2 1 1 232 217 13 1552 1447 410
2826 6 2 1 1 1552 1447 410 1553 1448 411
2827 6 2 1 1 1553 1448 411 1554 1449 412
2828 6 2 1 1 1554 1449 412 1555 1450 413
2829 6 2 1 1 1555 1450 413 1556 1451 414
2830 6 2 1 1 1556 1451 414 1557 1452 415
2831 6 2 1 1 1557 1452 415 1558 1453 416
2832 6 2 1 1 1558 1453 416 877 862 73
2833 6 2 1 1 217 232 218 1447 1552 1454
2834 6 2 1 1 1447 1552 1454 1448 1553 1455
2835 6 2 1 1 1448 1553 1455 1449 1554 1456
2836 6 2 1 1 1449 1554 1456 1450 1555 1457
2837 6 2 1 1 1450 1555 1457 1451 1556 1458
2838 6 2 1 1 1451 1556 1458 1452 1557 1459
2839 6 2 1 1 1452 1557 1459 1453 1558 1460
2840 6 2 1 1 1453 1558 1460 862 877 863
2841 6 2 1 1 218 232 233 1454 1552 1559
2842 6 2 1 1 1454 1552 1559 1455 1553 1560
2843 6 2 1 1 1455 1553 1560 1456 1554 1561
2844 6 2 1 1 1456 1554 1561 1457 1555 1562
2845 6 2 1 1 1457 1555 1562 1458 1556 1563
2846 6 2 1 1 1458 1556 1563 1459 1557 1564
2847 6 2 1 1 1459 1557 1564 1460 1558 1565
2848 6 2 1 1 1460 1558 1565 863 877 878
2849 6 2 1 1 218 233 234 1454 1559 1566
2850 6 2 1 1 1454 1559 1566 1455 1560 1567
2851 6 2 1 1 1455 1560 1567 1456 1561 1568
2852 6 2 1 1 1456 1561 1568 1457 1562 1569
2853 6 2 1 1 1457 1562 1569 1458 1563 1570
2854 6 2 1 1 1458 1563 1570 1459 1564 1571
2855 6 2 1 1 1459 1564 1571 1460 1565 1572
2856 6 2 1 1 1460 1565 1572 863 878 879
2857 6 2 1 1 234 219 218 1566 1461 1454
2858 6 2 1 1 1566 1461 1454 1567 1462 1455
2859 6 2 1 1 1567 1462 1455 1568 1463 1456
2860 6 2 1 1 1568 1463 1456 1569 1464 1457
2861 6 2 1 1 1569 1464 1457 1570 1465 1458
2862 6 2 1 1 1570 1465 1458 1571 1466 1459
2863 6 2 1 1 1571 1466 1459 1572 1467 1460
2864 6 2 1 1 1572 1467 1460 879 864 863
2865 6 2 1 1 219 234 220 1461 1566 1468
2866 6 2 1 1 1461 1566 1468 1462 1567 1469
2867 6 2 1 1 1462 1567 1469 1463 1568 1470
2868 6 2 1 1 1463 1568 1470 1464 1569 1471
2869 6 2 1 1 1464 1569 1471 1465 1570 1472
2870 6 2 1 1 1465 1570 1472 1466 1571 1473
2871 6 2 1 1 1466 1571 1473 1467 1572 1474
2872 6 2 1 1 1467 1572 1474 864 879 865
2873 6 2 1 1 220 234 235 1468 1566 1573
2874 6 2 1 1 1468 1566 1573 1469 1567 1574
2875 6 2 1 1 1469 1567 1574 1470 1568 1575
2876 6 2 1 1 1470 1568 1575 1471 1569 1576
2877 6 2 1 1 1471 1569 1576 1472 1570 1577
2878 6 2 1 1 1472 1570 1577 1473 1571 1578
2879 6 2 1 1 1473 1571 1578 1474 1572 1579
2880 6 2 1 1 1474 1572 1579 865 879 880
2881 6 2 1 1 220 235 236 1468 1573 1580
2882 6 2 1 1 1468 1573 1580 1469 1574 1581
2883 6 2 1 1 1469 1574 1581 1470 1575 1582
2884 6 2 1 1 1470 1575 1582 1471 1576 1583
2885 6 2 1 1 1471 1576 1583 1472 1577 1584
2886 6 2 1 1 1472 1577 1584 1473 1578 1585
2887 6 2 1 1 1473 1578 1585 1474 1579 1586
2888 6 2 1 1 1474 1579 1586 865 880 881
2889 6 2 1 1 236 221 220 1580 1475 1468
2890 6 2 1 1 1580 1475 1468 1581 1476 1469
2891 6 2 1 1 1581 1476 1469 1582 1477 1470
2892 6 2 1 1 1582 1477 1470 1583 1478 1471
2893 6 2 1 1 1583 1478 1471 1584 1479 1472
2894 6 2 1 1 1584 1479 1472 1585 1480 1473
2895 6 2 1 1 1585 1480 1473 1586 1481 1474
2896 6 2 1 1 1586 1481 1474 881 866 865
2897 6 2 1 1 221 236 222 1475 1580 1482
2898 6 2 1 1 1475 1580 1482 1476 1581 1483
2899 6 2 1 1 1476 1581 1483 1477 1582 1484
2900 6 2 1 1 1477 1582 1484 1478 1583 1485
2901 6 2 1 1 1478 1583 1485 1479 1584 1486
2902 6 2 1 1 1479 1584 1486 1480 1585 1487
2903 6 2 1 1 1480 1585 1487 1481 1586 1488
2904 6 2 1 1 1481 1586 1488 866 881 867
2905 6 2 1 1 222 236 237 1482 1580 1587
2906 6 2 1 1 1482 1580 1587 1483 1581 1588
2907 6 2 1 1 1483 1581 1588 1484 1582 1589
2908 6 2 1 1 1484 1582 1589 1485 1583 1590
2909 6 2 1 1 1485 1583 1590 1486 1584 1591
2910 6 2 1 1 1486 1584 1591 1487 1585 1592
2911 6 2 1 1 1487 1585 1592 1488 1586 1593
2912 6 2 1 1 1488 1586 1593 867 881 882
2913 6 2 1 1 222 237 238 1482 1587 1594
2914 6 2 1 1 1482 1587 1594 1483 1588 1595
2915 6 2 1 1 1483 1588 1595 1484 1589 1596
2916 6 2 1 1 1484 1589 1596 1485 1590 1597
2917 6 2 1 1 1485 1590 1597 1486 1591 1598
2918 6 2 1 1 1486 1591 1598 1487 1592 1599
2919 6 2 1 1 1487 1592 1599 1488 1593 1600
2920 6 2 1 1 1488 1593 1600 867 882 883
2921 6 2 1 1 238 223 222 1594 1489 1482
2922 6 2 1 1 1594 1489 1482 1595 1490 1483
2923 6 2 1 1 1595 1490 1483 1596 1491 1484
2924 6 2 1 1 1596 1491 1484 1597 1492 1485
2925 6 2 1 1 1597 1492 1485 1598 1493 1486
2926 6 2 1 1 1598 1493 1486 1599 1494 1487
2927 6 2 1 1 1599 1494 1487 1600 1495 1488
2928 6 2 1 1 1600 1495 1488 883 868 867
2929 6 2 1 1 223 238 224 1489 1594 1496
2930 6 2 1 1 1489 1594 1496 1490 1595 1497
2931 6 2 1 1 1490 1595 1497 1491 1596 1498
2932 6 2 1 1 1491 1596 1498 1492 1597 1499
2933 6 2 1 1 1492 1597 1499 1493 1598 1500
2934 6 2 1 1 1493 1598 1500 1494 1599 1501
2935 6 2 1 1 1494 1599 1501 1495 1600 1502
2936 6 2 1 1 1495 1600 1502 868 883 869
2937 6 2 1 1 224 238 239 1496 1594 1601
2938 6 2 1 1 1496 1594 1601 1497 1595 1602
2939 6 2 1 1 1497 1595 1602 1498 1596 1603
2940 6 2 1 1 1498 1596 1603 1499 1597 1604
2941 6 2 1 1 1499 1597 1604 1500 1598 1605
2942 6 2 1 1 1500 1598 1605 1501 1599 1606
2943 6 2 1 1 1501 1599 1606 1502 1600 1607
2944 6 2 1 1 1502 1600 1607 869 883 884
2945 6 2 1 1 224 239 240 1496 1601 1608
2946 6 2 1 1 1496 1601 1608 1497 1602 1609
2947 6 2 1 1 1497 1602 1609 1498 1603 1610
2948 6 2 1 1 1498 1603 1610 1499 1604 1611
2949 6 2 1 1 1499 1604 1611 1500 1605 1612
2950 6 2 1 1 1500 1605 1612 1501 1606 1613
2951 6 2 1 1 1501 1606 1613 1502 1607 1614
2952 6 2 1 1 1502 1607 1614 869 884 885
2953 6 2 1 1 240 225 224 1608 1503 1496
2954 6 2 1 1 1608 1503 1496 1609 1504 1497
2955 6 2 1 1 1609 1504 1497 1610 1505 1498
2956 6 2 1 1 1610 1505 1498 1611 1506 1499
2957 6 2 1 1 1611 1506 1499 1612 1507 1500
2958 6 2 1 1 1612 1507 1500 1613 1508 1501
2959 6 2 1 1 1613 1508 1501 1614 1509 1502
2960 6 2 1 1 1614 1509 1502 885 870 869
2961 6 2 1 1 225 240 226 1503 1608 1510
2962 6 2 1 1 1503 1608 1510 1504 1609 1511
2963 6 2 1 1 1504 1609 1511 1505 1610 1512
2964 6 2 1 1 1505 1610 1512 1506 1611 1513
2965 6 2 1 1 1506 1611 1513 1507 1612 1514
2966 6 2 1 1 1507 1612 1514 1508 1613 1515
2967 6 2 1 1 1508 1613 1515 1509 1614 1516
2968 6 2 1 1 1509 1614 1516 870 885 871
2969 6 2 1 1 226 240 241 1510 1608 1615
2970 6 2 1 1 1510 1608 1615 1511 1609 1616
2971 6 2 1 1 1511 1609 1616 1512 1610 1617
2972 6 2 1 1 1512 1610 1617 1513 1611 1618
2973 6 2 1 1 1513 1611 1618 1514 1612 1619
2974 6 2 1 1 1514 1612 1619 1515 1613 1620
2975 6 2 1 1 1515 1613 1620 1516 1614 1621
2976 6 2 1 1 1516 1614 1621 871 885 886
2977 6 2 1 1 226 241 242 1510 1615 1622
2978 6 2 1 1 1510 1615 1622 1511 1616 1623
2979 6 2 1 1 1511 1616 1623 1512 1617 1624
2980 6 2 1 1 1512 1617 1624 1513 1618 1625
2981 6 2 1 1 1513 1618 1625 1514 1619 1626
2982 6 2 1 1 1514 1619 1626 1515 1620 1627
2983 6 2 1 1 1515 1620 1627 1516 1621 1628
2984 6 2 1 1 1516 1621 1628 871 886 887
2985 6 2 1 1 242 227 226 1622 1517 1510
2986 6 2 1 1 1622 1517 1510 1623 1518 1511
2987 6 2 1 1 1623 1518 1511 1624 1519 1512
2988 6 2 1 1 1624 1519 1512 1625 1520 1513
2989 6 2 1 1 1625 1520 1513 1626 1521 1514
2990 6 2 1 1 1626 1521 1514 1627 1522 1515
2991 6 2 1 1 1627 1522 1515 1628 1523 1516
2992 6 2 1 1 1628 1523 1516 887 872 871
2993 6 2 1 1 227 242 228 1517 1622 1524
2994 6 2 1 1 1517 1622 1524 1518 1623 1525
2995 6 2 1 1 1518 1623 1525 1519 1624 1526
2996 6 2 1 1 1519 1624 1526 1520 1625 1527
2997 6 2 1 1 1520 1625 1527 1521 1626 1528
2998 6 2 1 1 1521 1626 1528 1522 1627 1529
2999 6 2 1 1 1522 1627 1529 1523 1628 1530
3000 6 2 1 1 1523 1628 1530 872 887 873
3001 6 2 1 1 228 242 243 1524 1622 1629
3002 6 2 1 1 1524 1622 1629 1525 1623 1630
3003 6 2 1 1 1525 1623 1630 1526 1624 1631
3004 6 2 1 1 1526 1624 1631 1527 1625 1632
3005 6 2 1 1 1527 1625 1632 1528 1626 1633
3006 6 2 1 1 1528 1626 1633 1529 1627 1634
3007 6 2 1 1 1529 1627 1634 1530 1628 1635
3008 6 2 1 1 1530 1628 1635 873 887 888
3009 6 2 1 1 228 243 244 1524 1629 1636
3010 6 2 1 1 1524 1629 1636 1525 1630 1637
3011 6 2 1 1 1525 1630 1637 1526 1631 1638
3012 6 2 1 1 1526 1631 1638 1527 1632 1639
3013 6 2 1 1 1527 1632 1639 1528 1633 1640
3014 6 2 1 1 1528 1633 1640 1529 1634 1641
3015 6 2 1 1 1529 1634 1641 1530 1635 1642
3016 6 2 1 1 1530 1635 1642 873 888 889
3017 6 2 1 1 244 229 228 1636 1531 1524
3018 6 2 1 1 1636 1531 1524 1637 1532 1525
3019 6 2 1 1 1637 1532 1525 1638 1533 1526
3020 6 2 1 1 1638 1533 1526 1639 1534 1527
3021 6 2 1 1 1639 1534 1527 1640 1535 1528
3022 6 2 1 1 1640 1535 1528 1641 1536 1529
3023 6 2 1 1 1641 1536 1529 1642 1537 1530
3024 6 2 1 1 1642 1537 1530 889 874 873
3025 6 2 1 1 229 244 230 1531 1636 1538
3026 6 2 1 1 1531 1636 1538 1532 1637 1539
3027 6 2 1 1 1532 1637 1539 1533 1638 1540
3028 6 2 1 1 1533 1638 1540 1534 1639 1541
3029 6 2 1 1 1534 1639 1541 1535 1640 1542
3030 6 2 1 1 1535 1640 1542 1536 1641 1543
3031 6 2 1 1 1536 1641 1543 1537 1642 1544
3032 6 2 1 1 1537 1642 1544 874 889 875
3033 6 2 1 1 230 244 245 1538 1636 1643
3034 6 2 1 1 1538 1636 1643 1539 1637 1644
3035 6 2 1 1 1539 1637 1644 1540 1638 1645
3036 6 2 1 1 1540 1638 1645 1541 1639 1646
3037 6 2 1 1 1541 1639 1646 1542 1640 1647
3038 6 2 1 1 1542 1640 1647 1543 1641 1648
3039 6 2 1 1 1543 1641 1648 1544 1642 1649
3040 6 2 1 1 1544 1642 1649 875 889 890
3041 6 2 1 1 230 245 246 1538 1643 1650
3042 6 2 1 1 1538 1643 1650 1539 1644 1651
3043 6 2 1 1 1539 1644 1651 1540 1645 1652
3044 6 2 1 1 1540 1645 1652 1541 1646 1653
3045 6 2 1 1 1541 1646 1653 1542 1647 1654
3046 6 2 1 1 1542 1647 1654 1543 1648 1655
3047 6 2 1 1 1543 1648 1655 1544 1649 1656
3048 6 2 1 1 1544 1649 1656 875 890 891
3049 6 2 1 1 246 231 230 1650 1545 1538
3050 6 2 1 1 1650 1545 1538 1651 1546 1539
3051 6 2 1 1 1651 1546 1539 1652 1547 1540
3052 6 2 1 1 1652 1547 1540 1653 1548 1541
3053 6 2 1 1 1653 1548 1541 1654 1549 1542
3054 6 2 1 1 1654 1549 1542 1655 1550 1543
3055 6 2 1 1 1655 1550 1543 1656 1551 1544
3056 6 2 1 1 1656 1551 1544 891 876 875
3057 6 2 1 1 231 246 49 1545 1650 662
3058 6 2 1 1 1545 1650 662 1546 1651 663
3059 6 2 1 1 1546 1651 663 1547 1652 664
3060 6 2 1 1 1547 1652 664 1548 1653 665
3061 6 2 1 1 1548 1653 665 1549 1654 666
3062 6 2 1 1 1549 1654 666 1550 1655 667
3063 6 2 1 1 1550 1655 667 1551 1656 668
3064 6 2 1 1 1551 1656 668 876 891 109
3065 6 2 1 1 49 246 48 662 1650 655
3066 6 2 1 1 662 1650 655 663 1651 656
3067 6 2 1 1 663 1651 656 664 1652 657
3068 6 2 1 1 664 1652 657 665 1653 658
3069 6 2 1 1 665 1653 658 666 1654 659
3070 6 2 1 1 666 1654 659 667 1655 660
3071 6 2 1 1 667 1655 660 668 1656 661
3072 6 2 1 1 668 1656 661 109 891 108
3073 6 2 1 1 14 15 232 417 424 1552
3074 6 2 1 1 417 424 1552 418 425 1553
3075 6 2 1 1 418 425 1553 419 426 1554
3076 6 2 1 1 419 426 1554 420 427 1555
3077 6 2 1 1 420 427 1555 421 428 1556
3078 6 2 1 1 421 428 1556 422 429 1557
3079 6 2 1 1 422 429 1557 423 430 1558
3080 6 2 1 1 423 430 1558 74 75 877
3081 6 2 1 1 232 15 247 1552 424 1657
3082 6 2 1 1 1552 424 1657 1553 425 1658
3083 6 2 1 1 1553 425 1658 1554 426 1659
3084 6 2 1 1 1554 426 1659 1555 427 1660
3085 6 2 1 1 1555 427 1660 1556 428 1661
3086 6 2 1 1 1556 428 1661 1557 429 1662
3087 6 2 1 1 1557 429 1662 1558 430 1663
3088 6 2 1 1 1558 430 1663 877 75 892
3089 6 2 1 1 232 247 248 1552 1657 1664
3090 6 2 1 1 1552 1657 1664 1553 1658 1665
3091 6 2 1 1 1553 1658 1665 1554 1659 1666
3092 6 2 1 1 1554 1659 1666 1555 1660 1667
3093 6 2 1 1 1555 1660 1667 1556 1661 1668
3094 6 2 1 1 1556 1661 1668 1557 1662 1669
3095 6 2 1 1 1557 1662 1669 1558 1663 1670
3096 6 2 1 1 1558 1663 1670 877 892 893
3097 6 2 1 1 248 233 232 1664 1559 1552
3098 6 2 1 1 1664 1559 1552 1665 1560 1553
3099 6 2 1 1 1665 1560 1553 1666 1561 1554
3100 6 2 1 1 1666 1561 1554 1667 1562 1555
3101 6 2 1 1 1667 1562 1555 1668 1563 1556
3102 6 2 1 1 1668 1563 1556 1669 1564 1557
3103 6 2 1 1 1669 1564 1557 1670 1565 1558
3104 6 2 1 1 1670 1565 1558 893 878 877
3105 6 2 1 1 233 248 234 1559 1664 1566
3106 6 2 1 1 1559 1664 1566 1560 1665 1567
3107 6 2 1 1 1560 1665 1567 1561 1666 1568
3108 6 2 1 1 1561 1666 1568 1562 1667 1569
3109 6 2 1 1 1562 1667 1569 1563 1668 1570
3110 6 2 1 1 1563 1668 1570 1564 1669 1571
3111 6 2 1 1 1564 1669 1571 1565 1670 1572
3112 6 2 1 1 1565 1670 1572 878 893 879
3113 6 2 1 1 234 248 249 1566 1664 1671
3114 6 2 1 1 1566 1664 1671 1567 1665 1672
3115 6 2 1 1 1567 1665 1672 1568 1666 1673
3116 6 2 1 1 1568 1666 1673 1569 1667 1674
3117 6 2 1 1 1569 1667 1674 1570 1668 1675
3118 6 2 1 1 1570 1668 1675 1571 1669 1676
3119 6 2 1 1 1571 1669 1676 1572 1670 1677
3120 6 2 1 1 1572 1670 1677 879 893 894
3121 6 2 1 1 234 249 250 1566 1671 1678
3122 6 2 1 1 1566 1671 1678 1567 1672 1679
3123 6 2 1 1 1567 1672 1679 1568 1673 1680
3124 6 2 1 1 1568 1673 1680 1569 1674 1681
3125 6 2 1 1 1569 1674 1681 1570 1675 1682
3126 6 2 1 1 1570 1675 1682 1571 1676 1683
3127 6 2 1 1 1571 1676 1683 1572 1677 1684
3128 6 2 1 1 1572 1677 1684 879 894 895
3129 6 2 1 1 250 235 234 1678 1573 1566
3130 6 2 1 1 1678 1573 1566 1679 1574 1567
3131 6 2 1 1 1679 1574 1567 1680 1575 1568
3132 6 2 1 1 1680 1575 1568 1681 1576 1569
3133 6 2 1 1 1681 1576 1569 1682 1577 1570
3134 6 2 1 1 1682 1577 1570 1683 1578 1571
3135 6 2 1 1 1683 1578 1571 1684 1579 1572
3136 6 2 1 1 1684 1579 1572 895 880 879
3137 6 2 1 1 235 250 236 1573 1678 1580
3138 6 2 1 1 1573 1678 1580 1574 1679 1581
3139 6 2 1 1 1574 1679 1581 1575 1680 1582
3140 6 2 1 1 1575 1680 1582 1576 1681 1583
3141 6 2 1 1 1576 1681 1583 1577 1682 1584
3142 6 2 1 1 1577 1682 1584 1578 1683 1585
3143 6 2 1 1 1578 1683 1585 1579 1684 1586
3144 6 2 1 1 1579 1684 1586 880 895 881
3145 6 2 1 1 236 250 251 1580 1678 1685
3146 6 2 1 1 1580 1678 1685 1581 1679 1686
3147 6 2 1 1 1581 1679 1686 1582 1680 1687
3148 6 2 1 1 1582 1680 1687 1583 1681 1688
3149 6 2 1 1 1583 1681 1688 1584 1682 1689
3150 6 2 1 1 1584 1682 1689 1585 1683 1690
3151 6 2 1 1 1585 1683 1690 1586 1684 1691
3152 6 2 1 1 1586 1684 1691 881 895 896
3153 6 2 1 1 236 251 252 1580 1685 1692
3154 6 2 1 1 1580 1685 1692 1581 1686 1693
3155 6 2 1 1 1581 1686 1693 1582 1687 1694
3156 6 2 1 1 1582 1687 1694 1583 1688 1695
3157 6 2 1 1 1583 1688 1695 1584 1689 1696
3158 6 2 1 1 1584 1689 1696 1585 1690 1697
3159 6 2 1 1 1585 1690 1697 1586 1691 1698
3160 6 2 1 1 1586 1691 1698 881 896 897
3161 6 2 1 1 252 237 236 1692 1587 1580
3162 6 2 1 1 1692 1587 1580 1693 1588 1581
3163 6 2 1 1 1693 1588 1581 1694 1589 1582
3164 6 2 1 1 1694 1589 1582 1695 1590 1583
3165 6 2 1 1 1695 1590 1583 1696 1591 1584
3166 6 2 1 1 1696 1591 1584 1697 1592 1585
3167 6 2 1 1 1697 1592 1585 1698 1593 1586
3168 6 2 1 1 1698 1593 1586 897 882 881
3169 6 2 1 1 237 252 238 1587 1692 1594
3170 6 2 1 1 1587 1692 1594 1588 1693 1595
3171 6 2 1 1 1588 1693 1595 1589 1694 1596
3172 6 2 1 1 1589 1694 1596 1590 1695 1597
3173 6 2 1 1 1590 1695 1597 1591 1696 1598
3174 6 2 1 1 1591 1696 1598 1592 1697 1599
3175 6 2 1 1 1592 1697 1599 1593 1698 1600
3176 6 2 1 1 1593 1698 1600 882 897 883
3177 6 2 1 1 238 252 253 1594 1692 1699
3178 6 2 1 1 1594 1692 1699 1595 1693 1700
3179 6 2 1 1 1595 1693 1700 1596 1694 1701
3180 6 2 1 1 1596 1694 1701 1597 1695 1702
3181 6 2 1 1 1597 1695 1702 1598 1696 1703
3182 6 2 1 1 1598 1696 1703 1599 1697 1704
3183 6 2 1 1 1599 1697 1704 1600 1698 1705
3184 6 2 1 1 1600 1698 1705 883 897 898
3185 6 2 1 1 238 253 254 1594 1699 1706
3186 6 2 1 1 1594 1699 1706 1595 1700 1707
3187 6 2 1 1 1595 1700 1707 1596 1701 1708
3188 6 2 1 1 1596 1701 1708 1597 1702 1709
3189 6 2 1 1 1597 1702 1709 1598 1703 1710
3190 6 2 1 1 1598 1703 1710 1599 1704 1711
3191 6 2 1 1 1599 1704 1711 1600 1705 1712
3192 6 2 1 1 1600 1705 1712 883 898 899
3193 6 2 1 1 254 239 238 1706 1601 1594
3194 6 2 1 1 1706 1601 1594 1707 1602 1595
3195 6 2 1 1 1707 1602 1595 1708 1603 1596
3196 6 2 1 1 1708 1603 1596 1709 1604 1597
3197 6 2 1 1 1709 1604 1597 1710 1605 1598
3198 6 2 1 1 1710 1605 1598 1711 1606 1599
3199 6 2 1 1 1711 1606 1599 1712 1607 1600
3200 6 2 1 1 1712 1607 1600 899 884 883
3201 6 2 1 1 239 254 240 1601 1706 1608
3202 6 2 1 1 1601 1706 1608 1602 1707 1609
3203 6 2 1 1 1602 1707 1609 1603 1708 1610
3204 6 2 1 1 1603 1708 1610 1604 1709 1611
3205 6 2 1 1 1604 1709 1611 1605 1710 1612
3206 6 2 1 1 1605 1710 1612 1606 1711 1613
3207 6 2 1 1 1606 1711 1613 1607 1712 1614
3208 6 2 1 1 1607 1712 1614 884 899 885
3209 6 2 1 1 240 254 255 1608 1706 1713
3210 6 2 1 1 1608 1706 1713 1609 1707 1714
3211 6 2 1 1 1609 1707 1714 1610 1708 1715
3212 6 2 1 1 1610 1708 1715 1611 1709 1716
3213 6 2 1 1 1611 1709 1716 1612 1710 1717
3214 6 2 1 1 1612 1710 1717 1613 1711 1718
3215 6 2 1 1 1613 1711 1718 1614 1712 1719
3216 6 2 1 1 1614 1712 1719 885 899 900
3217 6 2 1 1 240 255 256 1608 1713 1720
3218 6 2 1 1 1608 1713 1720 1609 1714 1721
3219 6 2 1 1 1609 1714 1721 1610 1715 1722
3220 6 2 1 1 1610 1715 1722 1611 1716 1723
3221 6 2 1 1 1611 1716 1723 1612 1717 1724
3222 6 2 1 1 1612 1717 1724 1613 1718 1725
3223 6 2 1 1 1613 1718 1725 1614 1719 1726
3224 6 2 1 1 1614 1719 1726 885 900 901
3225 6 2 1 1 256 241 240 1720 1615 1608
3226 6 2 1 1 1720 1615 1608 1721 1616 1609
3227 6 2 1 1 1721 1616 1609 1722 1617 1610
3228 6 2 1 1 1722 1617 1610 1723 1618 1611
3229 6 2 1 1 1723 1618 1611 1724 1619 1612
3230 6 2 1 1 1724 1619 1612 1725 1620 1613
3231 6 2 1 1 1725 1620 1613 1726 1621 1614
3232 6 2 1 1 1726 1621 1614 901 886 885
3233 6 2 1 1 241 256 242 1615 1720 1622
3234 6 2 1 1 1615 1720 1622 1616 1721 1623
3235 6 2 1 1 1616 1721 1623 1617 1722 1624
3236 6 2 1 1 1617 1722 1624 1618 1723 1625
3237 6 2 1 1 1618 1723 1625 1619 1724 1626
3238 6 2 1 1 1619 1724 1626 1620 1725 1627
3239 6 2 1 1 1620 1725 1627 1621 1726 1628
3240 6 2 1 1 1621 1726 1628 886 901 887
3241 6 2 1 1 242 256 257 1622 1720 1727
3242 6 2 1 1 1622 1720 1727 1623 1721 1728
3243 6 2 1 1 1623 1721 1728 1624 1722 1729
3244 6 2 1 1 1624 1722 1729 1625 1723 1730
3245 6 2 1 1 1625 1723 1730 1626 1724 1731
3246 6 2 1 1 1626 1724 1731 1627 1725 1732
3247 6 2 1 1 1627 1725 1732 1628 1726 1733
3248 6 2 1 1 1628 1726 1733 887 901 902
3249 6 2 1 1 242 257 258 1622 1727 1734
3250 6 2 1 1 1622 1727 1734 1623 1728 1735
3251 6 2 1 1 1623 1728 1735 1624 1729 1736
3252 6 2 1 1 1624 1729 1736 1625 1730 1737
3253 6 2 1 1 1625 1730 1737 1626 1731 1738
3254 6 2 1 1 1626 1731 1738 1627 1732 1739
3255 6 2 1 1 1627 1732 1739 1628 1733 1740
3256 6 2 1 1 1628 1733 1740 887 902 903
3257 6 2 1 1 258 243 242 1734 1629 1622
3258 6 2 1 1 1734 1629 1622 1735 1630 1623
3259 6 2 1 1 1735 1630 1623 1736 1631 1624
3260 6 2 1 1 1736 1631 1624 1737 1632 1625
3261 6 2 1 1 1737 1632 1625 1738 1633 1626
3262 6 2 1 1 1738 1633 1626 1739 1634 1627
3263 6 2 1 1 1739 1634 1627 1740 1635 1628
3264 6 2 1 1 1740 1635 1628 903 888 887
3265 6 2 1 1 243 258 244 1629 1734 1636
3266 6 2 1 1 1629 1734 1636 1630 1735 1637
3267 6 2 1 1 1630 1735 1637 1631 1736 1638
3268 6 2 1 1 1631 1736 1638 1632 1737 1639
3269 6 2 1 1 1632 1737 1639 1633 1738 1640
3270 6 2 1 1 1633 1738 1640 1634 1739 1641
3271 6 2 1 1 1634 1739 1641 1635 1740 1642
3272 6 2 1 1 1635 1740 1642 888 903 889
3273 6 2 1 1 244 258 259 1636 1734 1741
3274 6 2 1 1 1636 1734 1741 1637 1735 1742
3275 6 2 1 1 1637 1735 1742 1638 1736 1743
3276 6 2 1 1 1638 1736 1743 1639 1737 1744
3277 6 2 1 1 1639 1737 1744 1640 1738 1745
3278 6 2 1 1 1640 1738 1745 1641 1739 1746
3279 6 2 1 1 1641 1739 1746 1642 1740 1747
3280 6 2 1 1 1642 1740 1747 889 903 904
3281 6 2 1 1 244 259 260 1636 1741 1748
3282 6 2 1 1 1636 1741 1748 1637 1742 1749
3283 6 2 1 1 1637 1742 1749 1638 1743 1750
3284 6 2 1 1 1638 1743 1750 1639 1744 1751
3285 6 2 1 1 1639 1744 1751 1640 1745 1752
3286 6 2 1 1 1640 1745 1752 1641 1746 1753
3287 6 2 1 1 1641 1746 1753 1642 1747 1754
3288 6 2 1 1 1642 1747 1754 889 904 905
3289 6 2 1 1 260 245 244 1748 1643 1636
3290 6 2 1 1 1748 1643 1636 1749 1644 1637
3291 6 2 1 1 1749 1644 1637 1750 1645 1638
3292 6 2 1 1 1750 1645 1638 1751 1646 1639
3293 6 2 1 1 1751 1646 1639 1752 1647 1640
3294 6 2 1 1 1752 1647 1640 1753 1648 1641
3295 6 2 1 1 1753 1648 1641 1754 1649 1642
3296 6 2 1 1 1754 1649 1642 905 890 889
3297 6 2 1 1 245 260 246 1643 1748 1650
3298 6 2 1 1 1643 1748 1650 1644 1749 1651
3299 6 2 1 1 1644 1749 1651 1645 1750 1652
3300 6 2 1 1 1645 1750 1652 1646 1751 1653
3301 6 2 1 1 1646 1751 1653 1647 1752 1654
3302 6 2 1 1 1647 1752 1654 1648 1753 1655
3303 6 2 1 1 1648 1753 1655 1649 1754 1656
3304 6 2 1 1 1649 1754 1656 890 905 891
3305 6 2 1 1 246 260 261 1650 1748 1755
3306 6 2 1 1 1650 1748 1755 1651 1749 1756
3307 6 2 1 1 1651 1749 1756 1652 1750 1757
3308 6 2 1 1 1652 1750 1757 1653 1751 1758
3309 6 2 1 1 1653 1751 1758 1654 1752 1759
3310 6 2 1 1 1654 1752 1759 1655 1753 1760
3311 6 2 1 1 1655 1753 1760 1656 1754 1761
3312 6 2 1 1 1656 1754 1761 891 905 906
3313 6 2 1 1 246 261 47 1650 1755 648
3314 6 2 1 1 1650 1755 648 1651 1756 649
3315 6 2 1 1 1651 1756 649 1652 1757 650
3316 6 2 1 1 1652 1757 650 1653 1758 651
3317 6 2 1 1 1653 1758 651 1654 1759 652
3318 6 2 1 1 1654 1759 652 1655 1760 653
3319 6 2 1 1 1655 1760 653 1656 1761 654
3320 6 2 1 1 1656 1761 654 891 906 107
3321 6 2 1 1 47 48 246 648 655 1650
3322 6 2 1 1 648 655 1650 649 656 1651
3323 6 2 1 1 649 656 1651 650 657 1652
3324 6 2 1 1 650 657 1652 651 658 1653
3325 6 2 1 1 651 658 1653 652 659 1654
3326 6 2 1 1 652 659 1654 653 660 1655
3327 6 2 1 1 653 660 1655 654 661 1656
3328 6 2 1 1 654 661 1656 107 108 891
3329 6 2 1 1 15 16 262 424 431 1762
3330 6 2 1 1 424 431 1762 425 432 1763
3331 6 2 1 1 425 432 1763 426 433 1764
3332 6 2 1 1 426 433 1764 427 434 1765
3333 6 2 1 1 427 434 1765 428 435 1766
3334 6 2 1 1 428 435 1766 429 436 1767
3335 6 2 1 1 429 436 1767 430 437 1768
3336 6 2 1 1 430 437 1768 75 76 907
3337 6 2 1 1 262 247 15 1762 1657 424
3338 6 2 1 1 1762 1657 424 1763 1658 425
3339 6 2 1 1 1763 1658 425 1764 1659 426
3340 6 2 1 1 1764 1659 426 1765 1660 427
3341 6 2 1 1 1765 1660 427 1766 1661 428
3342 6 2 1 1 1766 1661 428 1767 1662 429
3343 6 2 1 1 1767 1662 429 1768 1663 430
3344 6 2 1 1 1768 1663 430 907 892 75
3345 6 2 1 1 247 262 248 1657 1762 1664
3346 6 2 1 1 1657 1762 1664 1658 1763 1665
3347 6 2 1 1 1658 1763 1665 1659 1764 1666
3348 6 2 1 1 1659 1764 1666 1660 1765 1667
3349 6 2 1 1 1660 1765 1667 1661 1766 1668
3350 6 2 1 1 1661 1766 1668 1662 1767 1669
3351 6 2 1 1 1662 1767 1669 1663 1768 1670
3352 6 2 1 1 1663 1768 1670 892 907 893
3353 6 2 1 1 248 262 263 1664 1762 1769
3354 6 2 1 1 1664 1762 1769 1665 1763 1770
3355 6 2 1 1 1665 1763 1770 1666 1764 1771
3356 6 2 1 1 1666 1764 1771 1667 1765 1772
3357 6 2 1 1 1667 1765 1772 1668 1766 1773
3358 6 2 1 1 1668 1766 1773 1669 1767 1774
3359 6 2 1 1 1669 1767 1774 1670 1768 1775
3360 6 2 1 1 1670 1768 1775 893 907 908
3361 6 2 1 1 248 263 264 1664 1769 1776
3362 6 2 1 1 1664 1769 1776 1665 1770 1777
3363 6 2 1 1 1665 1770 1777 1666 1771 1778
3364 6 2 1 1 1666 1771 1778 1667 1772 1779
3365 6 2 1 1 1667 1772 1779 1668 1773 1780
3366 6 2 1 1 1668 1773 1780 1669 1774 1781
3367 6 2 1 1 1669 1774 1781 1670 1775 1782
3368 6 2 1 1 1670 1775 1782 893 908 909
3369 6 2 1 1 264 249 248 1776 1671 1664
3370 6 2 1 1 1776 1671 1664 1777 1672 1665
3371 6 2 1 1 1777 1672 1665 1778 1673 1666
3372 6 2 1 1 1778 1673 1666 1779 1674 1667
3373 6 2 1 1 1779 1674 1667 1780 1675 1668
3374 6 2 1 1 1780 1675 1668 1781 1676 1669
3375 6 2 1 1 1781 1676 1669 1782 1677 1670
3376 6 2 1 1 1782 1677 1670 909 894 893
3377 6 2 1 1 249 264 250 1671 1776 1678
3378 6 2 1 1 1671 1776 1678 1672 1777 1679
3379 6 2 1 1 1672 1777 1679 1673 1778 1680
3380 6 2 1 1 1673 1778 1680 1674 1779 1681
3381 6 2 1 1 1674 1779 1681 1675 1780 1682
3382 6 2 1 1 1675 1780 1682 1676 1781 1683
3383 6 2 1 1 1676 1781 1683 1677 1782 1684
3384 6 2 1 1 1677 1782 1684 894 909 895
3385 6 2 1 1 250 264 265 1678 1776 1783
3386 6 2 1 1 1678 1776 1783 1679 1777 1784
3387 6 2 1 1 1679 1777 1784 1680 1778 1785
3388 6 2 1 1 1680 1778 1785 1681 1779 1786
3389 6 2 1 1 1681 1779 1786 1682 1780 1787
3390 6 2 1 1 1682 1780 1787 1683 1781 1788
3391 6 2 1 1 1683 1781 1788 1684 1782 1789
3392 6 2 1 1 1684 1782 1789 895 909 910
3393 6 2 1 1 250 265 266 1678 1783 1790
3394 6 2 1 1 1678 1783 1790 1679 1784 1791
3395 6 2 1 1 1679 1784 1791 1680 1785 1792
3396 6 2 1 1 1680 1785 1792 1681 1786 1793
3397 6 2 1 1 1681 1786 1793 1682 1787 1794
3398 6 2 1 1 1682 1787 1794 1683 1788 1795
3399 6 2 1 1 1683 1788 1795 1684 1789 1796
3400 6 2 1 1 1684 1789 1796 895 910 911
3401 6 2 1 1 266 251 250 1790 1685 1678
3402 6 2 1 1 1790 1685 1678 1791 1686 1679
3403 6 2 1 1 1791 1686 1679 1792 1687 1680
3404 6 2 1 1 1792 1687 1680 1793 1688 1681
3405 6 2 1 1 1793 1688 1681 1794 1689 1682
3406 6 2 1 1 1794 1689 1682 1795 1690 1683
3407 6 2 1 1 1795 1690 1683 1796 1691 1684
3408 6 2 1 1 1796 1691 1684 911 896 895
3409 6 2 1 1 251 266 252 1685 1790 1692
3410 6 2 1 1 1685 1790 1692 1686 1791 1693
3411 6 2 1 1 1686 1791 1693 1687 1792 1694
3412 6 2 1 1 1687 1792 1694 1688 1793 1695
3413 6 2 1 1 1688 1793 1695 1689 1794 1696
3414 6 2 1 1 1689 1794 1696 1690 1795 1697
3415 6 2 1 1 1690 1795 1697 1691 1796 1698
3416 6 2 1 1 1691 1796 1698 896 911 897
3417 6 2 1 1 252 266 267 1692 1790 1797
3418 6 2 1 1 1692 1790 1797 1693 1791 1798
3419 6 2 1 1 1693 1791 1798 1694 1792 1799
3420 6 2 1 1 1694 1792 1799 1695 1793 1800
3421 6 2 1 1 1695 1793 1800 1696 1794 1801
3422 6 2 1 1 1696 1794 1801 1697 1795 1802
3423 6 2 1 1 1697 1795 1802 1698 1796 1803
3424 6 2 1 1 1698 1796 1803 897 911 912
3425 6 2 1 1 252 267 268 1692 1797 1804
3426 6 2 1 1 1692 1797 1804 1693 1798 1805
3427 6 2 1 1 1693 1798 1805 1694 1799 1806
3428 6 2 1 1 1694 1799 1806 1695 1800 1807
3429 6 2 1 1 1695 1800 1807 1696 1801 1808
3430 6 2 1 1 1696 1801 1808 1697 1802 1809
3431 6 2 1 1 1697 1802 1809 1698 1803 1810
3432 6 2 1 1 1698 1803 1810 897 912 913
3433 6 2 1 1 268 253 252 1804 1699 1692
3434 6 2 1 1 1804 1699 1692 1805 1700 1693
3435 6 2 1 1 1805 1700 1693 1806 1701 1694
3436 6 2 1 1 1806 1701 1694 1807 1702 1695
3437 6 2 1 1 1807 1702 1695 1808 1703 1696
3438 6 2 1 1 1808 1703 1696 1809 1704 1697
3439 6 2 1 1 1809 1704 1697 1810 1705 1698
3440 6 2 1 1 1810 1705 1698 913 898 897
3441 6 2 1 1 253 268 254 1699 1804 1706
3442 6 2 1 1 1699 1804 1706 1700 1805 1707
3443 6 2 1 1 1700 1805 1707 1701 1806 1708
3444 6 2 1 1 1701 1806 1708 1702 1807 1709
3445 6 2 1 1 1702 1807 1709 1703 1808 1710
3446 6 2 1 1 1703 1808 1710 1704 1809 1711
3447 6 2 1 1 1704 1809 1711 1705 1810 1712
3448 6 2 1 1 1705 1810 1712 898 913 899
3449 6 2 1 1 254 268 269 1706 1804 1811
3450 6 2 1 1 1706 1804 1811 1707 1805 1812
3451 6 2 1 1 1707 1805 1812 1708 1806 1813
3452 6 2 1 1 1708 1806 1813 1709 1807 1814
3453 6 2 1 1 1709 1807 1814 1710 1808 1815
3454 6 2 1 1 1710 1808 1815 1711 1809 1816
3455 6 2 1 1 1711 1809 1816 1712 1810 1817
3456 6 2 1 1 1712 1810 1817 899 913 914
3457 6 2 1 1 254 269 270 1706 1811 1818
3458 6 2 1 1 1706 1811 1818 1707 1812 1819
3459 6 2 1 1 1707 1812 1819 1708 1813 1820
3460 6 2 1 1 1708 1813 1820 1709 1814 1821
3461 6 2 1 1 1709 1814 1821 1710 1815 1822
3462 6 2 1 1 1710 1815 1822 1711 1816 1823
3463 6 2 1 1 1711 1816 1823 1712 1817 1824
3464 6 2 1 1 1712 1817 1824 899 914 915
3465 6 2 1 1 270 255 254 1818 1713 1706
3466 6 2 1 1 1818 1713 1706 1819 1714 1707
3467 6 2 1 1 1819 1714 1707 1820 1715 1708
3468 6 2 1 1 1820 1715 1708 1821 1716 1709
3469 6 2 1 1 1821 1716 1709 1822 1717 1710
3470 6 2 1 1 1822 1717 1710 1823 1718 1711
3471 6 2 1 1 1823 1718 1711 1824 1719 1712
3472 6 2 1 1 1824 1719 1712 915 900 899
3473 6 2 1 1 255 270 256 1713 1818 1720
3474 6 2 1 1 1713 1818 1720 1714 1819 1721
3475 6 2 1 1 1714 1819 1721 1715 1820 1722
3476 6 2 1 1 1715 1820 1722 1716 1821 1723
3477 6 2 1 1 1716 1821 1723 1717 1822 1724
3478 6 2 1 1 1717 1822 1724 1718 1823 1725
3479 6 2 1 1 1718 1823 1725 1719 1824 1726
3480 6 2 1 1 1719 1824 1726 900 915 901
3481 6 2 1 1 256 270 271 1720 1818 1825
3482 6 2 1 1 1720 1818 1825 1721 1819 1826
3483 6 2 1 1 1721 1819 1826 1722 1820 1827
3484 6 2 1 1 1722 1820 1827 1723 1821 1828
3485 6 2 1 1 1723 1821 1828 1724 1822 1829
3486 6 2 1 1 1724 1822 1829 1725 1823 1830
3487 6 2 1 1 1725 1823 1830 1726 1824 1831
3488 6 2 1 1 1726 1824 1831 901 915 916
3489 6 2 1 1 256 271 272 1720 1825 1832
3490 6 2 1 1 1720 1825 1832 1721 1826 1833
3491 6 2 1 1 1721 1826 1833 1722 1827 1834
3492 6 2 1 1 1722 1827 1834 1723 1828 1835
3493 6 2 1 1 1723 1828 1835 1724 1829 1836
3494 6 2 1 1 1724 1829 1836 1725 1830 1837
3495 6 2 1 1 1725 1830 1837 1726 1831 1838
3496 6 2 1 1 1726 1831 1838 901 916 917
3497 6 2 1 1 272 257 256 1832 1727 1720
3498 6 2 1 1 1832 1727 1720 1833 1728 1721
3499 6 2 1 1 1833 1728 1721 1834 1729 1722
3500 6 2 1 1 1834 1729 1722 1835 1730 1723
3501 6 2 1 1 1835 1730 1723 1836 1731 1724
3502 6 2 1 1 1836 1731 1724 1837 1732 1725
3503 6 2 1 1 1837 1732 1725 1838 1733 1726
3504 6 2 1 1 1838 1733 1726 917 902 901
3505 6 2 1 1 257 272 258 1727 1832 1734
3506 6 2 1 1 1727 1832 1734 1728 1833 1735
3507 6 2 1 1 1728 1833 1735 1729 1834 1736
3508 6 2 1 1 1729 1834 1736 1730 1835 1737
3509 6 2 1 1 1730 1835 1737 1731 1836 1738
3510 6 2 1 1 1731 1836 1738 1732 1837 1739
3511 6 2 1 1 1732 1837 1739 1733 1838 1740
3512 6 2 1 1 1733 1838 1740 902 917 903
3513 6 2 1 1 258 272 273 1734 1832 1839
3514 6 2 1 1 1734 1832 1839 1735 1833 1840
3515 6 2 1 1 1735 1833 1840 1736 1834 1841
3516 6 2 1 1 1736 1834 1841 1737 1835 1842
3517 6 2 1 1 1737 1835 1842 1738 1836 1843
3518 6 2 1 1 1738 1836 1843 1739 1837 1844
3519 6 2 1 1 1739 1837 1844 1740 1838 1845
3520 6 2 1 1 1740 1838 1845 903 917 918
3521 6 2 1 1 258 273 274 1734 1839 1846
3522 6 2 1 1 1734 1839 1846 1735 1840 1847
3523 6 2 1 1 1735 1840 1847 1736 1841 1848
3524 6 2 1 1 1736 1841 1848 1737 1842 1849
3525 6 2 1 1 1737 1842 1849 1738 1843 1850
3526 6 2 1 1 1738 1843 1850 1739 1844 1851
3527 6 2 1 1 1739 1844 1851 1740 1845 1852
3528 6 2 1 1 1740 1845 1852 903 918 919
3529 6 2 1 1 274 259 258 1846 1741 1734
3530 6 2 1 1 1846 1741 1734 1847 1742 1735
3531 6 2 1 1 1847 1742 1735 1848 1743 1736
3532 6 2 1 1 1848 1743 1736 1849 1744 1737
3533 6 2 1 1 1849 1744 1737 1850 1745 1738
3534 6 2 1 1 1850 1745 1738 1851 1746 1739
3535 6 2 1 1 1851 1746 1739 1852 1747 1740
3536 6 2 1 1 1852 1747 1740 919 904 903
3537 6 2 1 1 259 274 260 1741 1846 1748
3538 6 2 1 1 1741 1846 1748 1742 1847 1749
3539 6 2 1 1 1742 1847 1749 1743 1848 1750
3540 6 2 1 1 1743 1848 1750 1744 1849 1751
3541 6 2 1 1 1744 1849 1751 1745 1850 1752
3542 6 2 1 1 1745 1850 1752 1746 1851 1753
3543 6 2 1 1 1746 1851 1753 1747 1852 1754
3544 6 2 1 1 1747 1852 1754 904 919 905
3545 6 2 1 1 260 274 275 1748 1846 1853
3546 6 2 1 1 1748 1846 1853 1749 1847 1854
3547 6 2 1 1 1749 1847 1854 1750 1848 1855
3548 6 2 1 1 1750 1848 1855 1751 1849 1856
3549 6 2 1 1 1751 1849 1856 1752 1850 1857
3550 6 2 1 1 1752 1850 1857 1753 1851 1858
3551 6 2 1 1 1753 1851 1858 1754 1852 1859
3552 6 2 1 1 1754 1852 1859 905 919 920
3553 6 2 1 1 260 275 276 1748 1853 1860
3554 6 2 1 1 1748 1853 1860 1749 1854 1861
3555 6 2 1 1 1749 1854 1861 1750 1855 1862
3556 6 2 1 1 1750 1855 1862 1751 1856 1863
3557 6 2 1 1 1751 1856 1863 1752 1857 1864
3558 6 2 1 1 1752 1857 1864 1753 1858 1865
3559 6 2 1 1 1753 1858 1865 1754 1859 1866
3560 6 2 1 1 1754 1859 1866 905 920 921
3561 6 2 1 1 276 261 260 1860 1755 1748
3562 6 2 1 1 1860 1755 1748 1861 1756 1749
3563 6 2 1 1 1861 1756 1749 1862 1757 1750
3564 6 2 1 1 1862 1757 1750 1863 1758 1751
3565 6 2 1 1 1863 1758 1751 1864 1759 1752
3566 6 2 1 1 1864 1759 1752 1865 1760 1753
3567 6 2 1 1 1865 1760 1753 1866 1761 1754
3568 6 2 1 1 1866 1761 1754 921 906 905
3569 6 2 1 1 261 276 47 1755 1860 648
3570 6 2 1 1 1755 1860 648 1756 1861 649
3571 6 2 1 1 1756 1861 649 1757 1862 650
3572 6 2 1 1 1757 1862 650 1758 1863 651
3573 6 2 1 1 1758 1863 651 1759 1864 652
3574 6 2 1 1 1759 1864 652 1760 1865 653
3575 6 2 1 1 1760 1865 653 1761 1866 654
3576 6 2 1 1 1761 1866 654 906 921 107
3577 6 2 1 1 47 276 46 648 1860 641
3578 6 2 1 1 648 1860 641 649 1861 642
3579 6 2 1 1 649 1861 642 650 1862 643
3580 6 2 1 1 650 1862 643 651 1863 644
3581 6 2 1 1 651 1863 644 652 1864 645
3582 6 2 1 1 652 1864 645 653 1865 646
3583 6 2 1 1 653 1865 646 654 1866 647
3584 6 2 1 1 654 1866 647 107 921 106
3585 6 2 1 1 16 17 262 431 438 1762
3586 6 2 1 1 431 438 1762 432 439 1763
3587 6 2 1 1 432 439 1763 433 440 1764
3588 6 2 1 1 433 440 1764 434 441 1765
3589 6 2 1 1 434 441 1765 435 442 1766
3590 6 2 1 1 435 442 1766 436 443 1767
3591 6 2 1 1 436 443 1767 437 444 1768
3592 6 2 1 1 437 444 1768 76 77 907
3593 6 2 1 1 262 17 277 1762 438 1867
3594 6 2 1 1 1762 438 1867 1763 439 1868
3595 6 2 1 1 1763 439 1868 1764 440 1869
3596 6 2 1 1 1764 440 1869 1765 441 1870
3597 6 2 1 1 1765 441 1870 1766 442 1871
3598 6 2 1 1 1766 442 1871 1767 443 1872
3599 6 2 1 1 1767 443 1872 1768 444 1873
3600 6 2 1 1 1768 444 1873 907 77 922
3601 6 2 1 1 262 277 278 1762 1867 1874
3602 6 2 1 1 1762 1867 1874 1763 1868 1875
3603 6 2 1 1 1763 1868 1875 1764 1869 1876
3604 6 2 1 1 1764 1869 1876 1765 1870 1877
3605 6 2 1 1 1765 1870 1877 1766 1871 1878
3606 6 2 1 1 1766 1871 1878 1767 1872 1879
3607 6 2 1 1 1767 1872 1879 1768 1873 1880
3608 6 2 1 1 1768 1873 1880 907 922 923
3609 6 2 1 1 278 263 262 1874 1769 1762
3610 6 2 1 1 1874 1769 1762 1875 1770 1763
3611 6 2 1 1 1875 1770 1763 1876 1771 1764
3612 6 2 1 1 1876 1771 1764 1877 1772 1765
3613 6 2 1 1 1877 1772 1765 1878 1773 1766
3614 6 2 1 1 1878 1773 1766 1879 1774 1767
3615 6 2 1 1 1879 1774 1767 1880 1775 1768
3616 6 2 1 1 1880 1775 1768 923 908 907
3617 6 2 1 1 263 278 264 1769 1874 1776
3618 6 2 1 1 1769 1874 1776 1770 1875 1777
3619 6 2 1 1 1770 1875 1777 1771 1876 1778
3620 6 2 1 1 1771 1876 1778 1772 1877 1779
3621 6 2 1 1 1772 1877 1779 1773 1878 1780
3622 6 2 1 1 1773 1878 1780 1774 1879 1781
3623 6 2 1 1 1774 1879 1781 1775 1880 1782
3624 6 2 1 1 1775 1880 1782 908 923 909
3625 6 2 1 1 264 278 279 1776 1874 1881
3626 6 2 1 1 1776 1874 1881 1777 1875 1882
3627 6 2 1 1 1777 1875 1882 1778 1876 1883
3628 6 2 1 1 1778 1876 1883 1779 1877 1884
3629 6 2 1 1 1779 1877 1884 1780 1878 1885
3630 6 2 1 1 1780 1878 1885 1781 1879 1886
3631 6 2 1 1 1781 1879 1886 1782 1880 1887
3632 6 2 1 1 1782 1880 1887 909 923 924
3633 6 2 1 1 264 279 280 1776 1881 1888
3634 6 2 1 1 1776 1881 1888 1777 1882 1889
3635 6 2 1 1 1777 1882 1889 1778 1883 1890
3636 6 2 1 1 1778 1883 1890 1779 1884 1891
3637 6 2 1 1 1779 1884 1891 1780 1885 1892
3638 6 2 1 1 1780 1885 1892 1781 1886 1893
3639 6 2 1 1 1781 1886 1893 1782 1887 1894
3640 6 2 1 1 1782 1887 1894 909 924 925
3641 6 2 1 1 280 265 264 1888 1783 1776
3642 6 2 1 1 1888 1783 1776 1889 1784 1777
3643 6 2 1 1 1889 1784 1777 1890 1785 1778
3644 6 2 1 1 1890 1785 1778 1891 1786 1779
3645 6 2 1 1 1891 1786 1779 1892 1787 1780
3646 6 2 1 1 1892 1787 1780 1893 1788 1781
3647 6 2 1 1 1893 1788 1781 1894 1789 1782
3648 6 2 1 1 1894 1789 1782 925 910 909
3649 6 2 1 1 265 280 266 1783 1888 1790
3650 6 2 1 1 1783 1888 1790 1784 1889 1791
3651 6 2 1 1 1784 1889 1791 1785 1890 1792
3652 6 2 1 1 1785 1890 1792 1786 1891 1793
3653 6 2 1 1 1786 1891 1793 1787 1892 1794
3654 6 2 1 1 1787 1892 1794 1788 1893 1795
3655 6 2 1 1 1788 1893 1795 1789 1894 1796
3656 6 2 1 1 1789 1894 1796 910 925 911
3657 6 2 1 1 266 280 281 1790 1888 1895
3658 6 2 1 1 1790 1888 1895 1791 1889 1896
3659 6 2 1 1 1791 1889 1896 1792 1890 1897
3660 6 2 1 1 1792 1890 1897 1793 1891 1898
3661 6 2 1 1 1793 1891 1898 1794 1892 1899
3662 6 2 1 1 1794 1892 1899 1795 1893 1900
3663 6 2 1 1 1795 1893 1900 1796 1894 1901
3664 6 2 1 1 1796 1894 1901 911 925 926
3665 6 2 1 1 266 281 282 1790 1895 1902
3666 6 2 1 1 1790 1895 1902 1791 1896 1903
3667 6 2 1 1 1791 1896 1903 1792 1897 1904
3668 6 2 1 1 1792 1897 1904 1793 1898 1905
3669 6 2 1 1 1793 1898 1905 1794 1899 1906
3670 6 2 1 1 1794 1899 1906 1795 1900 1907
3671 6 2 1 1 1795 1900 1907 1796 1901 1908
3672 6 2 1 1 1796 1901 1908 911 926 927
3673 6 2 1 1 282 267 266 1902 1797 1790
3674 6 2 1 1 1902 1797 1790 1903 1798 1791
3675 6 2 1 1 1903 1798 1791 1904 1799 1792
3676 6 2 1 1 1904 1799 1792 1905 1800 1793
3677 6 2 1 1 1905 1800 1793 1906 1801 1794
3678 6 2 1 1 1906 1801 1794 1907 1802 1795
3679 6 2 1 1 1907 1802 1795 1908 1803 1796
3680 6 2 1 1 1908 1803 1796 927 912 911
3681 6 2 1 1 267 282 268 1797 1902 1804
3682 6 2 1 1 1797 1902 1804 1798 1903 1805
3683 6 2 1 1 1798 1903 1805 1799 1904 1806
3684 6 2 1 1 1799 1904 1806 1800 1905 1807
3685 6 2 1 1 1800 1905 1807 1801 1906 1808
3686 6 2 1 1 1801 1906 1808 1802 1907 1809
3687 6 2 1 1 1802 1907 1809 1803 1908 1810
3688 6 2 1 1 1803 1908 1810 912 927 913
3689 6 2 1 1 268 282 283 1804 1902 1909
3690 6 2 1 1 1804 1902 1909 1805 1903 1910
3691 6 2 1 1 1805 1903 1910 1806 1904 1911
3692 6 2 1 1 1806 1904 1911 1807 1905 1912
3693 6 2 1 1 1807 1905 1912 1808 1906 1913
3694 6 2 1 1 1808 1906 1913 1809 1907 1914
3695 6 2 1 1 1809 1907 1914 1810 1908 1915
3696 6 2 1 1 1810 1908 1915 913 927 928
3697 6 2 1 1 268 283 284 1804 1909 1916
3698 6 2 1 1 1804 1909 1916 1805 1910 1917
3699 6 2 1 1 1805 1910 1917 1806 1911 1918
3700 6 2 1 1 1806 1911 1918 1807 1912 1919
3701 6 2 1 1 1807 1912 1919 1808 1913 1920
3702 6 2 1 1 1808 1913 1920 1809 1914 1921
3703 6 2 1 1 1809 1914 1921 1810 1915 1922
3704 6 2 1 1 1810 1915 1922 913 928 929
3705 6 2 1 1 284 269 268 1916 1811 1804
3706 6 2 1 1 1916 1811 1804 1917 1812 1805
3707 6 2 1 1 1917 1812 1805 1918 1813 1806
3708 6 2 1 1 1918 1813 1806 1919 1814 1807
3709 6 2 1 1 1919 1814 1807 1920 1815 1808
3710 6 2 1 1 1920 1815 1808 1921 1816 1809
3711 6 2 1 1 1921 1816 1809 1922 1817 1810
3712 6 2 1 1 1922 1817 1810 929 914 913
3713 6 2 1 1 269 284 270 1811 1916 1818
3714 6 2 1 1 1811 1916 1818 1812 1917 1819
3715 6 2 1 1 1812 1917 1819 1813 1918 1820
3716 6 2 1 1 1813 1918 1820 1814 1919 1821
3717 6 2 1 1 1814 1919 1821 1815 1920 1822
3718 6 2 1 1 1815 1920 1822 1816 1921 1823
3719 6 2 1 1 1816 1921 1823 1817 1922 1824
3720 6 2 1 1 1817 1922 1824 914 929 915
3721 6 2 1 1 270 284 285 1818 1916 1923
3722 6 2 1 1 1818 1916 1923 1819 1917 1924
3723 6 2 1 1 1819 1917 1924 1820 1918 1925
3724 6 2 1 1 1820 1918 1925 1821 1919 1926
3725 6 2 1 1 1821 1919 1926 1822 1920 1927
3726 6 2 1 1 1822 1920 1927 1823 1921 1928
3727 6 2 1 1 1823 1921 1928 1824 1922 1929
3728 6 2 1 1 1824 1922 1929 915 929 930
3729 6 2 1 1 270 285 286 1818 1923 1930
3730 6 2 1 1 1818 1923 1930 1819 1924 1931
3731 6 2 1 1 1819 1924 1931 1820 1925 1932
3732 6 2 1 1 1820 1925 1932 1821 1926 1933
3733 6 2 1 1 1821 1926 1933 1822 1927 1934
3734 6 2 1 1 1822 1927 1934 1823 1928 1935
3735 6 2 1 1 1823 1928 1935 1824 1929 1936
3736 6 2 1 1 1824 1929 1936 915 930 931
3737 6 2 1 1 286 271 270 1930 1825 1818
3738 6 2 1 1 1930 1825 1818 1931 1826 1819
3739 6 2 1 1 1931 1826 1819 1932 1827 1820
3740 6 2 1 1 1932 1827 1820 1933 1828 1821
3741 6 2 1 1 1933 1828 1821 1934 1829 1822
3742 6 2 1 1 1934 1829 1822 1935 1830 1823
3743 6 2 1 1 1935 1830 1823 1936 1831 1824
3744 6 2 1 1 1936 1831 1824 931 916 915
3745 6 2 1 1 271 286 272 1825 1930 1832
3746 6 2 1 1 1825 1930 1832 1826 1931 1833
3747 6 2 1 1 1826 1931 1833 1827 1932 1834
3748 6 2 1 1 1827 1932 1834 1828 1933 1835
3749 6 2 1 1 1828 1933 1835 1829 1934 1836
3750 6 2 1 1 1829 1934 1836 1830 1935 1837
3751 6 2 1 1 1830 1935 1837 1831 1936 1838
3752 6 2 1 1 1831 1936 1838 916 931 917
3753 6 2 1 1 272 286 287 1832 1930 1937
3754 6 2 1 1 1832 1930 1937 1833 1931 1938
3755 6 2 1 1 1833 1931 1938 1834 1932 1939
3756 6 2 1 1 1834 1932 1939 1835 1933 1940
3757 6 2 1 1 1835 1933 1940 1836 1934 1941
3758 6 2 1 1 1836 1934 1941 1837 1935 1942
3759 6 2 1 1 1837 1935 1942 1838 1936 1943
3760 6 2 1 1 1838 1936 1943 917 931 932
3761 6 2 1 1 272 287 288 1832 1937 1944
3762 6 2 1 1 1832 1937 1944 1833 1938 1945
3763 6 2 1 1 1833 1938 1945 1834 1939 1946
3764 6 2 1 1 1834 1939 1946 1835 1940 1947
3765 6 2 1 1 1835 1940 1947 1836 1941 1948
3766 6 2 1 1 1836 1941 1948 1837 1942 1949
3767 6 2 1 1 1837 1942 1949 1838 1943 1950
3768 6 2 1 1 1838 1943 1950 917 932 933
3769 6 2 1 1 288 273 272 1944 1839 1832
3770 6 2 1 1 1944 1839 1832 1945 1840 1833
3771 6 2 1 1 1945 1840 1833 1946 1841 1834
3772 6 2 1 1 1946 1841 1834 1947 1842 1835
3773 6 2 1 1 1947 1842 1835 1948 1843 1836
3774 6 2 1 1 1948 1843 1836 1949 1844 1837
3775 6 2 1 1 1949 1844 1837 1950 1845 1838
3776 6 2 1 1 1950 1845 1838 933 918 917
3777 6 2 1 1 273 288 274 1839 1944 1846
3778 6 2 1 1 1839 1944 1846 1840 1945 1847
3779 6 2 1 1 1840 1945 1847 1841 1946 1848
3780 6 2 1 1 1841 1946 1848 1842 1947 1849
3781 6 2 1 1 1842 1947 1849 1843 1948 1850
3782 6 2 1 1 1843 1948 1850 1844 1949 1851
3783 6 2 1 1 1844 1949 1851 1845 1950 1852
3784 6 2 1 1 1845 1950 1852 918 933 919
3785 6 2 1 1 274 288 289 1846 1944 1951
3786 6 2 1 1 1846 1944 1951 1847 1945 1952
3787 6 2 1 1 1847 1945 1952 1848 1946 1953
3788 6 2 1 1 1848 1946 1953 1849 1947 1954
3789 6 2 1 1 1849 1947 1954 1850 1948 1955
3790 6 2 1 1 1850 1948 1955 1851 1949 1956
3791 6 2 1 1 1851 1949 1956 1852 1950 1957
3792 6 2 1 1 1852 1950 1957 919 933 934
3793 6 2 1 1 274 289 290 1846 1951 1958
3794 6 2 1 1 1846 1951 1958 1847 1952 1959
3795 6 2 1 1 1847 1952 1959 1848 1953 1960
3796 6 2 1 1 1848 1953 1960 1849 1954 1961
3797 6 2 1 1 1849 1954 1961 1850 1955 1962
3798 6 2 1 1 1850 1955 1962 1851 1956 1963
3799 6 2 1 1 1851 1956 1963 1852 1957 1964
3800 6 2 1 1 1852 1957 1964 919 934 935
3801 6 2 1 1 290 275 274 1958 1853 1846
3802 6 2 1 1 1958 1853 1846 1959 1854 1847
3803 6 2 1 1 1959 1854 1847 1960 1855 1848
3804 6 2 1 1 1960 1855 1848 1961 1856 1849
3805 6 2 1 1 1961 1856 1849 1962 1857 1850
3806 6 2 1 1 1962 1857 1850 1963 1858 1851
3807 6 2 1 1 1963 1858 1851 1964 1859 1852
3808 6 2 1 1 1964 1859 1852 935 920 919
3809 6 2 1 1 275 290 276 1853 1958 1860
3810 6 2 1 1 1853 1958 1860 1854 1959 1861
3811 6 2 1 1 1854 1959 1861 1855 1960 1862
3812 6 2 1 1 1855 1960 1862 1856 1961 1863
3813 6 2 1 1 1856 1961 1863 1857 1962 1864
3814 6 2 1 1 1857 1962 1864 1858 1963 1865
3815 6 2 1 1 1858 1963 1865 1859 1964 1866
3816 6 2 1 1 1859 1964 1866 920 935 921
3817 6 2 1 1 276 290 291 1860 1958 1965
3818 6 2 1 1 1860 1958 1965 1861 1959 1966
3819 6 2 1 1 1861 1959 1966 1862 1960 1967
3820 6 2 1 1 1862 1960 1967 1863 1961 1968
3821 6 2 1 1 1863 1961 1968 1864 1962 1969
3822 6 2 1 1 1864 1962 1969 1865 1963 1970
3823 6 2 1 1 1865 1963 1970 1866 1964 1971
3824 6 2 1 1 1866 1964 1971 921 935 936
3825 6 2 1 1 276 291 45 1860 1965 634
3826 6 2 1 1 1860 1965 634 1861 1966 635
3827 6 2 1 1 1861 1966 635 1862 1967 636
3828 6 2 1 1 1862 1967 636 1863 1968 637
3829 6 2 1 1 1863 1968 637 1864 1969 638
3830 6 2 1 1 1864 1969 638 1865 1970 639
3831 6 2 1 1 1865 1970 639 1866 1971 640
3832 6 2 1 1 1866 1971 640 921 936 105
3833 6 2 1 1 45 46 276 634 641 1860
3834 6 2 1 1 634 641 1860 635 642 1861
3835 6 2 1 1 635 642 1861 636 643 1862
3836 6 2 1 1 636 643 1862 637 644 1863
3837 6 2 1 1 637 644 1863 638 645 1864
3838 6 2 1 1 638 645 1864 639 646 1865
3839 6 2 1 1 639 646 1865 640 647 1866
3840 6 2 1 1 640 647 1866 105 106 921
3841 6 2 1 1 17 18 292 438 445 1972
3842 6 2 1 1 438 445 1972 439 446 1973
3843 6 2 1 1 439 446 1973 440 447 1974
3844 6 2 1 1 440 447 1974 441 448 1975
3845 6 2 1 1 441 448 1975 442 449 1976
3846 6 2 1 1 442 449 1976 443 450 1977
3847 6 2 1 1 443 450 1977 444 451 1978
3848 6 2 1 1 444 451 1978 77 78 937
3849 6 2 1 1 292 277 17 1972 1867 438
3850 6 2 1 1 1972 1867 438 1973 1868 439
3851 6 2 1 1 1973 1868 439 1974 1869 440
3852 6 2 1 1 1974 1869 440 1975 1870 441
3853 6 2 1 1 1975 1870 441 1976 1871 442
3854 6 2 1 1 1976 1871 442 1977 1872 443
3855 6 2 1 1 1977 1872 443 1978 1873 444
3856 6 2 1 1 1978 1873 444 937 922 77
3857 6 2 1 1 277 292 278 1867 1972 1874
3858 6 2 1 1 1867 1972 1874 1868 1973 1875
3859 6 2 1 1 1868 1973 1875 1869 1974 1876
3860 6 2 1 1 1869 1974 1876 1870 1975 1877
3861 6 2 1 1 1870 1975 1877 1871 1976 1878
3862 6 2 1 1 1871 1976 1878 1872 1977 1879
3863 6 2 1 1 1872 1977 1879 1873 1978 1880
3864 6 2 1 1 1873 1978 1880 922 937 923
3865 6 2 1 1 278 292 293 1874 1972 1979
3866 6 2 1 1 1874 1972 1979 1875 1973 1980
3867 6 2 1 1 1875 1973 1980 1876 1974 1981
3868 6 2 1 1 1876 1974 1981 1877 1975 1982
3869 6 2 1 1 1877 1975 1982 1878 1976 1983
3870 6 2 1 1 1878 1976 1983 1879 1977 1984
3871 6 2 1 1 1879 1977 1984 1880 1978 1985
3872 6 2 1 1 1880 1978 1985 923 937 938
3873 6 2 1 1 278 293 294 1874 1979 1986
3874 6 2 1 1 1874 1979 1986 1875 1980 1987
3875 6 2 1 1 1875 1980 1987 1876 1981 1988
3876 6 2 1 1 1876 1981 1988 1877 1982 1989
3877 6 2 1 1 1877 1982 1989 1878 1983 1990
3878 6 2 1 1 1878 1983 1990 1879 1984 1991
3879 6 2 1 1 1879 1984 1991 1880 1985 1992
3880 6 2 1 1 1880 1985 1992 923 938 939
3881 6 2 1 1 294 279 278 1986 1881 1874
3882 6 2 1 1 1986 1881 1874 1987 1882 1875
3883 6 2 1 1 1987 1882 1875 1988 1883 1876
3884 6 2 1 1 1988 1883 1876 1989 1884 1877
3885 6 2 1 1 1989 1884 1877 1990 1885 1878
3886 6 2 1 1 1990 1885 1878 1991 1886 1879
3887 6 2 1 1 1991 1886 1879 1992 1887 1880
3888 6 2 1 1 1992 1887 1880 939 924 923
3889 6 2 1 1 279 294 280 1881 1986 1888
3890 6 2 1 1 1881 1986 1888 1882 1987 1889
3891 6 2 1 1 1882 1987 1889 1883 1988 1890
3892 6 2 1 1 1883 1988 1890 1884 1989 1891
3893 6 2 1 1 1884 1989 1891 1885 1990 1892
3894 6 2 1 1 1885 1990 1892 1886 1991 1893
3895 6 2 1 1 1886 1991 1893 1887 1992 1894
3896 6 2 1 1 1887 1992 1894 924 939 925
3897 6 2 1 1 280 294 295 1888 1986 1993
3898 6 2 1 1 1888 1986 1993 1889 1987 1994
3899 6 2 1 1 1889 1987 1994 1890 1988 1995
3900 6 2 1 1 1890 1988 1995 1891 1989 1996
3901 6 2 1 1 1891 1989 1996 1892 1990 1997
3902 6 2 1 1 1892 1990 1997 1893 1991 1998
3903 6 2 1 1 1893 1991 1998 1894 1992 1999
3904 6 2 1 1 1894 1992 1999 925 939 940
3905 6 2 1 1 280 295 296 1888 1993 2000
3906 6 2 1 1 1888 1993 2000 1889 1994 2001
3907 6 2 1 1 1889 1994 2001 1890 1995 2002
3908 6 2 1 1 1890 1995 2002 1891 1996 2003
3909 6 2 1 1 1891 1996 2003 1892 1997 2004
3910 6 2 1 1 1892 1997 2004 1893 1998 2005
3911 6 2 1 1 1893 1998 2005 1894 1999 2006
3912 6 2 1 1 1894 1999 2006 925 940 941
3913 6 2 1 1 296 281 280 2000 1895 1888
3914 6 2 1 1 2000 1895 1888 2001 1896 1889
3915 6 2 1 1 2001 1896 1889 2002 1897 1890
3916 6 2 1 1 2002 1897 1890 2003 1898 1891
3917 6 2 1 1 2003 1898 1891 2004 1899 1892
3918 6 2 1 1 2004 1899 1892 2005 1900 1893
3919 6 2 1 1 2005 1900 1893 2006 1901 1894
3920 6 2 1 1 2006 1901 1894 941 926 925
3921 6 2 1 1 281 296 282 1895 2000 1902
3922 6 2 1 1 1895 2000 1902 1896 2001 1903
3923 6 2 1 1 1896 2001 1903 1897 2002 1904
3924 6 2 1 1 1897 2002 1904 1898 2003 1905
3925 6 2 1 1 1898 2003 1905 1899 2004 1906
3926 6 2 1 1 1899 2004 1906 1900 2005 1907
3927 6 2 1 1 1900 2005 1907 1901 2006 1908
3928 6 2 1 1 1901 2006 1908 926 941 927
3929 6 2 1 1 282 296 297 1902 2000 2007
3930 6 2 1 1 1902 2000 2007 1903 2001 2008
3931 6 2 1 1 1903 2001 2008 1904 2002 2009
3932 6 2 1 1 1904 2002 2009 1905 2003 2010
3933 6 2 1 1 1905 2003 2010 1906 2004 2011
3934 6 2 1 1 1906 2004 2011 1907 2005 2012
3935 6 2 1 1 1907 2005 2012 1908 2006 2013
3936 6 2 1 1 1908 2006 2013 927 941 942
3937 6 2 1 1 282 297 298 1902 2007 2014
3938 6 2 1 1 1902 2007 2014 1903 2008 2015
3939 6 2 1 1 1903 2008 2015 1904 2009 2016
3940 6 2 1 1 1904 2009 2016 1905 2010 2017
3941 6 2 1 1 1905 2010 2017 1906 2011 2018
3942 6 2 1 1 1906 2011 2018 1907 2012 2019
3943 6 2 1 1 1907 2012 2019 1908 2013 2020
3944 6 2 1 1 1908 2013 2020 927 942 943
3945 6 2 1 1 298 283 282 2014 1909 1902
3946 6 2 1 1 2014 1909 1902 2015 1910 1903
3947 6 2 1 1 2015 1910 1903 2016 1911 1904
3948 6 2 1 1 2016 1911 1904 2017 1912 1905
3949 6 2 1 1 2017 1912 1905 2018 1913 1906
3950 6 2 1 1 2018 1913 1906 2019 1914 1907
3951 6 2 1 1 2019 1914 1907 2020 1915 1908
3952 6 2 1 1 2020 1915 1908 943 928 927
3953 6 2 1 1 283 298 284 1909 2014 1916
3954 6 2 1 1 1909 2014 1916 1910 2015 1917
3955 6 2 1 1 1910 2015 1917 1911 2016 1918
3956 6 2 1 1 1911 2016 1918 1912 2017 1919
3957 6 2 1 1 1912 2017 1919 1913 2018 1920
3958 6 2 1 1 1913 2018 1920 1914 2019 1921
3959 6 2 1 1 1914 2019 1921 1915 2020 1922
3960 6 2 1 1 1915 2020 1922 928 943 929
3961 6 2 1 1 284 298 299 1916 2014 2021
3962 6 2 1 1 1916 2014 2021 1917 2015 2022
3963 6 2 1 1 1917 2015 2022 1918 2016 2023
3964 6 2 1 1 1918 2016 2023 1919 2017 2024
3965 6 2 1 1 1919 2017 2024 1920 2018 2025
3966 6 2 1 1 1920 2018 2025 1921 2019 2026
3967 6 2 1 1 1921 2019 2026 1922 2020 2027
3968 6 2 1 1 1922 2020 2027 929 943 944
3969 6 2 1 1 284 299 300 1916 2021 2028
3970 6 2 1 1 1916 2021 2028 1917 2022 2029
3971 6 2 1 1 1917 2022 2029 1918 2023 2030
3972 6 2 1 1 1918 2023 2030 1919 2024 2031
3973 6 2 1 1 1919 2024 2031 1920 2025 2032
3974 6 2 1 1 1920 2025 2032 1921 2026 2033
3975 6 2 1 1 1921 2026 2033 1922 2027 2034
3976 6 2 1 1 1922 2027 2034 929 944 945
3977 6 2 1 1 300 285 284 2028 1923 1916
3978 6 2 1 1 2028 1923 1916 2029 1924 1917
3979 6 2 1 1 2029 1924 1917 2030 1925 1918
3980 6 2 1 1 2030 1925 1918 2031 1926 1919
3981 6 2 1 1 2031 1926 1919 2032 1927 1920
3982 6 2 1 1 2032 1927 1920 2033 1928 1921
3983 6 2 1 1 2033 1928 1921 2034 1929 1922
3984 6 2 1 1 2034 1929 1922 945 930 929
3985 6 2 1 1 285 300 286 1923 2028 1930
3986 6 2 1 1 1923 2028 1930 1924 2029 1931
3987 6 2 1 1 1924 2029 1931 1925 2030 1932
3988 6 2 1 1 1925 2030 1932 1926 2031 1933
3989 6 2 1 1 1926 2031 1933 1927 2032 1934
3990 6 2 1 1 1927 2032 1934 1928 2033 1935
3991 6 2 1 1 1928 2033 1935 1929 2034 1936
3992 6 2 1 1 1929 2034 1936 930 945 931
3993 6 2 1 1 286 300 301 1930 2028 2035
3994 6 2 1 1 1930 2028 2035 1931 2029 2036
3995 6 2 1 1 1931 2029 2036 1932 2030 2037
3996 6 2 1 1 1932 2030 2037 1933 2031 2038
3997 6 2 1 1 1933 2031 2038 1934 2032 2039
3998 6 2 1 1 1934 2032 2039 1935 2033 2040
3999 6 2 1 1 1935 2033 2040 1936 2034 2041
4000 6 2 1 1 1936 2034 2041 931 945 946
4001 6 2 1 1 286 301 302 1930 2035 2042
4002 6 2 1 1 1930 2035 2042 1931 2036 2043
4003 6 2 1 1 1931 2036 2043 1932 2037 2044
4004 6 2 1 1 1932 2037 2044 1933 2038 2045
4005 6 2 1 1 1933 2038 2045 1934 2039 2046
4006 6 2 1 1 1934 2039 2046 1935 2040 2047
4007 6 2 1 1 1935 2040 2047 1936 2041 2048
4008 6 2 1 1 1936 2041 2048 931 946 947
4009 6 2 1 1 302 287 286 2042 1937 1930
4010 6 2 1 1 2042 1937 1930 2043 1938 1931
4011 6 2 1 1 2043 1938 1931 2044 1939 1932
4012 6 2 1 1 2044 1939 1932 2045 1940 1933
4013 6 2 1 1 2045 1940 1933 2046 1941 1934
4014 6 2 1 1 2046 1941 1934 2047 1942 1935
4015 6 2 1 1 2047 1942 1935 2048 1943 1936
4016 6 2 1 1 2048 1943 1936 947 932 931
4017 6 2 1 1 287 302 288 1937 2042 1944
4018 6 2 1 1 1937 2042 1944 1938 2043 1945
4019 6 2 1 1 1938 2043 1945 1939 2044 1946
4020 6 2 1 1 1939 2044 1946 1940 2045 1947
4021 6 2 1 1 1940 2045 1947 1941 2046 1948
4022 6 2 1 1 1941 2046 1948 1942 2047 1949
4023 6 2 1 1 1942 2047 1949 1943 2048 1950
4024 6 2 1 1 1943 2048 1950 932 947 933
4025 6 2 1 1 288 302 303 1944 2042 2049
4026 6 2 1 1 1944 2042 2049 1945 2043 2050
4027 6 2 1 1 1945 2043 2050 1946 2044 2051
4028 6 2 1 1 1946 2044 2051 1947 2045 2052
4029 6 2 1 1 1947 2045 2052 1948 2046 2053
4030 6 2 1 1 1948 2046 2053 1949 2047 2054
4031 6 2 1 1 1949 2047 2054 1950 2048 2055
4032 6 2 1 1 1950 2048 2055 933 947 948
4033 6 2 1 1 288 303 304 1944 2049 2056
4034 6 2 1 1 1944 2049 2056 1945 2050 2057
4035 6 2 1 1 1945 2050 2057 1946 2051 2058
4036 6 2 1 1 1946 2051 2058 1947 2052 2059
4037 6 2 1 1 1947 2052 2059 1948 2053 2060
4038 6 2 1 1 1948 2053 2060 1949 2054 2061
4039 6 2 1 1 1949 2054 2061 1950 2055 2062
4040 6 2 1 1 1950 2055 2062 933 948 949
4041 6 2 1 1 304 289 288 2056 1951 1944
4042 6 2 1 1 2056 1951 1944 2057 1952 1945
4043 6 2 1 1 2057 1952 1945 2058 1953 1946
4044 6 2 1 1 2058 1953 1946 2059 1954 1947
4045 6 2 1 1 2059 1954 1947 2060 1955 1948
4046 6 2 1 1 2060 1955 1948 2061 1956 1949
4047 6 2 1 1 2061 1956 1949 2062 1957 1950
4048 6 2 1 1 2062 1957 1950 949 934 933
4049 6 2 1 1 289 304 290 1951 2056 1958
4050 6 2 1 1 1951 2056 1958 1952 2057 1959
4051 6 2 1 1 1952 2057 1959 1953 2058 1960
4052 6 2 1 1 1953 2058 1960 1954 2059 1961
4053 6 2 1 1 1954 2059 1961 1955 2060 1962
4054 6 2 1 1 1955 2060 1962 1956 2061 1963
4055 6 2 1 1 1956 2061 1963 1957 2062 1964
4056 6 2 1 1 1957 2062 1964 934 949 935
4057 6 2 1 1 290 304 305 1958 2056 2063
4058 6 2 1 1 1958 2056 2063 1959 2057 2064
4059 6 2 1 1 1959 2057 2064 1960 2058 2065
4060 6 2 1 1 1960 2058 2065 1961 2059 2066
4061 6 2 1 1 1961 2059 2066 1962 2060 2067
4062 6 2 1 1 1962 2060 2067 1963 2061 2068
4063 6 2 1 1 1963 2061 2068 1964 2062 2069
4064 6 2 1 1 1964 2062 2069 935 949 950
4065 6 2 1 1 290 305 306 1958 2063 2070
4066 6 2 1 1 1958 2063 2070 1959 2064 2071
4067 6 2 1 1 1959 2064 2071 1960 2065 2072
4068 6 2 1 1 1960 2065 2072 1961 2066 2073
4069 6 2 1 1 1961 2066 2073 1962 2067 2074
4070 6 2 1 1 1962 2067 2074 1963 2068 2075
4071 6 2 1 1 1963 2068 2075 1964 2069 2076
4072 6 2 1 1 1964 2069 2076 935 950 951
4073 6 2 1 1 306 291 290 2070 1965 1958
4074 6 2 1 1 2070 1965 1958 2071 1966 1959
4075 6 2 1 1 2071 1966 1959 2072 1967 1960
4076 6 2 1 1 2072 1967 1960 2073 1968 1961
4077 6 2 1 1 2073 1968 1961 2074 1969 1962
4078 6 2 1 1 2074 1969 1962 2075 1970 1963
4079 6 2 1 1 2075 1970 1963 2076 1971 1964
4080 6 2 1 1 2076 1971 1964 951 936 935
4081 6 2 1 1 291 306 45 1965 2070 634
4082 6 2 1 1 1965 2070 634 1966 2071 635
4083 6 2 1 1 1966 2071 635 1967 2072 636
4084 6 2 1 1 1967 2072 636 1968 2073 637
4085 6 2 1 1 1968 2073 637 1969 2074 638
4086 6 2 1 1 1969 2074 638 1970 2075 639
4087 6 2 1 1 1970 2075 639 1971 2076 640
4088 6 2 1 1 1971 2076 640 936 951 105
4089 6 2 1 1 45 306 44 634 2070 627
4090 6 2 1 1 634 2070 627 635 2071 628
4091 6 2 1 1 635 2071 628 636 2072 629
4092 6 2 1 1 636 2072 629 637 2073 630
4093 6 2 1 1 637 2073 630 638 2074 631
4094 6 2 1 1 638 2074 631 639 2075 632
4095 6 2 1 1 639 2075 632 640 2076 633
4096 6 2 1 1 640 2076 633 105 951 104
4097 6 2 1 1 18 19 292 445 452 1972
4098 6 2 1 1 445 452 1972 446 453 1973
4099 6 2 1 1 446 453 1973 447 454 1974
4100 6 2 1 1 447 454 1974 448 455 1975
4101 6 2 1 1 448 455 1975 449 456 1976
4102 6 2 1 1 449 456 1976 450 457 1977
4103 6 2 1 1 450 457 1977 451 458 1978
4104 6 2 1 1 451 458 1978 78 79 937
4105 6 2 1 1 292 19 307 1972 452 2077
4106 6 2 1 1 1972 452 2077 1973 453 2078
4107 6 2 1 1 1973 453 2078 1974 454 2079
4108 6 2 1 1 1974 454 2079 1975 455 2080
4109 6 2 1 1 1975 455 2080 1976 456 2081
4110 6 2 1 1 1976 456 2081 1977 457 2082
4111 6 2 1 1 1977 457 2082 1978 458 2083
4112 6 2 1 1 1978 458 2083 937 79 952
4113 6 2 1 1 292 307 308 1972 2077 2084
4114 6 2 1 1 1972 2077 2084 1973 2078 2085
4115 6 2 1 1 1973 2078 2085 1974 2079 2086
4116 6 2 1 1 1974 2079 2086 1975 2080 2087
4117 6 2 1 1 1975 2080 2087 1976 2081 2088
4118 6 2 1 1 1976 2081 2088 1977 2082 2089
4119 6 2 1 1 1977 2082 2089 1978 2083 2090
4120 6 2 1 1 1978 2083 2090 937 952 953
4121 6 2 1 1 308 293 292 2084 1979 1972
4122 6 2 1 1 2084 1979 1972 2085 1980 1973
4123 6 2 1 1 2085 1980 1973 2086 1981 1974
4124 6 2 1 1 2086 1981 1974 2087 1982 1975
4125 6 2 1 1 2087 1982 1975 2088 1983 1976
4126 6 2 1 1 2088 1983 1976 2089 1984 1977
4127 6 2 1 1 2089 1984 1977 2090 1985 1978
4128 6 2 1 1 2090 1985 1978 953 938 937
4129 6 2 1 1 293 308 294 1979 2084 1986
4130 6 2 1 1 1979 2084 1986 1980 2085 1987
4131 6 2 1 1 1980 2085 1987 1981 2086 1988
4132 6 2 1 1 1981 2086 1988 1982 2087 1989
4133 6 2 1 1 1982 2087 1989 1983 2088 1990
4134 6 2 1 1 1983 2088 1990 1984 2089 1991
4135 6 2 1 1 1984 2089 1991 1985 2090 1992
4136 6 2 1 1 1985 2090 1992 938 953 939
4137 6 2 1 1 294 308 309 1986 2084 2091
4138 6 2 1 1 1986 2084 2091 1987 2085 2092
4139 6 2 1 1 1987 2085 2092 1988 2086 2093
4140 6 2 1 1 1988 2086 2093 1989 2087 2094
4141 6 2 1 1 1989 2087 2094 1990 2088 2095
4142 6 2 1 1 1990 2088 2095 1991 2089 2096
4143 6 2 1 1 1991 2089 2096 1992 2090 2097
4144 6 2 1 1 1992 2090 2097 939 953 954
4145 6 2 1 1 294 309 310 1986 2091 2098
4146 6 2 1 1 1986 2091 2098 1987 2092 2099
4147 6 2 1 1 1987 2092 2099 1988 2093 2100
4148 6 2 1 1 1988 2093 2100 1989 2094 2101
4149 6 2 1 1 1989 2094 2101 1990 2095 2102
4150 6 2 1 1 1990 2095 2102 1991 2096 2103
4151 6 2 1 1 1991 2096 2103 1992 2097 2104
4152 6 2 1 1 1992 2097 2104 939 954 955
4153 6 2 1 1 310 295 294 2098 1993 1986
4154 6 2 1 1 2098 1993 1986 2099 1994 1987
4155 6 2 1 1 2099 1994 1987 2100 1995 1988
4156 6 2 1 1 2100 1995 1988 2101 1996 1989
4157 6 2 1 1 2101 1996 1989 2102 1997 1990
4158 6 2 1 1 2102 1997 1990 2103 1998 1991
4159 6 2 1 1 2103 1998 1991 2104 1999 1992
4160 6 2 1 1 2104 1999 1992 955 940 939
4161 6 2 1 1 295 310 296 1993 2098 2000
4162 6 2 1 1 1993 2098 2000 1994 2099 2001
4163 6 2 1 1 1994 2099 2001 1995 2100 2002
4164 6 2 1 1 1995 2100 2002 1996 2101 2003
4165 6 2 1 1 1996 2101 2003 1997 2102 2004
4166 6 2 1 1 1997 2102 2004 1998 2103 2005
4167 6 2 1 1 1998 2103 2005 1999 2104 2006
4168 6 2 1 1 1999 2104 2006 940 955 941
4169 6 2 1 1 296 310 311 2000 2098 2105
4170 6 2 1 1 2000 2098 2105 2001 2099 2106
4171 6 2 1 1 2001 2099 2106 2002 2100 2107
4172 6 2 1 1 2002 2100 2107 2003 2101 2108
4173 6 2 1 1 2003 2101 2108 2004 2102 2109
4174 6 2 1 1 2004 2102 2109 2005 2103 2110
4175 6 2 1 1 2005 2103 2110 2006 2104 2111
4176 6 2 1 1 2006 2104 2111 941 955 956
4177 6 2 1 1 296 311 312 2000 2105 2112
4178 6 2 1 1 2000 2105 2112 2001 2106 2113
4179 6 2 1 1 2001 2106 2113 2002 2107 2114
4180 6 2 1 1 2002 2107 2114 2003 2108 2115
4181 6 2 1 1 2003 2108 2115 2004 2109 2116
4182 6 2 1 1 2004 2109 2116 2005 2110 2117
4183 6 2 1 1 2005 2110 2117 2006 2111 2118
4184 6 2 1 1 2006 2111 2118 941 956 957
4185 6 2 1 1 312 297 296 2112 2007 2000
4186 6 2 1 1 2112 2007 2000 2113 2008 2001
4187 6 2 1 1 2113 2008 2001 2114 2009 2002
4188 6 2 1 1 2114 2009 2002 2115 2010 2003
4189 6 2 1 1 2115 2010 2003 2116 2011 2004
4190 6 2 1 1 2116 2011 2004 2117 2012 2005
4191 6 2 1 1 2117 2012 2005 2118 2013 2006
4192 6 2 1 1 2118 2013 2006 957 942 941
4193 6 2 1 1 297 312 298 2007 2112 2014
4194 6 2 1 1 2007 2112 2014 2008 2113 2015
4195 6 2 1 1 2008 2113 2015 2009 2114 2016
4196 6 2 1 1 2009 2114 2016 2010 2115 2017
4197 6 2 1 1 2010 2115 2017 2011 2116 2018
4198 6 2 1 1 2011 2116 2018 2012 2117 2019
4199 6 2 1 1 2012 2117 2019 2013 2118 2020
4200 6 2 1 1 2013 2118 2020 942 957 943
4201 6 2 1 1 298 312 313 2014 2112 2119
4202 6 2 1 1 2014 2112 2119 2015 2113 2120
4203 6 2 1 1 2015 2113 2120 2016 2114 2121
4204 6 2 1 1 2016 2114 2121 2017 2115 2122
4205 6 2 1 1 2017 2115 2122 2018 2116 2123
4206 6 2 1 1 2018 2116 2123 2019 2117 2124
4207 6 2 1 1 2019 2117 2124 2020 2118 2125
4208 6 2 1 1 2020 2118 2125 943 957 958
4209 6 2 1 1 298 313 314 2014 2119 2126
4210 6 2 1 1 2014 2119 2126 2015 2120 2127
4211 6 2 1 1 2015 2120 2127 2016 2121 2128
4212 6 2 1 1 2016 2121 2128 2017 2122 2129
4213 6 2 1 1 2017 2122 2129 2018 2123 2130
4214 6 2 1 1 2018 2123 2130 2019 2124 2131
4215 6 2 1 1 2019 2124 2131 2020 2125 2132
4216 6 2 1 1 2020 2125 2132 943 958 959
4217 6 2 1 1 314 299 298 2126 2021 2014
4218 6 2 1 1 2126 2021 2014 2127 2022 2015
4219 6 2 1 1 2127 2022 2015 2128 2023 2016
4220 6 2 1 1 2128 2023 2016 2129 2024 2017
4221 6 2 1 1 2129 2024 2017 2130 2025 2018
4222 6 2 1 1 2130 2025 2018 2131 2026 2019
4223 6 2 1 1 2131 2026 2019 2132 2027 2020
4224 6 2 1 1 2132 2027 2020 959 944 943
4225 6 2 1 1 299 314 300 2021 2126 2028
4226 6 2 1 1 2021 2126 2028 2022 2127 2029
4227 6 2 1 1 2022 2127 2029 2023 2128 2030
4228 6 2 1 1 2023 2128 2030 2024 2129 2031
4229 6 2 1 1 2024 2129 2031 2025 2130 2032
4230 6 2 1 1 2025 2130 2032 2026 2131 2033
4231 6 2 1 1 2026 2131 2033 2027 2132 2034
4232 6 2 1 1 2027 2132 2034 944 959 945
4233 6 2 1 1 300 314 315 2028 2126 2133
4234 6 2 1 1 2028 2126 2133 2029 2127 2134
4235 6 2 1 1 2029 2127 2134 2030 2128 2135
4236 6 2 1 1 2030 2128 2135 2031 2129 2136
4237 6 2 1 1 2031 2129 2136 2032 2130 2137
4238 6 2 1 1 2032 2130 2137 2033 2131 2138
4239 6 2 1 1 2033 2131 2138 2034 2132 2139
4240 6 2 1 1 2034 2132 2139 945 959 960
4241 6 2 1 1 300 315 316 2028 2133 2140
4242 6 2 1 1 2028 2133 2140 2029 2134 2141
4243 6 2 1 1 2029 2134 2141 2030 2135 2142
4244 6 2 1 1 2030 2135 2142 2031 2136 2143
4245 6 2 1 1 2031 2136 2143 2032 2137 2144
4246 6 2 1 1 2032 2137 2144 2033 2138 2145
4247 6 2 1 1 2033 2138 2145 2034 2139 2146
4248 6 2 1 1 2034 2139 2146 945 960 961
4249 6 2 1 1 316 301 300 2140 2035 2028
4250 6 2 1 1 2140 2035 2028 2141 2036 2029
4251 6 2 1 1 2141 2036 2029 2142 2037 2030
4252 6 2 1 1 2142 2037 2030 2143 2038 2031
4253 6 2 1 1 2143 2038 2031 2144 2039 2032
4254 6 2 1 1 2144 2039 2032 2145 2040 2033
4255 6 2 1 1 2145 2040 2033 2146 2041 2034
4256 6 2 1 1 2146 2041 2034 961 946 945
4257 6 2 1 1 301 316 302 2035 2140 2042
4258 6 2 1 1 2035 2140 2042 2036 2141 2043
4259 6 2 1 1 2036 2141 2043 2037 2142 2044
4260 6 2 1 1 2037 2142 2044 2038 2143 2045
4261 6 2 1 1 2038 2143 2045 2039 2144 2046
4262 6 2 1 1 2039 2144 2046 2040 2145 2047
4263 6 2 1 1 2040 2145 2047 2041 2146 2048
4264 6 2 1 1 2041 2146 2048 946 961 947
4265 6 2 1 1 302 316 317 2042 2140 2147
4266 6 2 1 1 2042 2140 2147 2043 2141 2148
4267 6 2 1 1 2043 2141 2148 2044 2142 2149
4268 6 2 1 1 2044 2142 2149 2045 2143 2150
4269 6 2 1 1 2045 2143 2150 2046 2144 2151
4270 6 2 1 1 2046 2144 2151 2047 2145 2152
4271 6 2 1 1 2047 2145 2152 2048 2146 2153
4272 6 2 1 1 2048 2146 2153 947 961 962
4273 6 2 1 1 302 317 318 2042 2147 2154
4274 6 2 1 1 2042 2147 2154 2043 2148 2155
4275 6 2 1 1 2043 2148 2155 2044 2149 2156
4276 6 2 1 1 2044 2149 2156 2045 2150 2157
4277 6 2 1 1 2045 2150 2157 2046 2151 2158
4278 6 2 1 1 2046 2151 2158 2047 2152 2159
4279 6 2 1 1 2047 2152 2159 2048 2153 2160
4280 6 2 1 1 2048 2153 2160 947 962 963
4281 6 2 1 1 318 303 302 2154 2049 2042
4282 6 2 1 1 2154 2049 2042 2155 2050 2043
4283 6 2 1 1 2155 2050 2043 2156 2051 2044
4284 6 2 1 1 2156 2051 2044 2157 2052 2045
4285 6 2 1 1 2157 2052 2045 2158 2053 2046
4286 6 2 1 1 2158 2053 2046 2159 2054 2047
4287 6 2 1 1 2159 2054 2047 2160 2055 2048
4288 6 2 1 1 2160 2055 2048 963 948 947
4289 6 2 1 1 303 318 304 2049 2154 2056
4290 6 2 1 1 2049 2154 2056 2050 2155 2057
4291 6 2 1 1 2050 2155 2057 2051 2156 2058
4292 6 2 1 1 2051 2156 2058 2052 2157 2059
4293 6 2 1 1 2052 2157 2059 2053 2158 2060
4294 6 2 1 1 2053 2158 2060 2054 2159 2061
4295 6 2 1 1 2054 2159 2061 2055 2160 2062
4296 6 2 1 1 2055 2160 2062 948 963 949
4297 6 2 1 1 304 318 319 2056 2154 2161
4298 6 2 1 1 2056 2154 2161 2057 2155 2162
4299 6 2 1 1 2057 2155 2162 2058 2156 2163
4300 6 2 1 1 2058 2156 2163 2059 2157 2164
4301 6 2 1 1 2059 2157 2164 2060 2158 2165
4302 6 2 1 1 2060 2158 2165 2061 2159 2166
4303 6 2 1 1 2061 2159 2166 2062 2160 2167
4304 6 2 1 1 2062 2160 2167 949 963 964
4305 6 2 1 1 304 319 320 2056 2161 2168
4306 6 2 1 1 2056 2161 2168 2057 2162 2169
4307 6 2 1 1 2057 2162 2169 2058 2163 2170
4308 6 2 1 1 2058 2163 2170 2059 2164 2171
4309 6 2 1 1 2059 2164 2171 2060 2165 2172
4310 6 2 1 1 2060 2165 2172 2061 2166 2173
4311 6 2 1 1 2061 2166 2173 2062 2167 2174
4312 6 2 1 1 2062 2167 2174 949 964 965
4313 6 2 1 1 320 305 304 2168 2063 2056
4314 6 2 1 1 2168 2063 2056 2169 2064 2057
4315 6 2 1 1 2169 2064 2057 2170 2065 2058
4316 6 2 1 1 2170 2065 2058 2171 2066 2059
4317 6 2 1 1 2171 2066 2059 2172 2067 2060
4318 6 2 1 1 2172 2067 2060 2173 2068 2061
4319 6 2 1 1 2173 2068 2061 2174 2069 2062
4320 6 2 1 1 2174 2069 2062 965 950 949
4321 6 2 1 1 305 320 306 2063 2168 2070
4322 6 2 1 1 2063 2168 2070 2064 2169 2071
4323 6 2 1 1 2064 2169 2071 2065 2170 2072
4324 6 2 1 1 2065 2170 2072 2066 2171 2073
4325 6 2 1 1 2066 2171 2073 2067 2172 2074
4326 6 2 1 1 2067 2172 2074 2068 2173 2075
4327 6 2 1 1 2068 2173 2075 2069 2174 2076
4328 6 2 1 1 2069 2174 2076 950 965 951
4329 6 2 1 1 306 320 321 2070 2168 2175
4330 6 2 1 1 2070 2168 2175 2071 2169 2176
4331 6 2 1 1 2071 2169 2176 2072 2170 2177
4332 6 2 1 1 2072 2170 2177 2073 2171 2178
4333 6 2 1 1 2073 2171 2178 2074 2172 2179
4334 6 2 1 1 2074 2172 2179 2075 2173 2180
4335 6 2 1 1 2075 2173 2180 2076 2174 2181
4336 6 2 1 1 2076 2174 2181 951 965 966
4337 6 2 1 1 306 321 43 2070 2175 620
4338 6 2 1 1 2070 2175 620 2071 2176 621
4339 6 2 1 1 2071 2176 621 2072 2177 622
4340 6 2 1 1 2072 2177 622 2073 2178 623
4341 6 2 1 1 2073 2178 623 2074 2179 624
4342 6 2 1 1 2074 2179 624 2075 2180 625
4343 6 2 1 1 2075 2180 625 2076 2181 626
4344 6 2 1 1 2076 2181 626 951 966 103
4345 6 2 1 1 43 44 306 620 627 2070
4346 6 2 1 1 620 627 2070 621 628 2071
4347 6 2 1 1 621 628 2071 622 629 2072
4348 6 2 1 1 622 629 2072 623 630 2073
4349 6 2 1 1 623 630 2073 624 631 2074
4350 6 2 1 1 624 631 2074 625 632 2075
4351 6 2 1 1 625 632 2075 626 633 2076
4352 6 2 1 1 626 633 2076 103 104 951
4353 6 2 1 1 19 20 322 452 459 2182
4354 6 2 1 1 452 459 2182 453 460 2183
4355 6 2 1 1 453 460 2183 454 461 2184
4356 6 2 1 1 454 461 2184 455 462 2185
4357 6 2 1 1 455 462 2185 456 463 2186
4358 6 2 1 1 456 463 2186 457 464 2187
4359 6 2 1 1 457 464 2187 458 465 2188
4360 6 2 1 1 458 465 2188 79 80 967
4361 6 2 1 1 322 307 19 2182 2077 452
4362 6 2 1 1 2182 2077 452 2183 2078 453
4363 6 2 1 1 2183 2078 453 2184 2079 454
4364 6 2 1 1 2184 2079 454 2185 2080 455
4365 6 2 1 1 2185 2080 455 2186 2081 456
4366 6 2 1 1 2186 2081 456 2187 2082 457
4367 6 2 1 1 2187 2082 457 2188 2083 458
4368 6 2 1 1 2188 2083 458 967 952 79
4369 6 2 1 1 307 322 308 2077 2182 2084
4370 6 2 1 1 2077 2182 2084 2078 2183 2085
4371 6 2 1 1 2078 2183 2085 2079 2184 2086
4372 6 2 1 1 2079 2184 2086 2080 2185 2087
4373 6 2 1 1 2080 2185 2087 2081 2186 2088
4374 6 2 1 1 2081 2186 2088 2082 2187 2089
4375 6 2 1 1 2082 2187 2089 2083 2188 2090
4376 6 2 1 1 2083 2188 2090 952 967 953
4377 6 2 1 1 308 322 323 2084 2182 2189
4378 6 2 1 1 2084 2182 2189 2085 2183 2190
4379 6 2 1 1 2085 2183 2190 2086 2184 2191
4380 6 2 1 1 2086 2184 2191 2087 2185 2192
4381 6 2 1 1 2087 2185 2192 2088 2186 2193
4382 6 2 1 1 2088 2186 2193 2089 2187 2194
4383 6 2 1 1 2089 2187 2194 2090 2188 2195
4384 6 2 1 1 2090 2188 2195 953 967 968
4385 6 2 1 1 308 323 324 2084 2189 2196
4386 6 2 1 1 2084 2189 2196 2085 2190 2197
4387 6 2 1 1 2085 2190 2197 2086 2191 2198
4388 6 2 1 1 2086 2191 2198 2087 2192 2199
4389 6 2 1 1 2087 2192 2199 2088 2193 2200
4390 6 2 1 1 2088 2193 2200 2089 2194 2201
4391 6 2 1 1 2089 2194 2201 2090 2195 2202
4392 6 2 1 1 2090 2195 2202 953 968 969
4393 6 2 1 1 324 309 308 2196 2091 2084
4394 6 2 1 1 2196 2091 2084 2197 2092 2085
4395 6 2 1 1 2197 2092 2085 2198 2093 2086
4396 6 2 1 1 2198 2093 2086 2199 2094 2087
4397 6 2 1 1 2199 2094 2087 2200 2095 2088
4398 6 2 1 1 2200 2095 2088 2201 2096 2089
4399 6 2 1 1 2201 2096 2089 2202 2097 2090
4400 6 2 1 1 2202 2097 2090 969 954 953
4401 6 2 1 1 309 324 310 2091 2196 2098
4402 6 2 1 1 2091 2196 2098 2092 2197 2099
4403 6 2 1 1 2092 2197 2099 2093 2198 2100
4404 6 2 1 1 2093 2198 2100 2094 2199 2101
4405 6 2 1 1 2094 2199 2101 2095 2200 2102
4406 6 2 1 1 2095 2200 2102 2096 2201 2103
4407 6 2 1 1 2096 2201 2103 2097 2202 2104
4408 6 2 1 1 2097 2202 2104 954 969 955
4409 6 2 1 1 310 324 325 2098 2196 2203
4410 6 2 1 1 2098 2196 2203 2099 2197 2204
4411 6 2 1 1 2099 2197 2204 2100 2198 2205
4412 6 2 1 1 2100 2198 2205 2101 2199 2206
4413 6 2 1 1 2101 2199 2206 2102 2200 2207
4414 6 2 1 1 2102 2200 2207 2103 2201 2208
4415 6 2 1 1 2103 2201 2208 2104 2202 2209
4416 6 2 1 1 2104 2202 2209 955 969 970
4417 6 2 1 1 310 325 326 2098 2203 2210
4418 6 2 1 1 2098 2203 2210 2099 2204 2211
4419 6 2 1 1 2099 2204 2211 2100 2205 2212
4420 6 2 1 1 2100 2205 2212 2101 2206 2213
4421 6 2 1 1 2101 2206 2213 2102 2207 2214
4422 6 2 1 1 2102 2207 2214 2103 2208 2215
4423 6 2 1 1 2103 2208 2215 2104 2209 2216
4424 6 2 1 1 2104 2209 2216 955 970 971
4425 6 2 1 1 326 311 310 2210 2105 2098
4426 6 2 1 1 2210 2105 2098 2211 2106 2099
4427 6 2 1 1 2211 2106 2099 2212 2107 2100
4428 6 2 1 1 2212 2107 2100 2213 2108 2101
4429 6 2 1 1 2213 2108 2101 2214 2109 2102
4430 6 2 1 1 2214 2109 2102 2215 2110 2103
4431 6 2 1 1 2215 2110 2103 2216 2111 2104
4432 6 2 1 1 2216 2111 2104 971 956 955
4433 6 2 1 1 311 326 312 2105 2210 2112
4434 6 2 1 1 2105 2210 2112 2106 2211 2113
4435 6 2 1 1 2106 2211 2113 2107 2212 2114
4436 6 2 1 1 2107 2212 2114 2108 2213 2115
4437 6 2 1 1 2108 2213 2115 2109 2214 2116
4438 6 2 1 1 2109 2214 2116 2110 2215 2117
4439 6 2 1 1 2110 2215 2117 2111 2216 2118
4440 6 2 1 1 2111 2216 2118 956 971 957
4441 6 2 1 1 312 326 327 2112 2210 2217
4442 6 2 1 1 2112 2210 2217 2113 2211 2218
4443 6 2 1 1 2113 2211 2218 2114 2212 2219
4444 6 2 1 1 2114 2212 2219 2115 2213 2220
4445 6 2 1 1 2115 2213 2220 2116 2214 2221
4446 6 2 1 1 2116 2214 2221 2117 2215 2222
4447 6 2 1 1 2117 2215 2222 2118 2216 2223
4448 6 2 1 1 2118 2216 2223 957 971 972
4449 6 2 1 1 312 327 328 2112 2217 2224
4450 6 2 1 1 2112 2217 2224 2113 2218 2225
4451 6 2 1 1 2113 2218 2225 2114 2219 2226
4452 6 2 1 1 2114 2219 2226 2115 2220 2227
4453 6 2 1 1 2115 2220 2227 2116 2221 2228
4454 6 2 1 1 2116 2221 2228 2117 2222 2229
4455 6 2 1 1 2117 2222 2229 2118 2223 2230
4456 6 2 1 1 2118 2223 2230 957 972 973
4457 6 2 1 1 328 313 312 2224 2119 2112
4458 6 2 1 1 2224 2119 2112 2225 2120 2113
4459 6 2 1 1 2225 2120 2113 2226 2121 2114
4460 6 2 1 1 2226 2121 2114 2227 2122 2115
4461 6 2 1 1 2227 2122 2115 2228 2123 2116
4462 6 2 1 1 2228 2123 2116 2229 2124 2117
4463 6 2 1 1 2229 2124 2117 2230 2125 2118
4464 6 2 1 1 2230 2125 2118 973 958 957
4465 6 2 1 1 313 328 314 2119 2224 2126
4466 6 2 1 1 2119 2224 2126 2120 2225 2127
4467 6 2 1 1 2120 2225 2127 2121 2226 2128
4468 6 2 1 1 2121 2226 2128 2122 2227 2129
4469 6 2 1 1 2122 2227 2129 2123 2228 2130
4470 6 2 1 1 2123 2228 2130 2124 2229 2131
4471 6 2 1 1 2124 2229 2131 2125 2230 2132
4472 6 2 1 1 2125 2230 2132 958 973 959
4473 6 2 1 1 314 328 329 2126 2224 2231
4474 6 2 1 1 2126 2224 2231 2127 2225 2232
4475 6 2 1 1 2127 2225 2232 2128 2226 2233
4476 6 2 1 1 2128 2226 2233 2129 2227 2234
4477 6 2 1 1 2129 2227 2234 2130 2228 2235
4478 6 2 1 1 2130 2228 2235 2131 2229 2236
4479 6 2 1 1 2131 2229 2236 2132 2230 2237
4480 6 2 1 1 2132 2230 2237 959 973 974
4481 6 2 1 1 314 329 330 2126 2231 2238
4482 6 2 1 1 2126 2231 2238 2127 2232 2239
4483 6 2 1 1 2127 2232 2239 2128 2233 2240
4484 6 2 1 1 2128 2233 2240 2129 2234 2241
4485 6 2 1 1 2129 2234 2241 2130 2235 2242
4486 6 2 1 1 2130 2235 2242 2131 2236 2243
4487 6 2 1 1 2131 2236 2243 2132 2237 2244
4488 6 2 1 1 2132 2237 2244 959 974 975
4489 6 2 1 1 330 315 314 2238 2133 2126
4490 6 2 1 1 2238 2133 2126 2239 2134 2127
4491 6 2 1 1 2239 2134 2127 2240 2135 2128
4492 6 2 1 1 2240 2135 2128 2241 2136 2129
4493 6 2 1 1 2241 2136 2129 2242 2137 2130
4494 6 2 1 1 2242 2137 2130 2243 2138 2131
4495 6 2 1 1 2243 2138 2131 2244 2139 2132
4496 6 2 1 1 2244 2139 2132 975 960 959
4497 6 2 1 1 315 330 316 2133 2238 2140
4498 6 2 1 1 2133 2238 2140 2134 2239 2141
4499 6 2 1 1 2134 2239 2141 2135 2240 2142
4500 6 2 1 1 2135 2240 2142 2136 2241 2143
4501 6 2 1 1 2136 2241 2143 2137 2242 2144
4502 6 2 1 1 2137 2242 2144 2138 2243 2145
4503 6 2 1 1 2138 2243 2145 2139 2244 2146
4504 6 2 1 1 2139 2244 2146 960 975 961
4505 6 2 1 1 316 330 331 2140 2238 2245
4506 6 2 1 1 2140 2238 2245 2141 2239 2246
4507 6 2 1 1 2141 2239 2246 2142 2240 2247
4508 6 2 1 1 2142 2240 2247 2143 2241 2248
4509 6 2 1 1 2143 2241 2248 2144 2242 2249
4510 6 2 1 1 2144 2242 2249 2145 2243 2250
4511 6 2 1 1 2145 2243 2250 2146 2244 2251
4512 6 2 1 1 2146 2244 2251 961 975 976
4513 6 2 1 1 316 331 332 2140 2245 2252
4514 6 2 1 1 2140 2245 2252 2141 2246 2253
4515 6 2 1 1 2141 2246 2253 2142 2247 2254
4516 6 2 1 1 2142 2247 2254 2143 2248 2255
4517 6 2 1 1 2143 2248 2255 2144 2249 2256
4518 6 2 1 1 2144 2249 2256 2145 2250 2257
4519 6 2 1 1 2145 2250 2257 2146 2251 2258
4520 6 2 1 1 2146 2251 2258 961 976 977
4521 6 2 1 1 332 317 316 2252 2147 2140
4522 6 2 1 1 2252 2147 2140 2253 2148 2141
4523 6 2 1 1 2253 2148 2141 2254 2149 2142
4524 6 2 1 1 2254 2149 2142 2255 2150 2143
4525 6 2 1 1 2255 2150 2143 2256 2151 2144
4526 6 2 1 1 2256 2151 2144 2257 2152 2145
4527 6 2 1 1 2257 2152 2145 2258 2153 2146
4528 6 2 1 1 2258 2153 2146 977 962 961
4529 6 2 1 1 317 332 318 2147 2252 2154
4530 6 2 1 1 2147 2252 2154 2148 2253 2155
4531 6 2 1 1 2148 2253 2155 2149 2254 2156
4532 6 2 1 1 2149 2254 2156 2150 2255 2157
4533 6 2 1 1 2150 2255 2157 2151 2256 2158
4534 6 2 1 1 2151 2256 2158 2152 2257 2159
4535 6 2 1 1 2152 2257 2159 2153 2258 2160
4536 6 2 1 1 2153 2258 2160 962 977 963
4537 6 2 1 1 318 332 333 2154 2252 2259
4538 6 2 1 1 2154 2252 2259 2155 2253 2260
4539 6 2 1 1 2155 2253 2260 2156 2254 2261
4540 6 2 1 1 2156 2254 2261 2157 2255 2262
4541 6 2 1 1 2157 2255 2262 2158 2256 2263
4542 6 2 1 1 2158 2256 2263 2159 2257 2264
4543 6 2 1 1 2159 2257 2264 2160 2258 2265
4544 6 2 1 1 2160 2258 2265 963 977 978
4545 6 2 1 1 318 333 334 2154 2259 2266
4546 6 2 1 1 2154 2259 2266 2155 2260 2267
4547 6 2 1 1 2155 2260 2267 2156 2261 2268
4548 6 2 1 1 2156 2261 2268 2157 2262 2269
4549 6 2 1 1 2157 2262 2269 2158 2263 2270
4550 6 2 1 1 2158 2263 2270 2159 2264 2271
4551 6 2 1 1 2159 2264 2271 2160 2265 2272
4552 6 2 1 1 2160 2265 2272 963 978 979
4553 6 2 1 1 334 319 318 2266 2161 2154
4554 6 2 1 1 2266 2161 2154 2267 2162 2155
4555 6 2 1 1 2267 2162 2155 2268 2163 2156
4556 6 2 1 1 2268 2163 2156 2269 2164 2157
4557 6 2 1 1 2269 2164 2157 2270 2165 2158
4558 6 2 1 1 2270 2165 2158 2271 2166 2159
4559 6 2 1 1 2271 2166 2159 2272 2167 2160
4560 6 2 1 1 2272 2167 2160 979 964 963
4561 6 2 1 1 319 334 320 2161 2266 2168
4562 6 2 1 1 2161 2266 2168 2162 2267 2169
4563 6 2 1 1 2162 2267 2169 2163 2268 2170
4564 6 2 1 1 2163 2268 2170 2164 2269 2171
4565 6 2 1 1 2164 2269 2171 2165 2270 2172
4566 6 2 1 1 2165 2270 2172 2166 2271 2173
4567 6 2 1 1 2166 2271 2173 2167 2272 2174
4568 6 2 1 1 2167 2272 2174 964 979 965
4569 6 2 1 1 320 334 335 2168 2266 2273
4570 6 2 1 1 2168 2266 2273 2169 2267 2274
4571 6 2 1 1 2169 2267 2274 2170 2268 2275
4572 6 2 1 1 2170 2268 2275 2171 2269 2276
4573 6 2 1 1 2171 2269 2276 2172 2270 2277
4574 6 2 1 1 2172 2270 2277 2173 2271 2278
4575 6 2 1 1 2173 2271 2278 2174 2272 2279
4576 6 2 1 1 2174 2272 2279 965 979 980
4577 6 2 1 1 320 335 336 2168 2273 2280
4578 6 2 1 1 2168 2273 2280 2169 2274 2281
4579 6 2 1 1 2169 2274 2281 2170 2275 2282
4580 6 2 1 1 2170 2275 2282 2171 2276 2283
4581 6 2 1 1 2171 2276 2283 2172 2277 2284
4582 6 2 1 1 2172 2277 2284 2173 2278 2285
4583 6 2 1 1 2173 2278 2285 2174 2279 2286
4584 6 2 1 1 2174 2279 2286 965 980 981
4585 6 2 1 1 336 321 320 2280 2175 2168
4586 6 2 1 1 2280 2175 2168 2281 2176 2169
4587 6 2 1 1 2281 2176 2169 2282 2177 2170
4588 6 2 1 1 2282 2177 2170 2283 2178 2171
4589 6 2 1 1 2283 2178 2171 2284 2179 2172
4590 6 2 1 1 2284 2179 2172 2285 2180 2173
4591 6 2 1 1 2285 2180 2173 2286 2181 2174
4592 6 2 1 1 2286 2181 2174 981 966 965
4593 6 2 1 1 321 336 43 2175 2280 620
4594 6 2 1 1 2175 2280 620 2176 2281 621
4595 6 2 1 1 2176 2281 621 2177 2282 622
4596 6 2 1 1 2177 2282 622 2178 2283 623
4597 6 2 1 1 2178 2283 623 2179 2284 624
4598 6 2 1 1 2179 2284 624 2180 2285 625
4599 6 2 1 1 2180 2285 625 2181 2286 626
4600 6 2 1 1 2181 2286 626 966 981 103
4601 6 2 1 1 43 336 42 620 2280 613
4602 6 2 1 1 620 2280 613 621 2281 614
4603 6 2 1 1 621 2281 614 622 2282 615
4604 6 2 1 1 622 2282 615 623 2283 616
4605 6 2 1 1 623 2283 616 624 2284 617
4606 6 2 1 1 624 2284 617 625 2285 618
4607 6 2 1 1 625 2285 618 626 2286 619
4608 6 2 1 1 626 2286 619 103 981 102
4609 6 2 1 1 20 21 322 459 466 2182
4610 6 2 1 1 459 466 2182 460 467 2183
4611 6 2 1 1 460 467 2183 461 468 2184
4612 6 2 1 1 461 468 2184 462 469 2185
4613 6 2 1 1 462 469 2185 463 470 2186
4614 6 2 1 1 463 470 2186 464 471 2187
4615 6 2 1 1 464 471 2187 465 472 2188
4616 6 2 1 1 465 472 2188 80 81 967
4617 6 2 1 1 322 21 337 2182 466 2287
4618 6 2 1 1 2182 466 2287 2183 467 2288
4619 6 2 1 1 2183 467 2288 2184 468 2289
4620 6 2 1 1 2184 468 2289 2185 469 2290
4621 6 2 1 1 2185 469 2290 2186 470 2291
4622 6 2 1 1 2186 470 2291 2187 471 2292
4623 6 2 1 1 2187 471 2292 2188 472 2293
4624 6 2 1 1 2188 472 2293 967 81 982
4625 6 2 1 1 322 337 338 2182 2287 2294
4626 6 2 1 1 2182 2287 2294 2183 2288 2295
4627 6 2 1 1 2183 2288 2295 2184 2289 2296
4628 6 2 1 1 2184 2289 2296 2185 2290 2297
4629 6 2 1 1 2185 2290 2297 2186 2291 2298
4630 6 2 1 1 2186 2291 2298 2187 2292 2299
4631 6 2 1 1 2187 2292 2299 2188 2293 2300
4632 6 2 1 1 2188 2293 2300 967 982 983
4633 6 2 1 1 338 323 322 2294 2189 2182
4634 6 2 1 1 2294 2189 2182 2295 2190 2183
4635 6 2 1 1 2295 2190 2183 2296 2191 2184
4636 6 2 1 1 2296 2191 2184 2297 2192 2185
4637 6 2 1 1 2297 2192 2185 2298 2193 2186
4638 6 2 1 1 2298 2193 2186 2299 2194 2187
4639 6 2 1 1 2299 2194 2187 2300 2195 2188
4640 6 2 1 1 2300 2195 2188 983 968 967
4641 6 2 1 1 323 338 324 2189 2294 2196
4642 6 2 1 1 2189 2294 2196 2190 2295 2197
4643 6 2 1 1 2190 2295 2197 2191 2296 2198
4644 6 2 1 1 2191 2296 2198 2192 2297 2199
4645 6 2 1 1 2192 2297 2199 2193 2298 2200
4646 6 2 1 1 2193 2298 2200 2194 2299 2201
4647 6 2 1 1 2194 2299 2201 2195 2300 2202
4648 6 2 1 1 2195 2300 2202 968 983 969
4649 6 2 1 1 324 338 339 2196 2294 2301
4650 6 2 1 1 2196 2294 2301 2197 2295 2302
4651 6 2 1 1 2197 2295 2302 2198 2296 2303
4652 6 2 1 1 2198 2296 2303 2199 2297 2304
4653 6 2 1 1 2199 2297 2304 2200 2298 2305
4654 6 2 1 1 2200 2298 2305 2201 2299 2306
4655 6 2 1 1 2201 2299 2306 2202 2300 2307
4656 6 2 1 1 2202 2300 2307 969 983 984
4657 6 2 1 1 324 339 340 2196 2301 2308
4658 6 2 1 1 2196 2301 2308 2197 2302 2309
4659 6 2 1 1 2197 2302 2309 2198 2303 2310
4660 6 2 1 1 2198 2303 2310 2199 2304 2311
4661 6 2 1 1 2199 2304 2311 2200 2305 2312
4662 6 2 1 1 2200 2305 2312 2201 2306 2313
4663 6 2 1 1 2201 2306 2313 2202 2307 2314
4664 6 2 1 1 2202 2307 2314 969 984 985
4665 6 2 1 1 340 325 324 2308 2203 2196
4666 6 2 1 1 2308 2203 2196 2309 2204 2197
4667 6 2 1 1 2309 2204 2197 2310 2205 2198
4668 6 2 1 1 2310 2205 2198 2311 2206 2199
4669 6 2 1 1 2311 2206 2199 2312 2207 2200
4670 6 2 1 1 2312 2207 2200 2313 2208 2201
4671 6 2 1 1 2313 2208 2201 2314 2209 2202
4672 6 2 1 1 2314 2209 2202 985 970 969
4673 6 2 1 1 325 340 326 2203 2308 2210
4674 6 2 1 1 2203 2308 2210 2204 2309 2211
4675 6 2 1 1 2204 2309 2211 2205 2310 2212
4676 6 2 1 1 2205 2310 2212 2206 2311 2213
4677 6 2 1 1 2206 2311 2213 2207 2312 2214
4678 6 2 1 1 2207 2312 2214 2208 2313 2215
4679 6 2 1 1 2208 2313 2215 2209 2314 2216
4680 6 2 1 1 2209 2314 2216 970 985 971
4681 6 2 1 1 326 340 341 2210 2308 2315
4682 6 2 1 1 2210 2308 2315 2211 2309 2316
4683 6 2 1 1 2211 2309 2316 2212 2310 2317
4684 6 2 1 1 2212 2310 2317 2213 2311 2318
4685 6 2 1 1 2213 2311 2318 2214 2312 2319
4686 6 2 1 1 2214 2312 2319 2215 2313 2320
4687 6 2 1 1 2215 2313 2320 2216 2314 2321
4688 6 2 1 1 2216 2314 2321 971 985 986
4689 6 2 1 1 326 341 342 2210 2315 2322
4690 6 2 1 1 2210 2315 2322 2211 2316 2323
4691 6 2 1 1 2211 2316 2323 2212 2317 2324
4692 6 2 1 1 2212 2317 2324 2213 2318 2325
4693 6 2 1 1 2213 2318 2325 2214 2319 2326
4694 6 2 1 1 2214 2319 2326 2215 2320 2327
4695 6 2 1 1 2215 2320 2327 2216 2321 2328
4696 6 2 1 1 2216 2321 2328 971 986 987
4697 6 2 1 1 342 327 326 2322 2217 2210
4698 6 2 1 1 2322 2217 2210 2323 2218 2211
4699 6 2 1 1 2323 2218 2211 2324 2219 2212
4700 6 2 1 1 2324 2219 2212 2325 2220 2213
4701 6 2 1 1 2325 2220 2213 2326 2221 2214
4702 6 2 1 1 2326 2221 2214 2327 2222 2215
4703 6 2 1 1 2327 2222 2215 2328 2223 2216
4704 6 2 1 1 2328 2223 2216 987 972 971
4705 6 2 1 1 327 342 328 2217 2322 2224
4706 6 2 1 1 2217 2322 2224 2218 2323 2225
4707 6 2 1 1 2218 2323 2225 2219 2324 2226
4708 6 2 1 1 2219 2324 2226 2220 2325 2227
4709 6 2 1 1 2220 2325 2227 2221 2326 2228
4710 6 2 1 1 2221 2326 2228 2222 2327 2229
4711 6 2 1 1 2222 2327 2229 2223 2328 2230
4712 6 2 1 1 2223 2328 2230 972 987 973
4713 6 2 1 1 328 342 343 2224 2322 2329
4714 6 2 1 1 2224 2322 2329 2225 2323 2330
4715 6 2 1 1 2225 2323 2330 2226 2324 2331
4716 6 2 1 1 2226 2324 2331 2227 2325 2332
4717 6 2 1 1 2227 2325 2332 2228 2326 2333
4718 6 2 1 1 2228 2326 2333 2229 2327 2334
4719 6 2 1 1 2229 2327 2334 2230 2328 2335
4720 6 2 1 1 2230 2328 2335 973 987 988
4721 6 2 1 1 328 343 344 2224 2329 2336
4722 6 2 1 1 2224 2329 2336 2225 2330 2337
4723 6 2 1 1 2225 2330 2337 2226 2331 2338
4724 6 2 1 1 2226 2331 2338 2227 2332 2339
4725 6 2 1 1 2227 2332 2339 2228 2333 2340
4726 6 2 1 1 2228 2333 2340 2229 2334 2341
4727 6 2 1 1 2229 2334 2341 2230 2335 2342
4728 6 2 1 1 2230 2335 2342 973 988 989
4729 6 2 1 1 344 329 328 2336 2231 2224
4730 6 2 1 1 2336 2231 2224 2337 2232 2225
4731 6 2 1 1 2337 2232 2225 2338 2233 2226
4732 6 2 1 1 2338 2233 2226 2339 2234 2227
4733 6 2 1 1 2339 2234 2227 2340 2235 2228
4734 6 2 1 1 2340 2235 2228 2341 2236 2229
4735 6 2 1 1 2341 2236 2229 2342 2237 2230
4736 6 2 1 1 2342 2237 2230 989 974 973
4737 6 2 1 1 329 344 330 2231 2336 2238
4738 6 2 1 1 2231 2336 2238 2232 2337 2239
4739 6 2 1 1 2232 2337 2239 2233 2338 2240
4740 6 2 1 1 2233 2338 2240 2234 2339 2241
4741 6 2 1 1 2234 2339 2241 2235 2340 2242
4742 6 2 1 1 2235 2340 2242 2236 2341 2243
4743 6 2 1 1 2236 2341 2243 2237 2342 2244
4744 6 2 1 1 2237 2342 2244 974 989 975
4745 6 2 1 1 330 344 345 2238 2336 2343
4746 6 2 1 1 2238 2336 2343 2239 2337 2344
4747 6 2 1 1 2239 2337 2344 2240 2338 2345
4748 6 2 1 1 2240 2338 2345 2241 2339 2346
4749 6 2 1 1 2241 2339 2346 2242 2340 2347
4750 6 2 1 1 2242 2340 2347 2243 2341 2348
4751 6 2 1 1 2243 2341 2348 2244 2342 2349
4752 6 2 1 1 2244 2342 2349 975 989 990
4753 6 2 1 1 330 345 346 2238 2343 2350
4754 6 2 1 1 2238 2343 2350 2239 2344 2351
4755 6 2 1 1 2239 2344 2351 2240 2345 2352
4756 6 2 1 1 2240 2345 2352 2241 2346 2353
4757 6 2 1 1 2241 2346 2353 2242 2347 2354
4758 6 2 1 1 2242 2347 2354 2243 2348 2355
4759 6 2 1 1 2243 2348 2355 2244 2349 2356
4760 6 2 1 1 2244 2349 2356 975 990 991
4761 6 2 1 1 346 331 330 2350 2245 2238
4762 6 2 1 1 2350 2245 2238 2351 2246 2239
4763 6 2 1 1 2351 2246 2239 2352 2247 2240
4764 6 2 1 1 2352 2247 2240 2353 2248 2241
4765 6 2 1 1 2353 2248 2241 2354 2249 2242
4766 6 2 1 1 2354 2249 2242 2355 2250 2243
4767 6 2 1 1 2355 2250 2243 2356 2251 2244
4768 6 2 1 1 2356 2251 2244 991 976 975
4769 6 2 1 1 331 346 332 2245 2350 2252
4770 6 2 1 1 2245 2350 2252 2246 2351 2253
4771 6 2 1 1 2246 2351 2253 2247 2352 2254
4772 6 2 1 1 2247 2352 2254 2248 2353 2255
4773 6 2 1 1 2248 2353 2255 2249 2354 2256
4774 6 2 1 1 2249 2354 2256 2250 2355 2257
4775 6 2 1 1 2250 2355 2257 2251 2356 2258
4776 6 2 1 1 2251 2356 2258 976 991 977
4777 6 2 1 1 332 346 347 2252 2350 2357
4778 6 2 1 1 2252 2350 2357 2253 2351 2358
4779 6 2 1 1 2253 2351 2358 2254 2352 2359
4780 6 2 1 1 2254 2352 2359 2255 2353 2360
4781 6 2 1 1 2255 2353 2360 2256 2354 2361
4782 6 2 1 1 2256 2354 2361 2257 2355 2362
4783 6 2 1 1 2257 2355 2362 2258 2356 2363
4784 6 2 1 1 2258 2356 2363 977 991 992
4785 6 2 1 1 332 347 348 2252 2357 2364
4786 6 2 1 1 2252 2357 2364 2253 2358 2365
4787 6 2 1 1 2253 2358 2365 2254 2359 2366
4788 6 2 1 1 2254 2359 2366 2255 2360 2367
4789 6 2 1 1 2255 2360 2367 2256 2361 2368
4790 6 2 1 1 2256 2361 2368 2257 2362 2369
4791 6 2 1 1 2257 2362 2369 2258 2363 2370
4792 6 2 1 1 2258 2363 2370 977 992 993
4793 6 2 1 1 348 333 332 2364 2259 2252
4794 6 2 1 1 2364 2259 2252 2365 2260 2253
4795 6 2 1 1 2365 2260 2253 2366 2261 2254
4796 6 2 1 1 2366 2261 2254 2367 2262 2255
4797 6 2 1 1 2367 2262 2255 2368 2263 2256
4798 6 2 1 1 2368 2263 2256 2369 2264 2257
4799 6 2 1 1 2369 2264 2257 2370 2265 2258
4800 6 2 1 1 2370 2265 2258 993 978 977
4801 6 2 1 1 333 348 334 2259 2364 2266
4802 6 2 1 1 2259 2364 2266 2260 2365 2267
4803 6 2 1 1 2260 2365 2267 2261 2366 2268
4804 6 2 1 1 2261 2366 2268 2262 2367 2269
4805 6 2 1 1 2262 2367 2269 2263 2368 2270
4806 6 2 1 1 2263 2368 2270 2264 2369 2271
4807 6 2 1 1 2264 2369 2271 2265 2370 2272
4808 6 2 1 1 2265 2370 2272 978 993 979
4809 6 2 1 1 334 348 349 2266 2364 2371
4810 6 2 1 1 2266 2364 2371 2267 2365 2372
4811 6 2 1 1 2267 2365 2372 2268 2366 2373
4812 6 2 1 1 2268 2366 2373 2269 2367 2374
4813 6 2 1 1 2269 2367 2374 2270 2368 2375
4814 6 2 1 1 2270 2368 2375 2271 2369 2376
4815 6 2 1 1 2271 2369 2376 2272 2370 2377
4816 6 2 1 1 2272 2370 2377 979 993 994
4817 6 2 1 1 334 349 350 2266 2371 2378
4818 6 2 1 1 2266 2371 2378 2267 2372 2379
4819 6 2 1 1 2267 2372 2379 2268 2373 2380
4820 6 2 1 1 2268 2373 2380 2269 2374 2381
4821 6 2 1 1 2269 2374 2381 2270 2375 2382
4822 6 2 1 1 2270 2375 2382 2271 2376 2383
4823 6 2 1 1 2271 2376 2383 2272 2377 2384
4824 6 2 1 1 2272 2377 2384 979 994 995
4825 6 2 1 1 350 335 334 2378 2273 2266
4826 6 2 1 1 2378 2273 2266 2379 2274 2267
4827 6 2 1 1 2379 2274 2267 2380 2275 2268
4828 6 2 1 1 2380 2275 2268 2381 2276 2269
4829 6 2 1 1 2381 2276 2269 2382 2277 2270
4830 6 2 1 1 2382 2277 2270 2383 2278 2271
4831 6 2 1 1 2383 2278 2271 2384 2279 2272
4832 6 2 1 1 2384 2279 2272 995 980 979
4833 6 2 1 1 335 350 336 2273 2378 2280
4834 6 2 1 1 2273 2378 2280 2274 2379 2281
4835 6 2 1 1 2274 2379 2281 2275 2380 2282
4836 6 2 1 1 2275 2380 2282 2276 2381 2283
4837 6 2 1 1 2276 2381 2283 2277 2382 2284
4838 6 2 1 1 2277 2382 2284 2278 2383 2285
4839 6 2 1 1 2278 2383 2285 2279 2384 2286
4840 6 2 1 1 2279 2384 2286 980 995 981
4841 6 2 1 1 336 350 351 2280 2378 2385
4842 6 2 1 1 2280 2378 2385 2281 2379 2386
4843 6 2 1 1 2281 2379 2386 2282 2380 2387
4844 6 2 1 1 2282 2380 2387 2283 2381 2388
4845 6 2 1 1 2283 2381 2388 2284 2382 2389
4846 6 2 1 1 2284 2382 2389 2285 2383 2390
4847 6 2 1 1 2285 2383 2390 2286 2384 2391
4848 6 2 1 1 2286 2384 2391 981 995 996
4849 6 2 1 1 336 351 41 2280 2385 606
4850 6 2 1 1 2280 2385 606 2281 2386 607
4851 6 2 1 1 2281 2386 607 2282 2387 608
4852 6 2 1 1 2282 2387 608 2283 2388 609
4853 6 2 1 1 2283 2388 609 2284 2389 610
4854 6 2 1 1 2284 2389 610 2285 2390 611
4855 6 2 1 1 2285 2390 611 2286 2391 612
4856 6 2 1 1 2286 2391 612 981 996 101
4857 6 2 1 1 41 42 336 606 613 2280
4858 6 2 1 1 606 613 2280 607 614 2281
4859 6 2 1 1 607 614 2281 608 615 2282
4860 6 2 1 1 608 615 2282 609 616 2283
4861 6 2 1 1 609 616 2283 610 617 2284
4862 6 2 1 1 610 617 2284 611 618 2285
4863 6 2 1 1 611 618 2285 612 619 2286
4864 6 2 1 1 612 619 2286 101 102 981
4865 6 2 1 1 21 22 352 466 473 2392
4866 6 2 1 1 466 473 2392 467 474 2393
4867 6 2 1 1 467 474 2393 468 475 2394
4868 6 2 1 1 468 475 2394 469 476 2395
4869 6 2 1 1 469 476 2395 470 477 2396
4870 6 2 1 1 470 477 2396 471 478 2397
4871 6 2 1 1 471 478 2397 472 479 2398
4872 6 2 1 1 472 479 2398 81 82 997
4873 6 2 1 1 352 337 21 2392 2287 466
4874 6 2 1 1 2392 2287 466 2393 2288 467
4875 6 2 1 1 2393 2288 467 2394 2289 468
4876 6 2 1 1 2394 2289 468 2395 2290 469
4877 6 2 1 1 2395 2290 469 2396 2291 470
4878 6 2 1 1 2396 2291 470 2397 2292 471
4879 6 2 1 1 2397 2292 471 2398 2293 472
4880 6 2 1 1 2398 2293 472 997 982 81
4881 6 2 1 1 337 352 338 2287 2392 2294
4882 6 2 1 1 2287 2392 2294 2288 2393 2295
4883 6 2 1 1 2288 2393 2295 2289 2394 2296
4884 6 2 1 1 2289 2394 2296 2290 2395 2297
4885 6 2 1 1 2290 2395 2297 2291 2396 2298
4886 6 2 1 1 2291 2396 2298 2292 2397 2299
4887 6 2 1 1 2292 2397 2299 2293 2398 2300
4888 6 2 1 1 2293 2398 2300 982 997 983
4889 6 2 1 1 338 352 353 2294 2392 2399
4890 6 2 1 1 2294 2392 2399 2295 2393 2400
4891 6 2 1 1 2295 2393 2400 2296 2394 2401
4892 6 2 1 1 2296 2394 2401 2297 2395 2402
4893 6 2 1 1 2297 2395 2402 2298 2396 2403
4894 6 2 1 1 2298 2396 2403 2299 2397 2404
4895 6 2 1 1 2299 2397 2404 2300 2398 2405
4896 6 2 1 1 2300 2398 2405 983 997 998
4897 6 2 1 1 338 353 354 2294 2399 2406
4898 6 2 1 1 2294 2399 2406 2295 2400 2407
4899 6 2 1 1 2295 2400 2407 2296 2401 2408
4900 6 2 1 1 2296 2401 2408 2297 2402 2409
4901 6 2 1 1 2297 2402 2409 2298 2403 2410
4902 6 2 1 1 2298 2403 2410 2299 2404 2411
4903 6 2 1 1 2299 2404 2411 2300 2405 2412
4904 6 2 1 1 2300 2405 2412 983 998 999
4905 6 2 1 1 354 339 338 2406 2301 2294
4906 6 2 1 1 2406 2301 2294 2407 2302 2295
4907 6 2 1 1 2407 2302 2295 2408 2303 2296
4908 6 2 1 1 2408 2303 2296 2409 2304 2297
4909 6 2 1 1 2409 2304 2297 2410 2305 2298
4910 6 2 1 1 2410 2305 2298 2411 2306 2299
4911 6 2 1 1 2411 2306 2299 2412 2307 2300
4912 6 2 1 1 2412 2307 2300 999 984 983
4913 6 2 1 1 339 354 340 2301 2406 2308
4914 6 2 1 1 2301 2406 2308 2302 2407 2309
4915 6 2 1 1 2302 2407 2309 2303 2408 2310
4916 6 2 1 1 2303 2408 2310 2304 2409 2311
4917 6 2 1 1 2304 2409 2311 2305 2410 2312
4918 6 2 1 1 2305 2410 2312 2306 2411 2313
4919 6 2 1 1 2306 2411 2313 2307 2412 2314
4920 6 2 1 1 2307 2412 2314 984 999 985
4921 6 2 1 1 340 354 355 2308 2406 2413
4922 6 2 1 1 2308 2406 2413 2309 2407 2414
4923 6 2 1 1 2309 2407 2414 2310 2408 2415
4924 6 2 1 1 2310 2408 2415 2311 2409 2416
4925 6 2 1 1 2311 2409 2416 2312 2410 2417
4926 6 2 1 1 2312 2410 2417 2313 2411 2418
4927 6 2 1 1 2313 2411 2418 2314 2412 2419
4928 6 2 1 1 2314 2412 2419 985 999 1000
4929 6 2 1 1 340 355 356 2308 2413 2420
4930 6 2 1 1 2308 2413 2420 2309 2414 2421
4931 6 2 1 1 2309 2414 2421 2310 2415 2422
4932 6 2 1 1 2310 2415 2422 2311 2416 2423
4933 6 2 1 1 2311 2416 2423 2312 2417 2424
4934 6 2 1 1 2312 2417 2424 2313 2418 2425
4935 6 2 1 1 2313 2418 2425 2314 2419 2426
4936 6 2 1 1 2314 2419 2426 985 1000 1001
4937 6 2 1 1 356 341 340 2420 2315 2308
4938 6 2 1 1 2420 2315 2308 2421 2316 2309
4939 6 2 1 1 2421 2316 2309 2422 2317 2310
4940 6 2 1 1 2422 2317 2310 2423 2318 2311
4941 6 2 1 1 2423 2318 2311 2424 2319 2312
4942 6 2 1 1 2424 2319 2312 2425 2320 2313
4943 6 2 1 1 2425 2320 2313 2426 2321 2314
4944 6 2 1 1 2426 2321 2314 1001 986 985
4945 6 2 1 1 341 356 342 2315 2420 2322
4946 6 2 1 1 2315 2420 2322 2316 2421 2323
4947 6 2 1 1 2316 2421 2323 2317 2422 2324
4948 6 2 1 1 2317 2422 2324 2318 2423 2325
4949 6 2 1 1 2318 2423 2325 2319 2424 2326
4950 6 2 1 1 2319 2424 2326 2320 2425 2327
4951 6 2 1 1 2320 2425 2327 2321 2426 2328
4952 6 2 1 1 2321 2426 2328 986 1001 987
4953 6 2 1 1 342 356 357 2322 2420 2427
4954 6 2 1 1 2322 2420 2427 2323 2421 2428
4955 6 2 1 1 2323 2421 2428 2324 2422 2429
4956 6 2 1 1 2324 2422 2429 2325 2423 2430
4957 6 2 1 1 2325 2423 2430 2326 2424 2431
4958 6 2 1 1 2326 2424 2431 2327 2425 2432
4959 6 2 1 1 2327 2425 2432 2328 2426 2433
4960 6 2 1 1 2328 2426 2433 987 1001 1002
4961 6 2 1 1 342 357 358 2322 2427 2434
4962 6 2 1 1 2322 2427 2434 2323 2428 2435
4963 6 2 1 1 2323 2428 2435 2324 2429 2436
4964 6 2 1 1 2324 2429 2436 2325 2430 2437
4965 6 2 1 1 2325 2430 2437 2326 2431 2438
4966 6 2 1 1 2326 2431 2438 2327 2432 2439
4967 6 2 1 1 2327 2432 2439 2328 2433 2440
4968 6 2 1 1 2328 2433 2440 987 1002 1003
4969 6 2 1 1 358 343 342 2434 2329 2322
4970 6 2 1 1 2434 2329 2322 2435 2330 2323
4971 6 2 1 1 2435 2330 2323 2436 2331 2324
4972 6 2 1 1 2436 2331 2324 2437 2332 2325
4973 6 2 1 1 2437 2332 2325 2438 2333 2326
4974 6 2 1 1 2438 2333 2326 2439 2334 2327
4975 6 2 1 1 2439 2334 2327 2440 2335 2328
4976 6 2 1 1 2440 2335 2328 1003 988 987
4977 6 2 1 1 343 358 344 2329 2434 2336
4978 6 2 1 1 2329 2434 2336 2330 2435 2337
4979 6 2 1 1 2330 2435 2337 2331 2436 2338
4980 6 2 1 1 2331 2436 2338 2332 2437 2339
4981 6 2 1 1 2332 2437 2339 2333 2438 2340
4982 6 2 1 1 2333 2438 2340 2334 2439 2341
4983 6 2 1 1 2334 2439 2341 2335 2440 2342
4984 6 2 1 1 2335 2440 2342 988 1003 989
4985 6 2 1 1 344 358 359 2336 2434 2441
4986 6 2 1 1 2336 2434 2441 2337 2435 2442
4987 6 2 1 1 2337 2435 2442 2338 2436 2443
4988 6 2 1 1 2338 2436 2443 2339 2437 2444
4989 6 2 1 1 2339 2437 2444 2340 2438 2445
4990 6 2 1 1 2340 2438 2445 2341 2439 2446
4991 6 2 1 1 2341 2439 2446 2342 2440 2447
4992 6 2 1 1 2342 2440 2447 989 1003 1004
4993 6 2 1 1 344 359 360 2336 2441 2448
4994 6 2 1 1 2336 2441 2448 2337 2442 2449
4995 6 2 1 1 2337 2442 2449 2338 2443 2450
4996 6 2 1 1 2338 2443 2450 2339 2444 2451
4997 6 2 1 1 2339 2444 2451 2340 2445 2452
4998 6 2 1 1 2340 2445 2452 2341 2446 2453
4999 6 2 1 1 2341 2446 2453 2342 2447 2454
5000 6 2 1 1 2342 2447 2454 989 1004 1005
5001 6 2 1 1 360 345 344 2448 2343 2336
5002 6 2 1 1 2448 2343 2336 2449 2344 2337
5003 6 2 1 1 2449 2344 2337 2450 2345 2338
5004 6 2 1 1 2450 2345 2338 2451 2346 2339
5005 6 2 1 1 2451 2346 2339 2452 2347 2340
5006 6 2 1 1 2452 2347 2340 2453 2348 2341
5007 6 2 1 1 2453 2348 2341 2454 2349 2342
5008 6 2 1 1 2454 2349 2342 1005 990 989
5009 6 2 1 1 345 360 346 2343 2448 2350
5010 6 2 1 1 2343 2448 2350 2344 2449 2351
5011 6 2 1 1 2344 2449 2351 2345 2450 2352
5012 6 2 1 1 2345 2450 2352 2346 2451 2353
5013 6 2 1 1 2346 2451 2353 2347 2452 2354
5014 6 2 1 1 2347 2452 2354 2348 2453 2355
5015 6 2 1 1 2348 2453 2355 2349 2454 2356
5016 6 2 1 1 2349 2454 2356 990 1005 991
5017 6 2 1 1 346 360 361 2350 2448 2455
5018 6 2 1 1 2350 2448 2455 2351 2449 2456
5019 6 2 1 1 2351 2449 2456 2352 2450 2457
5020 6 2 1 1 2352 2450 2457 2353 2451 2458
5021 6 2 1 1 2353 2451 2458 2354 2452 2459
5022 6 2 1 1 2354 2452 2459 2355 2453 2460
5023 6 2 1 1 2355 2453 2460 2356 2454 2461
5024 6 2 1 1 2356 2454 2461 991 1005 1006
5025 6 2 1 1 346 361 362 2350 2455 2462
5026 6 2 1 1 2350 2455 2462 2351 2456 2463
5027 6 2 1 1 2351 2456 2463 2352 2457 2464
5028 6 2 1 1 2352 2457 2464 2353 2458 2465
5029 6 2 1 1 2353 2458 2465 2354 2459 2466
5030 6 2 1 1 2354 2459 2466 2355 2460 2467
5031 6 2 1 1 2355 2460 2467 2356 2461 2468
5032 6 2 1 1 2356 2461 2468 991 1006 1007
5033 6 2 1 1 362 347 346 2462 2357 2350
5034 6 2 1 1 2462 2357 2350 2463 2358 2351
5035 6 2 1 1 2463 2358 2351 2464 2359 2352
5036 6 2 1 1 2464 2359 2352 2465 2360 2353
5037 6 2 1 1 2465 2360 2353 2466 2361 2354
5038 6 2 1 1 2466 2361 2354 2467 2362 2355
5039 6 2 1 1 2467 2362 2355 2468 2363 2356
5040 6 2 1 1 2468 2363 2356 1007 992 991
5041 6 2 1 1 347 362 348 2357 2462 2364
5042 6 2 1 1 2357 2462 2364 2358 2463 2365
5043 6 2 1 1 2358 2463 2365 2359 2464 2366
5044 6 2 1 1 2359 2464 2366 2360 2465 2367
5045 6 2 1 1 2360 2465 2367 2361 2466 2368
5046 6 2 1 1 2361 2466 2368 2362 2467 2369
5047 6 2 1 1 2362 2467 2369 2363 2468 2370
5048 6 2 1 1 2363 2468 2370 992 1007 993
5049 6 2 1 1 348 362 363 2364 2462 2469
5050 6 2 1 1 2364 2462 2469 2365 2463 2470
5051 6 2 1 1 2365 2463 2470 2366 2464 2471
5052 6 2 1 1 2366 2464 2471 2367 2465 2472
5053 6 2 1 1 2367 2465 2472 2368 2466 2473
5054 6 2 1 1 2368 2466 2473 2369 2467 2474
5055 6 2 1 1 2369 2467 2474 2370 2468 2475
5056 6 2 1 1 2370 2468 2475 993 1007 1008
5057 6 2 1 1 348 363 364 2364 2469 2476
5058 6 2 1 1 2364 2469 2476 2365 2470 2477
5059 6 2 1 1 2365 2470 2477 2366 2471 2478
5060 6 2 1 1 2366 2471 2478 2367 2472 2479
5061 6 2 1 1 2367 2472 2479 2368 2473 2480
5062 6 2 1 1 2368 2473 2480 2369 2474 2481
5063 6 2 1 1 2369 2474 2481 2370 2475 2482
5064 6 2 1 1 2370 2475 2482 993 1008 1009
5065 6 2 1 1 364 349 348 2476 2371 2364
5066 6 2 1 1 2476 2371 2364 2477 2372 2365
5067 6 2 1 1 2477 2372 2365 2478 2373 2366
5068 6 2 1 1 2478 2373 2366 2479 2374 2367
5069 6 2 1 1 2479 2374 2367 2480 2375 2368
5070 6 2 1 1 2480 2375 2368 2481 2376 2369
5071 6 2 1 1 2481 2376 2369 2482 2377 2370
5072 6 2 1 1 2482 2377 2370 1009 994 993
5073 6 2 1 1 349 364 350 2371 2476 2378
5074 6 2 1 1 2371 2476 2378 2372 2477 2379
5075 6 2 1 1 2372 2477 2379 2373 2478 2380
5076 6 2 1 1 2373 2478 2380 2374 2479 2381
5077 6 2 1 1 2374 2479 2381 2375 2480 2382
5078 6 2 1 1 2375 2480 2382 2376 2481 2383
5079 6 2 1 1 2376 2481 2383 2377 2482 2384
5080 6 2 1 1 2377 2482 2384 994 1009 995
5081 6 2 1 1 350 364 365 2378 2476 2483
5082 6 2 1 1 2378 2476 2483 2379 2477 2484
5083 6 2 1 1 2379 2477 2484 2380 2478 2485
5084 6 2 1 1 2380 2478 2485 2381 2479 2486
5085 6 2 1 1 2381 2479 2486 2382 2480 2487
5086 6 2 1 1 2382 2480 2487 2383 2481 2488
5087 6 2 1 1 2383 2481 2488 2384 2482 2489
5088 6 2 1 1 2384 2482 2489 995 1009 1010
5089 6 2 1 1 350 365 366 2378 2483 2490
5090 6 2 1 1 2378 2483 2490 2379 2484 2491
5091 6 2 1 1 2379 2484 2491 2380 2485 2492
5092 6 2 1 1 2380 2485 2492 2381 2486 2493
5093 6 2 1 1 2381 2486 2493 2382 2487 2494
5094 6 2 1 1 2382 2487 2494 2383 2488 2495
5095 6 2 1 1 2383 2488 2495 2384 2489 2496
5096 6 2 1 1 2384 2489 2496 995 1010 1011
5097 6 2 1 1 366 351 350 2490 2385 2378
5098 6 2 1 1 2490 2385 2378 2491 2386 2379
5099 6 2 1 1 2491 2386 2379 2492 2387 2380
5100 6 2 1 1 2492 2387 2380 2493 2388 2381
5101 6 2 1 1 2493 2388 2381 2494 2389 2382
5102 6 2 1 1 2494 2389 2382 2495 2390 2383
5103 6 2 1 1 2495 2390 2383 2496 2391 2384
5104 6 2 1 1 2496 2391 2384 1011 996 995
5105 6 2 1 1 351 366 41 2385 2490 606
5106 6 2 1 1 2385 2490 606 2386 2491 607
5107 6 2 1 1 2386 2491 607 2387 2492 608
5108 6 2 1 1 2387 2492 608 2388 2493 609
5109 6 2 1 1 2388 2493 609 2389 2494 610
5110 6 2 1 1 2389 2494 610 2390 2495 611
5111 6 2 1 1 2390 2495 611 2391 2496 612
5112 6 2 1 1 2391 2496 612 996 1011 101
5113 6 2 1 1 41 366 40 606 2490 599
5114 6 2 1 1 606 2490 599 607 2491 600
5115 6 2 1 1 607 2491 600 608 2492 601
5116 6 2 1 1 608 2492 601 609 2493 602
5117 6 2 1 1 609 2493 602 610 2494 603
5118 6 2 1 1 610 2494 603 611 2495 604
5119 6 2 1 1 611 2495 604 612 2496 605
5120 6 2 1 1 612 2496 605 101 1011 100
5121 6 2 1 1 22 23 352 473 480 2392
5122 6 2 1 1 473 480 2392 474 481 2393
5123 6 2 1 1 474 481 2393 475 482 2394
5124 6 2 1 1 475 482 2394 476 483 2395
5125 6 2 1 1 476 483 2395 477 484 2396
5126 6 2 1 1 477 484 2396 478 485 2397
5127 6 2 1 1 478 485 2397 479 486 2398
5128 6 2 1 1 479 486 2398 82 83 997
5129 6 2 1 1 352 23 367 2392 480 2497
5130 6 2 1 1 2392 480 2497 2393 481 2498
5131 6 2 1 1 2393 481 2498 2394 482 2499
5132 6 2 1 1 2394 482 2499 2395 483 2500
5133 6 2 1 1 2395 483 2500 2396 484 2501
5134 6 2 1 1 2396 484 2501 2397 485 2502
5135 6 2 1 1 2397 485 2502 2398 486 2503
5136 6 2 1 1 2398 486 2503 997 83 1012
5137 6 2 1 1 352 367 368 2392 2497 2504
5138 6 2 1 1 2392 2497 2504 2393 2498 2505
5139 6 2 1 1 2393 2498 2505 2394 2499 2506
5140 6 2 1 1 2394 2499 2506 2395 2500 2507
5141 6 2 1 1 2395 2500 2507 2396 2501 2508
5142 6 2 1 1 2396 2501 2508 2397 2502 2509
5143 6 2 1 1 2397 2502 2509 2398 2503 2510
5144 6 2 1 1 2398 2503 2510 997 1012 1013
5145 6 2 1 1 368 353 352 2504 2399 2392
5146 6 2 1 1 2504 2399 2392 2505 2400 2393
5147 6 2 1 1 2505 2400 2393 2506 2401 2394
5148 6 2 1 1 2506 2401 2394 2507 2402 2395
5149 6 2 1 1 2507 2402 2395 2508 2403 2396
5150 6 2 1 1 2508 2403 2396 2509 2404 2397
5151 6 2 1 1 2509 2404 2397 2510 2405 2398
5152 6 2 1 1 2510 2405 2398 1013 998 997
5153 6 2 1 1 353 368 354 2399 2504 2406
5154 6 2 1 1 2399 2504 2406 2400 2505 2407
5155 6 2 1 1 2400 2505 2407 2401 2506 2408
5156 6 2 1 1 2401 2506 2408 2402 2507 2409
5157 6 2 1 1 2402 2507 2409 2403 2508 2410
5158 6 2 1 1 2403 2508 2410 2404 2509 2411
5159 6 2 1 1 2404 2509 2411 2405 2510 2412
5160 6 2 1 1 2405 2510 2412 998 1013 999
5161 6 2 1 1 354 368 369 2406 2504 2511
5162 6 2 1 1 2406 2504 2511 2407 2505 2512
5163 6 2 1 1 2407 2505 2512 2408 2506 2513
5164 6 2 1 1 2408 2506 2513 2409 2507 2514
5165 6 2 1 1 2409 2507 2514 2410 2508 2515
5166 6 2 1 1 2410 2508 2515 2411 2509 2516
5167 6 2 1 1 2411 2509 2516 2412 2510 2517
5168 6 2 1 1 2412 2510 2517 999 1013 1014
5169 6 2 1 1 354 369 370 2406 2511 2518
5170 6 2 1 1 2406 2511 2518 2407 2512 2519
5171 6 2 1 1 2407 2512 2519 2408 2513 2520
5172 6 2 1 1 2408 2513 2520 2409 2514 2521
5173 6 2 1 1 2409 2514 2521 2410 2515 2522
5174 6 2 1 1 2410 2515 2522 2411 2516 2523
5175 6 2 1 1 2411 2516 2523 2412 2517 2524
5176 6 2 1 1 2412 2517 2524 999 1014 1015
5177 6 2 1 1 370 355 354 2518 2413 2406
5178 6 2 1 1 2518 2413 2406 2519 2414 2407
5179 6 2 1 1 2519 2414 2407 2520 2415 2408
5180 6 2 1 1 2520 2415 2408 2521 2416 2409
5181 6 2 1 1 2521 2416 2409 2522 2417 2410
5182 6 2 1 1 2522 2417 2410 2523 2418 2411
5183 6 2 1 1 2523 2418 2411 2524 2419 2412
5184 6 2 1 1 2524 2419 2412 1015 1000 999
5185 6 2 1 1 355 370 356 2413 2518 2420
5186 6 2 1 1 2413 2518 2420 2414 2519 2421
5187 6 2 1 1 2414 2519 2421 2415 2520 2422
5188 6 2 1 1 2415 2520 2422 2416 2521 2423
5189 6 2 1 1 2416 2521 2423 2417 2522 2424
5190 6 2 1 1 2417 2522 2424 2418 2523 2425
5191 6 2 1 1 2418 2523 2425 2419 2524 2426
5192 6 2 1 1 2419 2524 2426 1000 1015 1001
5193 6 2 1 1 356 370 371 2420 2518 2525
5194 6 2 1 1 2420 2518 2525 2421 2519 2526
5195 6 2 1 1 2421 2519 2526 2422 2520 2527
5196 6 2 1 1 2422 2520 2527 2423 2521 2528
5197 6 2 1 1 2423 2521 2528 2424 2522 2529
5198 6 2 1 1 2424 2522 2529 2425 2523 2530
5199 6 2 1 1 2425 2523 2530 2426 2524 2531
5200 6 2 1 1 2426 2524 2531 1001 1015 1016
5201 6 2 1 1 356 371 372 2420 2525 2532
5202 6 2 1 1 2420 2525 2532 2421 2526 2533
5203 6 2 1 1 2421 2526 2533 2422 2527 2534
5204 6 2 1 1 2422 2527 2534 2423 2528 2535
5205 6 2 1 1 2423 2528 2535 2424 2529 2536
5206 6 2 1 1 2424 2529 2536 2425 2530 2537
5207 6 2 1 1 2425 2530 2537 2426 2531 2538
5208 6 2 1 1 2426 2531 2538 1001 1016 1017
5209 6 2 1 1 372 357 356 2532 2427 2420
5210 6 2 1 1 2532 2427 2420 2533 2428 2421
5211 6 2 1 1 2533 2428 2421 2534 2429 2422
5212 6 2 1 1 2534 2429 2422 2535 2430 2423
5213 6 2 1 1 2535 2430 2423 2536 2431 2424
5214 6 2 1 1 2536 2431 2424 2537 2432 2425
5215 6 2 1 1 2537 2432 2425 2538 2433 2426
5216 6 2 1 1 2538 2433 2426 1017 1002 1001
5217 6 2 1 1 357 372 358 2427 2532 2434
5218 6 2 1 1 2427 2532 2434 2428 2533 2435
5219 6 2 1 1 2428 2533 2435 2429 2534 2436
5220 6 2 1 1 2429 2534 2436 2430 2535 2437
5221 6 2 1 1 2430 2535 2437 2431 2536 2438
5222 6 2 1 1 2431 2536 2438 2432 2537 2439
5223 6 2 1 1 2432 2537 2439 2433 2538 2440
5224 6 2 1 1 2433 2538 2440 1002 1017 1003
5225 6 2 1 1 358 372 373 2434 2532 2539
5226 6 2 1 1 2434 2532 2539 2435 2533 2540
5227 6 2 1 1 2435 2533 2540 2436 2534 2541
5228 6 2 1 1 2436 2534 2541 2437 2535 2542
5229 6 2 1 1 2437 2535 2542 2438 2536 2543
5230 6 2 1 1 2438 2536 2543 2439 2537 2544
5231 6 2 1 1 2439 2537 2544 2440 2538 2545
5232 6 2 1 1 2440 2538 2545 1003 1017 1018
5233 6 2 1 1 358 373 374 2434 2539 2546
5234 6 2 1 1 2434 2539 2546 2435 2540 2547
5235 6 2 1 1 2435 2540 2547 2436 2541 2548
5236 6 2 1 1 2436 2541 2548 2437 2542 2549
5237 6 2 1 1 2437 2542 2549 2438 2543 2550
5238 6 2 1 1 2438 2543 2550 2439 2544 2551
5239 6 2 1 1 2439 2544 2551 2440 2545 2552
5240 6 2 1 1 2440 2545 2552 1003 1018 1019
5241 6 2 1 1 374 359 358 2546 2441 2434
5242 6 2 1 1 2546 2441 2434 2547 2442 2435
5243 6 2 1 1 2547 2442 2435 2548 2443 2436
5244 6 2 1 1 2548 2443 2436 2549 2444 2437
5245 6 2 1 1 2549 2444 2437 2550 2445 2438
5246 6 2 1 1 2550 2445 2438 2551 2446 2439
5247 6 2 1 1 2551 2446 2439 2552 2447 2440
5248 6 2 1 1 2552 2447 2440 1019 1004 1003
5249 6 2 1 1 359 374 360 2441 2546 2448
5250 6 2 1 1 2441 2546 2448 2442 2547 2449
5251 6 2 1 1 2442 2547 2449 2443 2548 2450
5252 6 2 1 1 2443 2548 2450 2444 2549 2451
5253 6 2 1 1 2444 2549 2451 2445 2550 2452
5254 6 2 1 1 2445 2550 2452 2446 2551 2453
5255 6 2 1 1 2446 2551 2453 2447 2552 2454
5256 6 2 1 1 2447 2552 2454 1004 1019 1005
5257 6 2 1 1 360 374 375 2448 2546 2553
5258 6 2 1 1 2448 2546 2553 2449 2547 2554
5259 6 2 1 1 2449 2547 2554 2450 2548 2555
5260 6 2 1 1 2450 2548 2555 2451 2549 2556
5261 6 2 1 1 2451 2549 2556 2452 2550 2557
5262 6 2 1 1 2452 2550 2557 2453 2551 2558
5263 6 2 1 1 2453 2551 2558 2454 2552 2559
5264 6 2 1 1 2454 2552 2559 1005 1019 1020
5265 6 2 1 1 360 375 376 2448 2553 2560
5266 6 2 1 1 2448 2553 2560 2449 2554 2561
5267 6 2 1 1 2449 2554 2561 2450 2555 2562
5268 6 2 1 1 2450 2555 2562 2451 2556 2563
5269 6 2 1 1 2451 2556 2563 2452 2557 2564
5270 6 2 1 1 2452 2557 2564 2453 2558 2565
5271 6 2 1 1 2453 2558 2565 2454 2559 2566
5272 6 2 1 1 2454 2559 2566 1005 1020 1021
5273 6 2 1 1 376 361 360 2560 2455 2448
5274 6 2 1 1 2560 2455 2448 2561 2456 2449
5275 6 2 1 1 2561 2456 2449 2562 2457 2450
5276 6 2 1 1 2562 2457 2450 2563 2458 2451
5277 6 2 1 1 2563 2458 2451 2564 2459 2452
5278 6 2 1 1 2564 2459 2452 2565 2460 2453
5279 6 2 1 1 2565 2460 2453 2566 2461 2454
5280 6 2 1 1 2566 2461 2454 1021 1006 1005
5281 6 2 1 1 361 376 362 2455 2560 2462
5282 6 2 1 1 2455 2560 2462 2456 2561 2463
5283 6 2 1 1 2456 2561 2463 2457 2562 2464
5284 6 2 1 1 2457 2562 2464 2458 2563 2465
5285 6 2 1 1 2458 2563 2465 2459 2564 2466
5286 6 2 1 1 2459 2564 2466 2460 2565 2467
5287 6 2 1 1 2460 2565 2467 2461 2566 2468
5288 6 2 1 1 2461 2566 2468 1006 1021 1007
5289 6 2 1 1 362 376 377 2462 2560 2567
5290 6 2 1 1 2462 2560 2567 2463 2561 2568
5291 6 2 1 1 2463 2561 2568 2464 2562 2569
5292 6 2 1 1 2464 2562 2569 2465 2563 2570
5293 6 2 1 1 2465 2563 2570 2466 2564 2571
5294 6 2 1 1 2466 2564 2571 2467 2565 2572
5295 6 2 1 1 2467 2565 2572 2468 2566 2573
5296 6 2 1 1 2468 2566 2573 1007 1021 1022
5297 6 2 1 1 362 377 378 2462 2567 2574
5298 6 2 1 1 2462 2567 2574 2463 2568 2575
5299 6 2 1 1 2463 2568 2575 2464 2569 2576
5300 6 2 1 1 2464 2569 2576 2465 2570 2577
5301 6 2 1 1 2465 2570 2577 2466 2571 2578
5302 6 2 1 1 2466 2571 2578 2467 2572 2579
5303 6 2 1 1 2467 2572 2579 2468 2573 2580
5304 6 2 1 1 2468 2573 2580 1007 1022 1023
5305 6 2 1 1 378 363 362 2574 2469 2462
5306 6 2 1 1 2574 2469 2462 2575 2470 2463
5307 6 2 1 1 2575 2470 2463 2576 2471 2464
5308 6 2 1 1 2576 2471 2464 2577 2472 2465
5309 6 2 1 1 2577 2472 2465 2578 2473 2466
5310 6 2 1 1 2578 2473 2466 2579 2474 2467
5311 6 2 1 1 2579 2474 2467 2580 2475 2468
5312 6 2 1 1 2580 2475 2468 1023 1008 1007
5313 6 2 1 1 363 378 364 2469 2574 2476
5314 6 2 1 1 2469 2574 2476 2470 2575 2477
5315 6 2 1 1 2470 2575 2477 2471 2576 2478
5316 6 2 1 1 2471 2576 2478 2472 2577 2479
5317 6 2 1 1 2472 2577 2479 2473 2578 2480
5318 6 2 1 1 2473 2578 2480 2474 2579 2481
5319 6 2 1 1 2474 2579 2481 2475 2580 2482
5320 6 2 1 1 2475 2580 2482 1008 1023 1009
5321 6 2 1 1 364 378 379 2476 2574 2581
5322 6 2 1 1 2476 2574 2581 2477 2575 2582
5323 6 2 1 1 2477 2575 2582 2478 2576 2583
5324 6 2 1 1 2478 2576 2583 2479 2577 2584
5325 6 2 1 1 2479 2577 2584 2480 2578 2585
5326 6 2 1 1 2480 2578 2585 2481 2579 2586
5327 6 2 1 1 2481 2579 2586 2482 2580 2587
5328 6 2 1 1 2482 2580 2587 1009 1023 1024
5329 6 2 1 1 364 379 380 2476 2581 2588
5330 6 2 1 1 2476 2581 2588 2477 2582 2589
5331 6 2 1 1 2477 2582 2589 2478 2583 2590
5332 6 2 1 1 2478 2583 2590 2479 2584 2591
5333 6 2 1 1 2479 2584 2591 2480 2585 2592
5334 6 2 1 1 2480 2585 2592 2481 2586 2593
5335 6 2 1 1 2481 2586 2593 2482 2587 2594
5336 6 2 1 1 2482 2587 2594 1009 1024 1025
5337 6 2 1 1 380 365 364 2588 2483 2476
5338 6 2 1 1 2588 2483 2476 2589 2484 2477
5339 6 2 1 1 2589 2484 2477 2590 2485 2478
5340 6 2 1 1 2590 2485 2478 2591 2486 2479
5341 6 2 1 1 2591 2486 2479 2592 2487 2480
5342 6 2 1 1 2592 2487 2480 2593 2488 2481
5343 6 2 1 1 2593 2488 2481 2594 2489 2482
5344 6 2 1 1 2594 2489 2482 1025 1010 1009
5345 6 2 1 1 365 380 366 2483 2588 2490
5346 6 2 1 1 2483 2588 2490 2484 2589 2491
5347 6 2 1 1 2484 2589 2491 2485 2590 2492
5348 6 2 1 1 2485 2590 2492 2486 2591 2493
5349 6 2 1 1 2486 2591 2493 2487 2592 2494
5350 6 2 1 1 2487 2592 2494 2488 2593 2495
5351 6 2 1 1 2488 2593 2495 2489 2594 2496
5352 6 2 1 1 2489 2594 2496 1010 1025 1011
5353 6 2 1 1 366 380 381 2490 2588 2595
5354 6 2 1 1 2490 2588 2595 2491 2589 2596
5355 6 2 1 1 2491 2589 2596 2492 2590 2597
5356 6 2 1 1 2492 2590 2597 2493 2591 2598
5357 6 2 1 1 2493 2591 2598 2494 2592 2599
5358 6 2 1 1 2494 2592 2599 2495 2593 2600
5359 6 2 1 1 2495 2593 2600 2496 2594 2601
5360 6 2 1 1 2496 2594 2601 1011 1025 1026
5361 6 2 1 1 366 381 39 2490 2595 592
5362 6 2 1 1 2490 2595 592 2491 2596 593
5363 6 2 1 1 2491 2596 593 2492 2597 594
5364 6 2 1 1 2492 2597 594 2493 2598 595
5365 6 2 1 1 2493 2598 595 2494 2599 596
5366 6 2 1 1 2494 2599 596 2495 2600 597
5367 6 2 1 1 2495 2600 597 2496 2601 598
5368 6 2 1 1 2496 2601 598 1011 1026 99
5369 6 2 1 1 39 40 366 592 599 2490
5370 6 2 1 1 592 599 2490 593 600 2491
5371 6 2 1 1 593 600 2491 594 601 2492
5372 6 2 1 1 594 601 2492 595 602 2493
5373 6 2 1 1 595 602 2493 596 603 2494
5374 6 2 1 1 596 603 2494 597 604 2495
5375 6 2 1 1 597 604 2495 598 605 2496
5376 6 2 1 1 598 605 2496 99 100 1011
5377 6 2 1 1 23 2 24 480 136 487
5378 6 2 1 1 480 136 487 481 137 488
5379 6 2 1 1 481 137 488 482 138 489
5380 6 2 1 1 482 138 489 483 139 490
5381 6 2 1 1 483 139 490 484 140 491
5382 6 2 1 1 484 140 491 485 141 492
5383 6 2 1 1 485 141 492 486 142 493
5384 6 2 1 1 486 142 493 83 6 84
5385 6 2 1 1 24 367 23 487 2497 480
5386 6 2 1 1 487 2497 480 488 2498 481
5387 6 2 1 1 488 2498 481 489 2499 482
5388 6 2 1 1 489 2499 482 490 2500 483
5389 6 2 1 1 490 2500 483 491 2501 484
5390 6 2 1 1 491 2501 484 492 2502 485
5391 6 2 1 1 492 2502 485 493 2503 486
5392 6 2 1 1 493 2503 486 84 1012 83
5393 6 2 1 1 367 24 368 2497 487 2504
5394 6 2 1 1 2497 487 2504 2498 488 2505
5395 6 2 1 1 2498 488 2505 2499 489 2506
5396 6 2 1 1 2499 489 2506 2500 490 2507
5397 6 2 1 1 2500 490 2507 2501 491 2508
5398 6 2 1 1 2501 491 2508 2502 492 2509
5399 6 2 1 1 2502 492 2509 2503 493 2510
5400 6 2 1 1 2503 493 2510 1012 84 1013
5401 6 2 1 1 368 24 25 2504 487 494
5402 6 2 1 1 2504 487 494 2505 488 495
5403 6 2 1 1 2505 488 495 2506 489 496
5404 6 2 1 1 2506 489 496 2507 490 497
5405 6 2 1 1 2507 490 497 2508 491 498
5406 6 2 1 1 2508 491 498 2509 492 499
5407 6 2 1 1 2509 492 499 2510 493 500
5408 6 2 1 1 2510 493 500 1013 84 85
5409 6 2 1 1 368 25 26 2504 494 501
5410 6 2 1 1 2504 494 501 2505 495 502
5411 6 2 1 1 2505 495 502 2506 496 503
5412 6 2 1 1 2506 496 503 2507 497 504
5413 6 2 1 1 2507 497 504 2508 498 505
5414 6 2 1 1 2508 498 505 2509 499 506
5415 6 2 1 1 2509 499 506 2510 500 507
5416 6 2 1 1 2510 500 507 1013 85 86
5417 6 2 1 1 26 369 368 501 2511 2504
5418 6 2 1 1 501 2511 2504 502 2512 2505
5419 6 2 1 1 502 2512 2505 503 2513 2506
5420 6 2 1 1 503 2513 2506 504 2514 2507
5421 6 2 1 1 504 2514 2507 505 2515 2508
5422 6 2 1 1 505 2515 2508 506 2516 2509
5423 6 2 1 1 506 2516 2509 507 2517 2510
5424 6 2 1 1 507 2517 2510 86 1014 1013
5425 6 2 1 1 369 26 370 2511 501 2518
5426 6 2 1 1 2511 501 2518 2512 502 2519
5427 6 2 1 1 2512 502 2519 2513 503 2520
5428 6 2 1 1 2513 503 2520 2514 504 2521
5429 6 2 1 1 2514 504 2521 2515 505 2522
5430 6 2 1 1 2515 505 2522 2516 506 2523
5431 6 2 1 1 2516 506 2523 2517 507 2524
5432 6 2 1 1 2517 507 2524 1014 86 1015
5433 6 2 1 1 370 26 27 2518 501 508
5434 6 2 1 1 2518 501 508 2519 502 509
5435 6 2 1 1 2519 502 509 2520 503 510
5436 6 2 1 1 2520 503 510 2521 504 511
5437 6 2 1 1 2521 504 511 2522 505 512
5438 6 2 1 1 2522 505 512 2523 506 513
5439 6 2 1 1 2523 506 513 2524 507 514
5440 6 2 1 1 2524 507 514 1015 86 87
5441 6 2 1 1 370 27 28 2518 508 515
5442 6 2 1 1 2518 508 515 2519 509 516
5443 6 2 1 1 2519 509 516 2520 510 517
5444 6 2 1 1 2520 510 517 2521 511 518
5445 6 2 1 1 2521 511 518 2522 512 519
5446 6 2 1 1 2522 512 519 2523 513 520
5447 6 2 1 1 2523 513 520 2524 514 521
5448 6 2 1 1 2524 514 521 1015 87 88
5449 6 2 1 1 28 371 370 515 2525 2518
5450 6 2 1 1 515 2525 2518 516 2526 2519
5451 6 2 1 1 516 2526 2519 517 2527 2520
5452 6 2 1 1 517 2527 2520 518 2528 2521
5453 6 2 1 1 518 2528 2521 519 2529 2522
5454 6 2 1 1 519 2529 2522 520 2530 2523
5455 6 2 1 1 520 2530 2523 521 2531 2524
5456 6 2 1 1 521 2531 2524 88 1016 1015
5457 6 2 1 1 371 28 372 2525 515 2532
5458 6 2 1 1 2525 515 2532 2526 516 2533
5459 6 2 1 1 2526 516 2533 2527 517 2534
5460 6 2 1 1 2527 517 2534 2528 518 2535
5461 6 2 1 1 2528 518 2535 2529 519 2536
5462 6 2 1 1 2529 519 2536 2530 520 2537
5463 6 2 1 1 2530 520 2537 2531 521 2538
5464 6 2 1 1 2531 521 2538 1016 88 1017
5465 6 2 1 1 372 28 29 2532 515 522
5466 6 2 1 1 2532 515 522 2533 516 523
5467 6 2 1 1 2533 516 523 2534 517 524
5468 6 2 1 1 2534 517 524 2535 518 525
5469 6 2 1 1 2535 518 525 2536 519 526
5470 6 2 1 1 2536 519 526 2537 520 527
5471 6 2 1 1 2537 520 527 2538 521 528
5472 6 2 1 1 2538 521 528 1017 88 89
5473 6 2 1 1 372 29 30 2532 522 529
5474 6 2 1 1 2532 522 529 2533 523 530
5475 6 2 1 1 2533 523 530 2534 524 531
5476 6 2 1 1 2534 524 531 2535 525 532
5477 6 2 1 1 2535 525 532 2536 526 533
5478 6 2 1 1 2536 526 533 2537 527 534
5479 6 2 1 1 2537 527 534 2538 528 535
5480 6 2 1 1 2538 528 535 1017 89 90
5481 6 2 1 1 30 373 372 529 2539 2532
5482 6 2 1 1 529 2539 2532 530 2540 2533
5483 6 2 1 1 530 2540 2533 531 2541 2534
5484 6 2 1 1 531 2541 2534 532 2542 2535
5485 6 2 1 1 532 2542 2535 533 2543 2536
5486 6 2 1 1 533 2543 2536 534 2544 2537
5487 6 2 1 1 534 2544 2537 535 2545 2538
5488 6 2 1 1 535 2545 2538 90 1018 1017
5489 6 2 1 1 373 30 374 2539 529 2546
5490 6 2 1 1 2539 529 2546 2540 530 2547
5491 6 2 1 1 2540 530 2547 2541 531 2548
5492 6 2 1 1 2541 531 2548 2542 532 2549
5493 6 2 1 1 2542 532 2549 2543 533 2550
5494 6 2 1 1 2543 533 2550 2544 534 2551
5495 6 2 1 1 2544 534 2551 2545 535 2552
5496 6 2 1 1 2545 535 2552 1018 90 1019
5497 6 2 1 1 374 30 31 2546 529 536
5498 6 2 1 1 2546 529 536 2547 530 537
5499 6 2 1 1 2547 530 537 2548 531 538
5500 6 2 1 1 2548 531 538 2549 532 539
5501 6 2 1 1 2549 532 539 2550 533 540
5502 6 2 1 1 2550 533 540 2551 534 541
5503 6 2 1 1 2551 534 541 2552 535 542
5504 6 2 1 1 2552 535 542 1019 90 91
5505 6 2 1 1 374 31 32 2546 536 543
5506 6 2 1 1 2546 536 543 2547 537 544
5507 6 2 1 1 2547 537 544 2548 538 545
5508 6 2 1 1 2548 538 545 2549 539 546
5509 6 2 1 1 2549 539 546 2550 540 547
5510 6 2 1 1 2550 540 547 2551 541 548
5511 6 2 1 1 2551 541 548 2552 542 549
5512 6 2 1 1 2552 542 549 1019 91 92
5513 6 2 1 1 32 375 374 543 2553 2546
5514 6 2 1 1 543 2553 2546 544 2554 2547
5515 6 2 1 1 544 2554 2547 545 2555 2548
5516 6 2 1 1 545 2555 2548 546 2556 2549
5517 6 2 1 1 546 2556 2549 547 2557 2550
5518 6 2 1 1 547 2557 2550 548 2558 2551
5519 6 2 1 1 548 2558 2551 549 2559 2552
5520 6 2 1 1 549 2559 2552 92 1020 1019
5521 6 2 1 1 375 32 376 2553 543 2560
5522 6 2 1 1 2553 543 2560 2554 544 2561
5523 6 2 1 1 2554 544 2561 2555 545 2562
5524 6 2 1 1 2555 545 2562 2556 546 2563
5525 6 2 1 1 2556 546 2563 2557 547 2564
5526 6 2 1 1 2557 547 2564 2558 548 2565
5527 6 2 1 1 2558 548 2565 2559 549 2566
5528 6 2 1 1 2559 549 2566 1020 92 1021
5529 6 2 1 1 376 32 33 2560 543 550
5530 6 2 1 1 2560 543 550 2561 544 551
5531 6 2 1 1 2561 544 551 2562 545 552
5532 6 2 1 1 2562 545 552 2563 546 553
5533 6 2 1 1 2563 546 553 2564 547 554
5534 6 2 1 1 2564 547 554 2565 548 555
5535 6 2 1 1 2565 548 555 2566 549 556
5536 6 2 1 1 2566 549 556 1021 92 93
5537 6 2 1 1 376 33 34 2560 550 557
5538 6 2 1 1 2560 550 557 2561 551 558
5539 6 2 1 1 2561 551 558 2562 552 559
5540 6 2 1 1 2562 552 559 2563 553 560
5541 6 2 1 1 2563 553 560 2564 554 561
5542 6 2 1 1 2564 554 561 2565 555 562
5543 6 2 1 1 2565 555 562 2566 556 563
5544 6 2 1 1 2566 556 563 1021 93 94
5545 6 2 1 1 34 377 376 557 2567 2560
5546 6 2 1 1 557 2567 2560 558 2568 2561
5547 6 2 1 1 558 2568 2561 559 2569 2562
5548 6 2 1 1 559 2569 2562 560 2570 2563
5549 6 2 1 1 560 2570 2563 561 2571 2564
5550 6 2 1 1 561 2571 2564 562 2572 2565
5551 6 2 1 1 562 2572 2565 563 2573 2566
5552 6 2 1 1 563 2573 2566 94 1022 1021
5553 6 2 1 1 377 34 378 2567 557 2574
5554 6 2 1 1 2567 557 2574 2568 558 2575
5555 6 2 1 1 2568 558 2575 2569 559 2576
5556 6 2 1 1 2569 559 2576 2570 560 2577
5557 6 2 1 1 2570 560 2577 2571 561 2578
5558 6 2 1 1 2571 561 2578 2572 562 2579
5559 6 2 1 1 2572 562 2579 2573 563 2580
5560 6 2 1 1 2573 563 2580 1022 94 1023
5561 6 2 1 1 378 34 35 2574 557 564
5562 6 2 1 1 2574 557 564 2575 558 565
5563 6 2 1 1 2575 558 565 2576 559 566
5564 6 2 1 1 2576 559 566 2577 560 567
5565 6 2 1 1 2577 560 567 2578 561 568
5566 6 2 1 1 2578 561 568 2579 562 569
5567 6 2 1 1 2579 562 569 2580 563 570
5568 6 2 1 1 2580 563 570 1023 94 95
5569 6 2 1 1 378 35 36 2574 564 571
5570 6 2 1 1 2574 564 571 2575 565 572
5571 6 2 1 1 2575 565 572 2576 566 573
5572 6 2 1 1 2576 566 573 2577 567 574
5573 6 2 1 1 2577 567 574 2578 568 575
5574 6 2 1 1 2578 568 575 2579 569 576
5575 6 2 1 1 2579 569 576 2580 570 577
5576 6 2 1 1 2580 570 577 1023 95 96
5577 6 2 1 1 36 379 378 571 2581 2574
5578 6 2 1 1 571 2581 2574 572 2582 2575
5579 6 2 1 1 572 2582 2575 573 2583 2576
5580 6 2 1 1 573 2583 2576 574 2584 2577
5581 6 2 1 1 574 2584 2577 575 2585 2578
5582 6 2 1 1 575 2585 2578 576 2586 2579
5583 6 2 1 1 576 2586 2579 577 2587 2580
5584 6 2 1 1 577 2587 2580 96 1024 1023
5585 6 2 1 1 379 36 380 2581 571 2588
5586 6 2 1 1 2581 571 2588 2582 572 2589
5587 6 2 1 1 2582 572 2589 2583 573 2590
5588 6 2 1 1 2583 573 2590 2584 574 2591
5589 6 2 1 1 2584 574 2591 2585 575 2592
5590 6 2 1 1 2585 575 2592 2586 576 2593
5591 6 2 1 1 2586 576 2593 2587 577 2594
5592 6 2 1 1 2587 577 2594 1024 96 1025
5593 6 2 1 1 380 36 37 2588 571 578
5594 6 2 1 1 2588 571 578 2589 572 579
5595 6 2 1 1 2589 572 579 2590 573 580
5596 6 2 1 1 2590 573 580 2591 574 581
5597 6 2 1 1 2591 574 581 2592 575 582
5598 6 2 1 1 2592 575 582 2593 576 583
5599 6 2 1 1 2593 576 583 2594 577 584
5600 6 2 1 1 2594 577 584 1025 96 97
5601 6 2 1 1 380 37 38 2588 578 585
5602 6 2 1 1 2588 578 585 2589 579 586
5603 6 2 1 1 2589 579 586 2590 580 587
5604 6 2 1 1 2590 580 587 2591 581 588
5605 6 2 1 1 2591 581 588 2592 582 589
5606 6 2 1 1 2592 582 589 2593 583 590
5607 6 2 1 1 2593 583 590 2594 584 591
5608 6 2 1 1 2594 584 591 1025 97 98
5609 6 2 1 1 38 381 380 585 2595 2588
5610 6 2 1 1 585 2595 2588 586 2596 2589
5611 6 2 1 1 586 2596 2589 587 2597 2590
5612 6 2 1 1 587 2597 2590 588 2598 2591
5613 6 2 1 1 588 2598 2591 589 2599 2592
5614 6 2 1 1 589 2599 2592 590 2600 2593
5615 6 2 1 1 590 2600 2593 591 2601 2594
5616 6 2 1 1 591 2601 2594 98 1026 1025
5617 6 2 1 1 381 38 39 2595 585 592
5618 6 2 1 1 2595 585 592 2596 586 593
5619 6 2 1 1 2596 586 593 2597 587 594
5620 6 2 1 1 2597 587 594 2598 588 595
5621 6 2 1 1 2598 588 595 2599 589 596
5622 6 2 1 1 2599 589 596 2600 590 597
5623 6 2 1 1 2600 590 597 2601 591 598
5624 6 2 1 1 2601 591 598 1026 98 99
5625 6 2 1 1 39 38 3 592 585 143
5626 6 2 1 1 592 585 143 593 586 144
5627 6 2 1 1 593 586 144 594 587 145
5628 6 2 1 1 594 587 145 595 588 146
5629 6 2 1 1 595 588 146 596 589 147
5630 6 2 1 1 596 589 147 597 590 148
5631 6 2 1 1 597 590 148 598 591 149
5632 6 2 1 1 598 591 149 99 98 7
$EndElements
